row_number, computation, coverage
1,1873872,1716,
2,1873872,1716,
3,1873872,1716,
4,1873872,1716,
5,1873872,1716,
6,1873872,1716,
7,1873872,1716,
8,1873872,1716,
9,1873872,1716,
10,1873872,1716,
11,1873872,1716,
12,1873872,1715,
13,1873872,1716,
14,1873872,1716,
15,1873872,1716,
16,1873872,1716,
17,1873872,1716,
18,1873872,1715,
19,1873872,1715,
20,1873872,1714,
21,1873872,1714,
22,1873872,1715,
23,1873872,1713,
24,1873872,1716,
25,1873872,1711,
26,1873872,1715,
27,1873872,1711,
28,1873872,1713,
29,1873872,1715,
30,1873872,1703,
31,1873872,1705,
32,1873872,1706,
33,1873872,1714,
34,1873872,1709,
35,1873872,1706,
36,1873872,1703,
37,1873872,1704,
38,1873872,1710,
39,1873872,1700,
40,1873872,1706,
41,1873872,1705,
42,1873872,1694,
43,1873872,1698,
44,1873872,1693,
45,1873872,1695,
46,1873872,1704,
47,1873872,1694,
48,1873872,1696,
49,1873872,1699,
50,1873872,1699,
51,1873872,1698,
52,1873872,1700,
53,1873872,1696,
54,1873872,1690,
55,1873872,1681,
56,1873872,1698,
57,1873872,1689,
58,1873872,1693,
59,1873872,1675,
60,1873872,1680,
61,1873872,1680,
62,1873872,1674,
63,1873872,1675,
64,1873872,1697,
65,1873872,1690,
66,1873872,1671,
67,1873872,1691,
68,1873872,1683,
69,1873872,1678,
70,1873872,1693,
71,1873872,1662,
72,1873872,1689,
73,1873872,1658,
74,1873872,1680,
75,1873872,1670,
76,1873872,1673,
77,1873872,1681,
78,1873872,1638,
79,1873872,1679,
80,1873872,1660,
81,1873872,1662,
82,1873872,1652,
83,1873872,1625,
84,1873872,1656,
85,1873872,1651,
86,1873872,1664,
87,1873872,1647,
88,1873872,1659,
89,1873872,1667,
90,1873872,1640,
91,1873872,1646,
92,1873872,1652,
93,1873872,1655,
94,1873872,1645,
95,1873872,1638,
96,1873872,1649,
97,1873872,1635,
98,1873872,1634,
99,1873872,1647,
100,1873872,1660,
101,1873872,1639,
102,1873872,1632,
103,1873872,1641,
104,1873872,1634,
105,1873872,1604,
106,1873872,1630,
107,1873872,1618,
108,1873872,1636,
109,1873872,1615,
110,1873872,1627,
111,1873872,1598,
112,1873872,1647,
113,1873872,1625,
114,1873872,1628,
115,1873872,1584,
116,1873872,1591,
117,1873872,1630,
118,1873872,1615,
119,1873872,1590,
120,1873872,1641,
121,1873872,1631,
122,1873872,1562,
123,1873872,1607,
124,1873872,1588,
125,1873872,1613,
126,1873872,1599,
127,1873872,1647,
128,1873872,1570,
129,1873872,1602,
130,1873872,1602,
131,1873872,1624,
132,1873872,1584,
133,1873872,1636,
134,1873872,1623,
135,1873872,1586,
136,1873872,1621,
137,1873872,1620,
138,1873872,1595,
139,1873872,1602,
140,1873872,1578,
141,1873872,1550,
142,1873872,1530,
143,1873872,1571,
144,1873872,1601,
145,1873872,1596,
146,1873872,1552,
147,1873872,1597,
148,1873872,1570,
149,1873872,1569,
150,1873872,1551,
151,1873872,1553,
152,1873872,1580,
153,1873872,1545,
154,1873872,1582,
155,1873872,1534,
156,1873872,1526,
157,1873872,1566,
158,1873872,1528,
159,1873872,1518,
160,1873872,1533,
161,1873872,1556,
162,1873872,1568,
163,1873872,1525,
164,1873872,1550,
165,1873872,1581,
166,1873872,1538,
167,1873872,1541,
168,1873872,1536,
169,1873872,1533,
170,1873872,1571,
171,1873872,1556,
172,1873872,1529,
173,1873872,1553,
174,1873872,1558,
175,1873872,1531,
176,1873872,1507,
177,1873872,1528,
178,1873872,1526,
179,1873872,1458,
180,1873872,1558,
181,1873872,1545,
182,1873872,1509,
183,1873872,1517,
184,1873872,1503,
185,1873872,1509,
186,1873872,1503,
187,1873872,1488,
188,1873872,1480,
189,1873872,1524,
190,1873872,1514,
191,1873872,1514,
192,1873872,1504,
193,1873872,1471,
194,1873872,1534,
195,1873872,1495,
196,1873872,1479,
197,1873872,1475,
198,1873872,1480,
199,1873872,1488,
200,1873872,1551,
201,1873872,1467,
202,1873872,1519,
203,1873872,1471,
204,1873872,1510,
205,1873872,1499,
206,1873872,1504,
207,1873872,1459,
208,1873872,1409,
209,1873872,1464,
210,1873872,1424,
211,1873872,1464,
212,1873872,1470,
213,1873872,1442,
214,1873872,1503,
215,1873872,1526,
216,1873872,1460,
217,1873872,1484,
218,1873872,1443,
219,1873872,1463,
220,1873872,1506,
221,1873872,1445,
222,1873872,1488,
223,1873872,1435,
224,1873872,1470,
225,1873872,1465,
226,1873872,1447,
227,1873872,1425,
228,1873872,1460,
229,1873872,1404,
230,1873872,1435,
231,1873872,1449,
232,1873872,1451,
233,1873872,1474,
234,1873872,1456,
235,1873872,1401,
236,1873872,1431,
237,1873872,1468,
238,1873872,1439,
239,1873872,1393,
240,1873872,1428,
241,1873872,1423,
242,1873872,1425,
243,1873872,1434,
244,1873872,1443,
245,1873872,1451,
246,1873872,1356,
247,1873872,1391,
248,1873872,1384,
249,1873872,1396,
250,1873872,1439,
251,1873872,1453,
252,1873872,1397,
253,1873872,1337,
254,1873872,1341,
255,1873872,1398,
256,1873872,1364,
257,1873872,1377,
258,1873872,1374,
259,1873872,1356,
260,1873872,1358,
261,1873872,1349,
262,1873872,1410,
263,1873872,1397,
264,1873872,1332,
265,1873872,1367,
266,1873872,1378,
267,1873872,1369,
268,1873872,1438,
269,1873872,1371,
270,1873872,1390,
271,1873872,1368,
272,1873872,1374,
273,1873872,1372,
274,1873872,1353,
275,1873872,1430,
276,1873872,1349,
277,1873872,1358,
278,1873872,1332,
279,1873872,1340,
280,1873872,1335,
281,1873872,1321,
282,1873872,1293,
283,1873872,1366,
284,1873872,1400,
285,1873872,1387,
286,1873872,1357,
287,1873872,1321,
288,1873872,1375,
289,1873872,1296,
290,1873872,1337,
291,1873872,1325,
292,1873872,1267,
293,1873872,1349,
294,1873872,1360,
295,1873872,1351,
296,1873872,1318,
297,1873872,1367,
298,1873872,1283,
299,1873872,1308,
300,1873872,1310,
301,1873872,1270,
302,1873872,1351,
303,1873872,1309,
304,1873872,1266,
305,1873872,1280,
306,1873872,1320,
307,1873872,1353,
308,1873872,1347,
309,1873872,1302,
310,1873872,1291,
311,1873872,1285,
312,1873872,1278,
313,1873872,1267,
314,1873872,1308,
315,1873872,1369,
316,1873872,1344,
317,1873872,1273,
318,1873872,1312,
319,1873872,1245,
320,1873872,1266,
321,1873872,1247,
322,1873872,1256,
323,1873872,1264,
324,1873872,1286,
325,1873872,1301,
326,1873872,1256,
327,1873872,1286,
328,1873872,1276,
329,1873872,1276,
330,1873872,1210,
331,1873872,1243,
332,1873872,1308,
333,1873872,1278,
334,1873872,1239,
335,1873872,1313,
336,1873872,1294,
337,1873872,1200,
338,1873872,1254,
339,1873872,1242,
340,1873872,1290,
341,1873872,1263,
342,1873872,1270,
343,1873872,1258,
344,1873872,1276,
345,1873872,1187,
346,1873872,1271,
347,1873872,1219,
348,1873872,1201,
349,1873872,1212,
350,1873872,1200,
351,1873872,1231,
352,1873872,1295,
353,1873872,1235,
354,1873872,1238,
355,1873872,1211,
356,1873872,1232,
357,1873872,1231,
358,1873872,1269,
359,1873872,1205,
360,1873872,1214,
361,1873872,1238,
362,1873872,1204,
363,1873872,1195,
364,1873872,1211,
365,1873872,1160,
366,1873872,1182,
367,1873872,1217,
368,1873872,1178,
369,1873872,1166,
370,1873872,1256,
371,1873872,1258,
372,1873872,1216,
373,1873872,1237,
374,1873872,1213,
375,1873872,1168,
376,1873872,1198,
377,1873872,1197,
378,1873872,1195,
379,1873872,1219,
380,1873872,1206,
381,1873872,1192,
382,1873872,1203,
383,1873872,1155,
384,1873872,1185,
385,1873872,1192,
386,1873872,1174,
387,1873872,1249,
388,1873872,1124,
389,1873872,1171,
390,1873872,1068,
391,1873872,1084,
392,1873872,1142,
393,1873872,1215,
394,1873872,1125,
395,1873872,1150,
396,1873872,1167,
397,1873872,1164,
398,1873872,1160,
399,1873872,1198,
400,1873872,1230,
401,1873872,1136,
402,1873872,1109,
403,1873872,1167,
404,1873872,1231,
405,1873872,1192,
406,1873872,1094,
407,1873872,1124,
408,1873872,1181,
409,1873872,1150,
410,1873872,1205,
411,1873872,1087,
412,1873872,1121,
413,1873872,1183,
414,1873872,1169,
415,1873872,1162,
416,1873872,1090,
417,1873872,1105,
418,1873872,1065,
419,1873872,1118,
420,1873872,1114,
421,1873872,1075,
422,1873872,1124,
423,1873872,1074,
424,1873872,1150,
425,1873872,1176,
426,1873872,1114,
427,1873872,1118,
428,1873872,1187,
429,1873872,1125,
430,1873872,1160,
431,1873872,1085,
432,1873872,1057,
433,1873872,1074,
434,1873872,1108,
435,1873872,1124,
436,1873872,1065,
437,1873872,1071,
438,1873872,1050,
439,1873872,1141,
440,1873872,1086,
441,1873872,1118,
442,1873872,1050,
443,1873872,1081,
444,1873872,1072,
445,1873872,1093,
446,1873872,1100,
447,1873872,1134,
448,1873872,1047,
449,1873872,1080,
450,1873872,1023,
451,1873872,1055,
452,1873872,1097,
453,1873872,1122,
454,1873872,1084,
455,1873872,1065,
456,1873872,1104,
457,1873872,1065,
458,1873872,1120,
459,1873872,1093,
460,1873872,1024,
461,1873872,1122,
462,1873872,1038,
463,1873872,1049,
464,1873872,1030,
465,1873872,1127,
466,1873872,1100,
467,1873872,1029,
468,1873872,1017,
469,1873872,1035,
470,1873872,1039,
471,1873872,1006,
472,1873872,1036,
473,1873872,1056,
474,1873872,1053,
475,1873872,1004,
476,1873872,1028,
477,1873872,1021,
478,1873872,1005,
479,1873872,1042,
480,1873872,1057,
481,1873872,1047,
482,1873872,1029,
483,1873872,1069,
484,1873872,1027,
485,1873872,995,
486,1873872,1090,
487,1873872,1038,
488,1873872,1037,
489,1873872,997,
490,1873872,1011,
491,1873872,1091,
492,1873872,955,
493,1873872,1064,
494,1873872,1009,
495,1873872,986,
496,1873872,1044,
497,1873872,995,
498,1873872,1037,
499,1873872,1029,
500,1873872,980,
501,1873872,1022,
502,1873872,967,
503,1873872,946,
504,1873872,1038,
505,1873872,977,
506,1873872,1004,
507,1873872,1007,
508,1873872,946,
509,1873872,995,
510,1873872,991,
511,1873872,982,
512,1873872,1006,
513,1873872,966,
514,1873872,901,
515,1873872,1022,
516,1873872,1010,
517,1873872,966,
518,1873872,1021,
519,1873872,1058,
520,1873872,1010,
521,1873872,983,
522,1873872,986,
523,1873872,917,
524,1873872,971,
525,1873872,883,
526,1873872,989,
527,1873872,942,
528,1873872,1027,
529,1873872,881,
530,1873872,969,
531,1873872,964,
532,1873872,973,
533,1873872,950,
534,1873872,949,
535,1873872,946,
536,1873872,993,
537,1873872,985,
538,1873872,933,
539,1873872,960,
540,1873872,945,
541,1873872,862,
542,1873872,959,
543,1873872,928,
544,1873872,942,
545,1873872,882,
546,1873872,920,
547,1873872,921,
548,1873872,948,
549,1873872,921,
550,1873872,915,
551,1873872,962,
552,1873872,875,
553,1873872,976,
554,1873872,899,
555,1873872,903,
556,1873872,910,
557,1873872,901,
558,1873872,918,
559,1873872,946,
560,1873872,937,
561,1873872,895,
562,1873872,858,
563,1873872,961,
564,1873872,940,
565,1873872,892,
566,1873872,921,
567,1873872,906,
568,1873872,885,
569,1873872,844,
570,1873872,872,
571,1873872,919,
572,1873872,828,
573,1873872,911,
574,1873872,858,
575,1873872,825,
576,1873872,920,
577,1873872,862,
578,1873872,884,
579,1873872,866,
580,1873872,833,
581,1873872,890,
582,1873872,843,
583,1873872,888,
584,1873872,884,
585,1873872,861,
586,1873872,884,
587,1873872,849,
588,1873872,828,
589,1873872,868,
590,1873872,845,
591,1873872,914,
592,1873872,895,
593,1873872,855,
594,1873872,824,
595,1873872,869,
596,1873872,871,
597,1873872,826,
598,1873872,788,
599,1873872,860,
600,1873872,848,
601,1873872,912,
602,1873872,842,
603,1873872,893,
604,1873872,835,
605,1873872,883,
606,1873872,852,
607,1873872,873,
608,1873872,843,
609,1873872,832,
610,1873872,844,
611,1873872,808,
612,1873872,871,
613,1873872,902,
614,1873872,785,
615,1873872,812,
616,1873872,844,
617,1873872,861,
618,1873872,821,
619,1873872,846,
620,1873872,933,
621,1873872,789,
622,1873872,796,
623,1873872,771,
624,1873872,800,
625,1873872,846,
626,1873872,816,
627,1873872,837,
628,1873872,829,
629,1873872,811,
630,1873872,786,
631,1873872,804,
632,1873872,793,
633,1873872,858,
634,1873872,735,
635,1873872,750,
636,1873872,821,
637,1873872,817,
638,1873872,765,
639,1873872,809,
640,1873872,761,
641,1873872,815,
642,1873872,788,
643,1873872,818,
644,1873872,781,
645,1873872,772,
646,1873872,823,
647,1873872,819,
648,1873872,772,
649,1873872,867,
650,1873872,756,
651,1873872,768,
652,1873872,790,
653,1873872,767,
654,1873872,861,
655,1873872,804,
656,1873872,818,
657,1873872,785,
658,1873872,852,
659,1873872,783,
660,1873872,771,
661,1873872,753,
662,1873872,751,
663,1873872,753,
664,1873872,746,
665,1873872,869,
666,1873872,745,
667,1873872,819,
668,1873872,744,
669,1873872,756,
670,1873872,718,
671,1873872,706,
672,1873872,732,
673,1873872,783,
674,1873872,716,
675,1873872,753,
676,1873872,791,
677,1873872,780,
678,1873872,767,
679,1873872,787,
680,1873872,770,
681,1873872,781,
682,1873872,771,
683,1873872,765,
684,1873872,796,
685,1873872,797,
686,1873872,718,
687,1873872,747,
688,1873872,774,
689,1873872,710,
690,1873872,758,
691,1873872,708,
692,1873872,690,
693,1873872,778,
694,1873872,768,
695,1873872,785,
696,1873872,728,
697,1873872,714,
698,1873872,796,
699,1873872,709,
700,1873872,728,
701,1873872,733,
702,1873872,773,
703,1873872,718,
704,1873872,781,
705,1873872,714,
706,1873872,701,
707,1873872,669,
708,1873872,775,
709,1873872,693,
710,1873872,840,
711,1873872,744,
712,1873872,730,
713,1873872,742,
714,1873872,727,
715,1873872,715,
716,1873872,657,
717,1873872,672,
718,1873872,726,
719,1873872,647,
720,1873872,742,
721,1873872,826,
722,1873872,711,
723,1873872,668,
724,1873872,656,
725,1873872,684,
726,1873872,711,
727,1873872,692,
728,1873872,743,
729,1873872,702,
730,1873872,725,
731,1873872,751,
732,1873872,698,
733,1873872,759,
734,1873872,696,
735,1873872,722,
736,1873872,731,
737,1873872,673,
738,1873872,762,
739,1873872,640,
740,1873872,664,
741,1873872,681,
742,1873872,689,
743,1873872,687,
744,1873872,672,
745,1873872,710,
746,1873872,675,
747,1873872,635,
748,1873872,656,
749,1873872,630,
750,1873872,690,
751,1873872,619,
752,1873872,647,
753,1873872,663,
754,1873872,670,
755,1873872,618,
756,1873872,685,
757,1873872,688,
758,1873872,730,
759,1873872,638,
760,1873872,663,
761,1873872,645,
762,1873872,651,
763,1873872,643,
764,1873872,633,
765,1873872,657,
766,1873872,594,
767,1873872,649,
768,1873872,642,
769,1873872,684,
770,1873872,662,
771,1873872,692,
772,1873872,637,
773,1873872,631,
774,1873872,681,
775,1873872,699,
776,1873872,604,
777,1873872,700,
778,1873872,708,
779,1873872,636,
780,1873872,650,
781,1873872,600,
782,1873872,669,
783,1873872,666,
784,1873872,628,
785,1873872,595,
786,1873872,620,
787,1873872,664,
788,1873872,628,
789,1873872,651,
790,1873872,634,
791,1873872,626,
792,1873872,605,
793,1873872,588,
794,1873872,633,
795,1873872,645,
796,1873872,660,
797,1873872,601,
798,1873872,598,
799,1873872,605,
800,1873872,648,
801,1873872,620,
802,1873872,586,
803,1873872,580,
804,1873872,634,
805,1873872,672,
806,1873872,595,
807,1873872,637,
808,1873872,605,
809,1873872,639,
810,1873872,603,
811,1873872,639,
812,1873872,633,
813,1873872,573,
814,1873872,614,
815,1873872,656,
816,1873872,600,
817,1873872,581,
818,1873872,606,
819,1873872,577,
820,1873872,599,
821,1873872,589,
822,1873872,607,
823,1873872,670,
824,1873872,630,
825,1873872,616,
826,1873872,594,
827,1873872,585,
828,1873872,571,
829,1873872,602,
830,1873872,597,
831,1873872,624,
832,1873872,612,
833,1873872,655,
834,1873872,592,
835,1873872,614,
836,1873872,592,
837,1873872,545,
838,1873872,607,
839,1873872,634,
840,1873872,631,
841,1873872,562,
842,1873872,625,
843,1873872,564,
844,1873872,531,
845,1873872,631,
846,1873872,552,
847,1873872,567,
848,1873872,573,
849,1873872,556,
850,1873872,544,
851,1873872,604,
852,1873872,585,
853,1873872,537,
854,1873872,565,
855,1873872,492,
856,1873872,590,
857,1873872,545,
858,1873872,587,
859,1873872,566,
860,1873872,551,
861,1873872,505,
862,1873872,531,
863,1873872,544,
864,1873872,553,
865,1873872,565,
866,1873872,571,
867,1873872,539,
868,1873872,574,
869,1873872,590,
870,1873872,536,
871,1873872,550,
872,1873872,591,
873,1873872,522,
874,1873872,524,
875,1873872,609,
876,1873872,572,
877,1873872,502,
878,1873872,536,
879,1873872,530,
880,1873872,516,
881,1873872,546,
882,1873872,491,
883,1873872,541,
884,1873872,585,
885,1873872,526,
886,1873872,576,
887,1873872,495,
888,1873872,513,
889,1873872,578,
890,1873872,489,
891,1873872,527,
892,1873872,499,
893,1873872,507,
894,1873872,610,
895,1873872,508,
896,1873872,506,
897,1873872,513,
898,1873872,515,
899,1873872,459,
900,1873872,535,
901,1873872,541,
902,1873872,501,
903,1873872,552,
904,1873872,515,
905,1873872,560,
906,1873872,473,
907,1873872,505,
908,1873872,496,
909,1873872,500,
910,1873872,523,
911,1873872,525,
912,1873872,516,
913,1873872,556,
914,1873872,485,
915,1873872,484,
916,1873872,538,
917,1873872,447,
918,1873872,529,
919,1873872,493,
920,1873872,484,
921,1873872,496,
922,1873872,529,
923,1873872,466,
924,1873872,479,
925,1873872,499,
926,1873872,499,
927,1873872,488,
928,1873872,505,
929,1873872,479,
930,1873872,477,
931,1873872,489,
932,1873872,515,
933,1873872,469,
934,1873872,476,
935,1873872,523,
936,1873872,491,
937,1873872,517,
938,1873872,483,
939,1873872,462,
940,1873872,514,
941,1873872,543,
942,1873872,471,
943,1873872,484,
944,1873872,488,
945,1873872,480,
946,1873872,474,
947,1873872,491,
948,1873872,492,
949,1873872,481,
950,1873872,505,
951,1873872,483,
952,1873872,446,
953,1873872,468,
954,1873872,421,
955,1873872,473,
956,1873872,498,
957,1873872,458,
958,1873872,456,
959,1873872,459,
960,1873872,440,
961,1873872,468,
962,1873872,416,
963,1873872,476,
964,1873872,444,
965,1873872,462,
966,1873872,468,
967,1873872,477,
968,1873872,434,
969,1873872,439,
970,1873872,435,
971,1873872,441,
972,1873872,469,
973,1873872,416,
974,1873872,464,
975,1873872,426,
976,1873872,460,
977,1873872,422,
978,1873872,467,
979,1873872,450,
980,1873872,394,
981,1873872,502,
982,1873872,472,
983,1873872,463,
984,1873872,490,
985,1873872,459,
986,1873872,459,
987,1873872,440,
988,1873872,464,
989,1873872,383,
990,1873872,493,
991,1873872,477,
992,1873872,466,
993,1873872,426,
994,1873872,433,
995,1873872,395,
996,1873872,478,
997,1873872,422,
998,1873872,458,
999,1873872,459,
1000,1873872,485,
1001,1873872,380,
1002,1873872,450,
1003,1873872,461,
1004,1873872,429,
1005,1873872,426,
1006,1873872,494,
1007,1873872,395,
1008,1873872,423,
1009,1873872,421,
1010,1873872,409,
1011,1873872,428,
1012,1873872,445,
1013,1873872,437,
1014,1873872,431,
1015,1873872,403,
1016,1873872,426,
1017,1873872,404,
1018,1873872,389,
1019,1873872,401,
1020,1873872,418,
1021,1873872,427,
1022,1873872,389,
1023,1873872,403,
1024,1873872,379,
1025,1873872,417,
1026,1873872,446,
1027,1873872,414,
1028,1873872,399,
1029,1873872,391,
1030,1873872,399,
1031,1873872,407,
1032,1873872,397,
1033,1873872,436,
1034,1873872,415,
1035,1873872,379,
1036,1873872,422,
1037,1873872,365,
1038,1873872,421,
1039,1873872,432,
1040,1873872,385,
1041,1873872,413,
1042,1873872,431,
1043,1873872,403,
1044,1873872,404,
1045,1873872,386,
1046,1873872,394,
1047,1873872,449,
1048,1873872,405,
1049,1873872,396,
1050,1873872,415,
1051,1873872,409,
1052,1873872,375,
1053,1873872,401,
1054,1873872,436,
1055,1873872,434,
1056,1873872,353,
1057,1873872,381,
1058,1873872,380,
1059,1873872,421,
1060,1873872,345,
1061,1873872,364,
1062,1873872,429,
1063,1873872,378,
1064,1873872,385,
1065,1873872,404,
1066,1873872,396,
1067,1873872,374,
1068,1873872,395,
1069,1873872,369,
1070,1873872,398,
1071,1873872,373,
1072,1873872,391,
1073,1873872,403,
1074,1873872,425,
1075,1873872,398,
1076,1873872,430,
1077,1873872,333,
1078,1873872,348,
1079,1873872,380,
1080,1873872,377,
1081,1873872,372,
1082,1873872,353,
1083,1873872,391,
1084,1873872,377,
1085,1873872,392,
1086,1873872,379,
1087,1873872,370,
1088,1873872,436,
1089,1873872,383,
1090,1873872,371,
1091,1873872,381,
1092,1873872,373,
1093,1873872,334,
1094,1873872,362,
1095,1873872,350,
1096,1873872,344,
1097,1873872,338,
1098,1873872,372,
1099,1873872,369,
1100,1873872,383,
1101,1873872,409,
1102,1873872,330,
1103,1873872,337,
1104,1873872,332,
1105,1873872,344,
1106,1873872,347,
1107,1873872,373,
1108,1873872,337,
1109,1873872,319,
1110,1873872,418,
1111,1873872,343,
1112,1873872,336,
1113,1873872,342,
1114,1873872,377,
1115,1873872,327,
1116,1873872,373,
1117,1873872,383,
1118,1873872,337,
1119,1873872,357,
1120,1873872,350,
1121,1873872,351,
1122,1873872,343,
1123,1873872,372,
1124,1873872,345,
1125,1873872,359,
1126,1873872,344,
1127,1873872,341,
1128,1873872,320,
1129,1873872,351,
1130,1873872,378,
1131,1873872,325,
1132,1873872,343,
1133,1873872,324,
1134,1873872,392,
1135,1873872,314,
1136,1873872,286,
1137,1873872,351,
1138,1873872,297,
1139,1873872,315,
1140,1873872,349,
1141,1873872,348,
1142,1873872,327,
1143,1873872,352,
1144,1873872,312,
1145,1873872,347,
1146,1873872,354,
1147,1873872,308,
1148,1873872,354,
1149,1873872,343,
1150,1873872,320,
1151,1873872,321,
1152,1873872,327,
1153,1873872,337,
1154,1873872,309,
1155,1873872,332,
1156,1873872,329,
1157,1873872,297,
1158,1873872,307,
1159,1873872,348,
1160,1873872,345,
1161,1873872,299,
1162,1873872,295,
1163,1873872,323,
1164,1873872,347,
1165,1873872,285,
1166,1873872,349,
1167,1873872,308,
1168,1873872,319,
1169,1873872,317,
1170,1873872,336,
1171,1873872,310,
1172,1873872,319,
1173,1873872,321,
1174,1873872,309,
1175,1873872,370,
1176,1873872,322,
1177,1873872,315,
1178,1873872,296,
1179,1873872,335,
1180,1873872,296,
1181,1873872,335,
1182,1873872,360,
1183,1873872,301,
1184,1873872,312,
1185,1873872,311,
1186,1873872,306,
1187,1873872,292,
1188,1873872,293,
1189,1873872,313,
1190,1873872,290,
1191,1873872,275,
1192,1873872,304,
1193,1873872,287,
1194,1873872,294,
1195,1873872,323,
1196,1873872,308,
1197,1873872,298,
1198,1873872,297,
1199,1873872,287,
1200,1873872,303,
1201,1873872,289,
1202,1873872,276,
1203,1873872,308,
1204,1873872,275,
1205,1873872,300,
1206,1873872,278,
1207,1873872,274,
1208,1873872,288,
1209,1873872,303,
1210,1873872,307,
1211,1873872,291,
1212,1873872,331,
1213,1873872,282,
1214,1873872,284,
1215,1873872,250,
1216,1873872,300,
1217,1873872,323,
1218,1873872,292,
1219,1873872,281,
1220,1873872,268,
1221,1873872,304,
1222,1873872,262,
1223,1873872,289,
1224,1873872,313,
1225,1873872,255,
1226,1873872,281,
1227,1873872,304,
1228,1873872,283,
1229,1873872,276,
1230,1873872,293,
1231,1873872,292,
1232,1873872,284,
1233,1873872,291,
1234,1873872,291,
1235,1873872,269,
1236,1873872,299,
1237,1873872,245,
1238,1873872,297,
1239,1873872,274,
1240,1873872,267,
1241,1873872,243,
1242,1873872,280,
1243,1873872,287,
1244,1873872,265,
1245,1873872,260,
1246,1873872,275,
1247,1873872,281,
1248,1873872,252,
1249,1873872,263,
1250,1873872,255,
1251,1873872,290,
1252,1873872,253,
1253,1873872,257,
1254,1873872,254,
1255,1873872,248,
1256,1873872,250,
1257,1873872,274,
1258,1873872,251,
1259,1873872,270,
1260,1873872,290,
1261,1873872,249,
1262,1873872,263,
1263,1873872,275,
1264,1873872,240,
1265,1873872,281,
1266,1873872,251,
1267,1873872,287,
1268,1873872,269,
1269,1873872,263,
1270,1873872,260,
1271,1873872,267,
1272,1873872,263,
1273,1873872,249,
1274,1873872,242,
1275,1873872,290,
1276,1873872,252,
1277,1873872,262,
1278,1873872,240,
1279,1873872,300,
1280,1873872,243,
1281,1873872,256,
1282,1873872,209,
1283,1873872,238,
1284,1873872,281,
1285,1873872,239,
1286,1873872,254,
1287,1873872,240,
1288,1873872,266,
1289,1873872,265,
1290,1873872,239,
1291,1873872,243,
1292,1873872,234,
1293,1873872,243,
1294,1873872,255,
1295,1873872,239,
1296,1873872,233,
1297,1873872,238,
1298,1873872,228,
1299,1873872,272,
1300,1873872,257,
1301,1873872,220,
1302,1873872,236,
1303,1873872,241,
1304,1873872,244,
1305,1873872,220,
1306,1873872,258,
1307,1873872,246,
1308,1873872,252,
1309,1873872,226,
1310,1873872,253,
1311,1873872,245,
1312,1873872,260,
1313,1873872,241,
1314,1873872,230,
1315,1873872,230,
1316,1873872,224,
1317,1873872,220,
1318,1873872,207,
1319,1873872,260,
1320,1873872,221,
1321,1873872,268,
1322,1873872,238,
1323,1873872,250,
1324,1873872,214,
1325,1873872,240,
1326,1873872,255,
1327,1873872,230,
1328,1873872,202,
1329,1873872,222,
1330,1873872,243,
1331,1873872,214,
1332,1873872,262,
1333,1873872,249,
1334,1873872,217,
1335,1873872,225,
1336,1873872,213,
1337,1873872,245,
1338,1873872,234,
1339,1873872,215,
1340,1873872,212,
1341,1873872,214,
1342,1873872,256,
1343,1873872,248,
1344,1873872,251,
1345,1873872,253,
1346,1873872,210,
1347,1873872,235,
1348,1873872,214,
1349,1873872,203,
1350,1873872,207,
1351,1873872,223,
1352,1873872,222,
1353,1873872,216,
1354,1873872,199,
1355,1873872,234,
1356,1873872,211,
1357,1873872,227,
1358,1873872,231,
1359,1873872,225,
1360,1873872,239,
1361,1873872,219,
1362,1873872,192,
1363,1873872,194,
1364,1873872,216,
1365,1873872,207,
1366,1873872,197,
1367,1873872,205,
1368,1873872,187,
1369,1873872,211,
1370,1873872,198,
1371,1873872,210,
1372,1873872,210,
1373,1873872,204,
1374,1873872,219,
1375,1873872,237,
1376,1873872,194,
1377,1873872,229,
1378,1873872,211,
1379,1873872,211,
1380,1873872,209,
1381,1873872,199,
1382,1873872,202,
1383,1873872,210,
1384,1873872,212,
1385,1873872,200,
1386,1873872,200,
1387,1873872,207,
1388,1873872,179,
1389,1873872,188,
1390,1873872,221,
1391,1873872,204,
1392,1873872,218,
1393,1873872,203,
1394,1873872,237,
1395,1873872,243,
1396,1873872,193,
1397,1873872,232,
1398,1873872,217,
1399,1873872,219,
1400,1873872,188,
1401,1873872,188,
1402,1873872,205,
1403,1873872,183,
1404,1873872,195,
1405,1873872,184,
1406,1873872,190,
1407,1873872,196,
1408,1873872,201,
1409,1873872,217,
1410,1873872,210,
1411,1873872,191,
1412,1873872,205,
1413,1873872,199,
1414,1873872,192,
1415,1873872,214,
1416,1873872,199,
1417,1873872,231,
1418,1873872,239,
1419,1873872,191,
1420,1873872,194,
1421,1873872,225,
1422,1873872,198,
1423,1873872,197,
1424,1873872,176,
1425,1873872,174,
1426,1873872,223,
1427,1873872,206,
1428,1873872,204,
1429,1873872,206,
1430,1873872,189,
1431,1873872,203,
1432,1873872,203,
1433,1873872,168,
1434,1873872,162,
1435,1873872,190,
1436,1873872,209,
1437,1873872,203,
1438,1873872,194,
1439,1873872,174,
1440,1873872,176,
1441,1873872,153,
1442,1873872,194,
1443,1873872,198,
1444,1873872,172,
1445,1873872,163,
1446,1873872,177,
1447,1873872,192,
1448,1873872,194,
1449,1873872,189,
1450,1873872,180,
1451,1873872,214,
1452,1873872,215,
1453,1873872,192,
1454,1873872,149,
1455,1873872,154,
1456,1873872,160,
1457,1873872,171,
1458,1873872,198,
1459,1873872,172,
1460,1873872,178,
1461,1873872,185,
1462,1873872,203,
1463,1873872,182,
1464,1873872,175,
1465,1873872,175,
1466,1873872,182,
1467,1873872,141,
1468,1873872,173,
1469,1873872,160,
1470,1873872,169,
1471,1873872,183,
1472,1873872,152,
1473,1873872,157,
1474,1873872,178,
1475,1873872,172,
1476,1873872,162,
1477,1873872,170,
1478,1873872,171,
1479,1873872,181,
1480,1873872,181,
1481,1873872,192,
1482,1873872,186,
1483,1873872,159,
1484,1873872,183,
1485,1873872,165,
1486,1873872,184,
1487,1873872,160,
1488,1873872,162,
1489,1873872,161,
1490,1873872,177,
1491,1873872,178,
1492,1873872,181,
1493,1873872,179,
1494,1873872,180,
1495,1873872,164,
1496,1873872,149,
1497,1873872,160,
1498,1873872,178,
1499,1873872,166,
1500,1873872,170,
1501,1873872,161,
1502,1873872,193,
1503,1873872,155,
1504,1873872,173,
1505,1873872,163,
1506,1873872,160,
1507,1873872,141,
1508,1873872,169,
1509,1873872,161,
1510,1873872,177,
1511,1873872,149,
1512,1873872,169,
1513,1873872,149,
1514,1873872,153,
1515,1873872,138,
1516,1873872,154,
1517,1873872,147,
1518,1873872,151,
1519,1873872,163,
1520,1873872,139,
1521,1873872,153,
1522,1873872,134,
1523,1873872,148,
1524,1873872,162,
1525,1873872,169,
1526,1873872,161,
1527,1873872,156,
1528,1873872,166,
1529,1873872,162,
1530,1873872,144,
1531,1873872,154,
1532,1873872,161,
1533,1873872,158,
1534,1873872,159,
1535,1873872,146,
1536,1873872,161,
1537,1873872,160,
1538,1873872,159,
1539,1873872,145,
1540,1873872,161,
1541,1873872,177,
1542,1873872,156,
1543,1873872,146,
1544,1873872,158,
1545,1873872,152,
1546,1873872,163,
1547,1873872,128,
1548,1873872,150,
1549,1873872,149,
1550,1873872,153,
1551,1873872,122,
1552,1873872,150,
1553,1873872,147,
1554,1873872,117,
1555,1873872,151,
1556,1873872,147,
1557,1873872,146,
1558,1873872,124,
1559,1873872,158,
1560,1873872,140,
1561,1873872,149,
1562,1873872,119,
1563,1873872,156,
1564,1873872,135,
1565,1873872,142,
1566,1873872,146,
1567,1873872,128,
1568,1873872,118,
1569,1873872,159,
1570,1873872,135,
1571,1873872,132,
1572,1873872,129,
1573,1873872,137,
1574,1873872,139,
1575,1873872,153,
1576,1873872,136,
1577,1873872,152,
1578,1873872,122,
1579,1873872,137,
1580,1873872,138,
1581,1873872,157,
1582,1873872,121,
1583,1873872,126,
1584,1873872,132,
1585,1873872,138,
1586,1873872,155,
1587,1873872,141,
1588,1873872,140,
1589,1873872,124,
1590,1873872,133,
1591,1873872,158,
1592,1873872,113,
1593,1873872,138,
1594,1873872,133,
1595,1873872,141,
1596,1873872,118,
1597,1873872,132,
1598,1873872,117,
1599,1873872,133,
1600,1873872,156,
1601,1873872,139,
1602,1873872,111,
1603,1873872,125,
1604,1873872,145,
1605,1873872,124,
1606,1873872,139,
1607,1873872,120,
1608,1873872,129,
1609,1873872,140,
1610,1873872,132,
1611,1873872,128,
1612,1873872,122,
1613,1873872,139,
1614,1873872,121,
1615,1873872,112,
1616,1873872,119,
1617,1873872,121,
1618,1873872,126,
1619,1873872,121,
1620,1873872,159,
1621,1873872,110,
1622,1873872,131,
1623,1873872,118,
1624,1873872,123,
1625,1873872,116,
1626,1873872,131,
1627,1873872,123,
1628,1873872,120,
1629,1873872,117,
1630,1873872,123,
1631,1873872,100,
1632,1873872,126,
1633,1873872,120,
1634,1873872,113,
1635,1873872,124,
1636,1873872,122,
1637,1873872,109,
1638,1873872,114,
1639,1873872,142,
1640,1873872,119,
1641,1873872,100,
1642,1873872,90,
1643,1873872,115,
1644,1873872,121,
1645,1873872,129,
1646,1873872,111,
1647,1873872,125,
1648,1873872,129,
1649,1873872,127,
1650,1873872,106,
1651,1873872,119,
1652,1873872,115,
1653,1873872,122,
1654,1873872,112,
1655,1873872,114,
1656,1873872,138,
1657,1873872,132,
1658,1873872,116,
1659,1873872,120,
1660,1873872,108,
1661,1873872,115,
1662,1873872,88,
1663,1873872,130,
1664,1873872,108,
1665,1873872,99,
1666,1873872,108,
1667,1873872,139,
1668,1873872,136,
1669,1873872,117,
1670,1873872,127,
1671,1873872,112,
1672,1873872,142,
1673,1873872,117,
1674,1873872,109,
1675,1873872,100,
1676,1873872,123,
1677,1873872,109,
1678,1873872,122,
1679,1873872,117,
1680,1873872,109,
1681,1873872,120,
1682,1873872,96,
1683,1873872,107,
1684,1873872,109,
1685,1873872,106,
1686,1873872,106,
1687,1873872,121,
1688,1873872,111,
1689,1873872,119,
1690,1873872,109,
1691,1873872,100,
1692,1873872,93,
1693,1873872,107,
1694,1873872,108,
1695,1873872,102,
1696,1873872,122,
1697,1873872,119,
1698,1873872,109,
1699,1873872,103,
1700,1873872,103,
1701,1873872,91,
1702,1873872,120,
1703,1873872,100,
1704,1873872,108,
1705,1873872,104,
1706,1873872,98,
1707,1873872,117,
1708,1873872,104,
1709,1873872,111,
1710,1873872,103,
1711,1873872,117,
1712,1873872,102,
1713,1873872,119,
1714,1873872,108,
1715,1873872,106,
1716,1873872,126,
1717,1873872,82,
1718,1873872,96,
1719,1873872,113,
1720,1873872,88,
1721,1873872,101,
1722,1873872,88,
1723,1873872,99,
1724,1873872,91,
1725,1873872,97,
1726,1873872,91,
1727,1873872,99,
1728,1873872,92,
1729,1873872,87,
1730,1873872,100,
1731,1873872,106,
1732,1873872,106,
1733,1873872,90,
1734,1873872,97,
1735,1873872,101,
1736,1873872,83,
1737,1873872,103,
1738,1873872,94,
1739,1873872,99,
1740,1873872,111,
1741,1873872,100,
1742,1873872,87,
1743,1873872,87,
1744,1873872,94,
1745,1873872,100,
1746,1873872,105,
1747,1873872,89,
1748,1873872,92,
1749,1873872,100,
1750,1873872,104,
1751,1873872,90,
1752,1873872,96,
1753,1873872,104,
1754,1873872,90,
1755,1873872,91,
1756,1873872,83,
1757,1873872,100,
1758,1873872,89,
1759,1873872,78,
1760,1873872,98,
1761,1873872,96,
1762,1873872,88,
1763,1873872,87,
1764,1873872,101,
1765,1873872,85,
1766,1873872,92,
1767,1873872,89,
1768,1873872,92,
1769,1873872,91,
1770,1873872,84,
1771,1873872,85,
1772,1873872,88,
1773,1873872,99,
1774,1873872,113,
1775,1873872,87,
1776,1873872,79,
1777,1873872,79,
1778,1873872,93,
1779,1873872,85,
1780,1873872,91,
1781,1873872,93,
1782,1873872,118,
1783,1873872,81,
1784,1873872,93,
1785,1873872,89,
1786,1873872,78,
1787,1873872,98,
1788,1873872,94,
1789,1873872,95,
1790,1873872,98,
1791,1873872,85,
1792,1873872,73,
1793,1873872,74,
1794,1873872,102,
1795,1873872,92,
1796,1873872,78,
1797,1873872,91,
1798,1873872,78,
1799,1873872,82,
1800,1873872,89,
1801,1873872,77,
1802,1873872,85,
1803,1873872,87,
1804,1873872,73,
1805,1873872,86,
1806,1873872,89,
1807,1873872,92,
1808,1873872,86,
1809,1873872,80,
1810,1873872,89,
1811,1873872,70,
1812,1873872,75,
1813,1873872,84,
1814,1873872,75,
1815,1873872,86,
1816,1873872,81,
1817,1873872,86,
1818,1873872,75,
1819,1873872,77,
1820,1873872,77,
1821,1873872,88,
1822,1873872,75,
1823,1873872,82,
1824,1873872,78,
1825,1873872,77,
1826,1873872,83,
1827,1873872,79,
1828,1873872,73,
1829,1873872,93,
1830,1873872,78,
1831,1873872,88,
1832,1873872,79,
1833,1873872,85,
1834,1873872,77,
1835,1873872,75,
1836,1873872,77,
1837,1873872,75,
1838,1873872,95,
1839,1873872,80,
1840,1873872,82,
1841,1873872,65,
1842,1873872,76,
1843,1873872,89,
1844,1873872,78,
1845,1873872,73,
1846,1873872,84,
1847,1873872,97,
1848,1873872,93,
1849,1873872,67,
1850,1873872,73,
1851,1873872,81,
1852,1873872,69,
1853,1873872,82,
1854,1873872,67,
1855,1873872,81,
1856,1873872,79,
1857,1873872,73,
1858,1873872,81,
1859,1873872,86,
1860,1873872,79,
1861,1873872,88,
1862,1873872,75,
1863,1873872,68,
1864,1873872,84,
1865,1873872,85,
1866,1873872,74,
1867,1873872,67,
1868,1873872,70,
1869,1873872,67,
1870,1873872,77,
1871,1873872,69,
1872,1873872,80,
1873,1873872,75,
1874,1873872,74,
1875,1873872,75,
1876,1873872,69,
1877,1873872,66,
1878,1873872,86,
1879,1873872,60,
1880,1873872,72,
1881,1873872,76,
1882,1873872,63,
1883,1873872,62,
1884,1873872,89,
1885,1873872,63,
1886,1873872,61,
1887,1873872,61,
1888,1873872,71,
1889,1873872,61,
1890,1873872,61,
1891,1873872,59,
1892,1873872,67,
1893,1873872,68,
1894,1873872,64,
1895,1873872,75,
1896,1873872,61,
1897,1873872,71,
1898,1873872,70,
1899,1873872,62,
1900,1873872,74,
1901,1873872,78,
1902,1873872,71,
1903,1873872,67,
1904,1873872,60,
1905,1873872,65,
1906,1873872,71,
1907,1873872,68,
1908,1873872,69,
1909,1873872,96,
1910,1873872,52,
1911,1873872,59,
1912,1873872,73,
1913,1873872,76,
1914,1873872,70,
1915,1873872,60,
1916,1873872,54,
1917,1873872,69,
1918,1873872,65,
1919,1873872,55,
1920,1873872,69,
1921,1873872,64,
1922,1873872,59,
1923,1873872,66,
1924,1873872,52,
1925,1873872,73,
1926,1873872,59,
1927,1873872,56,
1928,1873872,57,
1929,1873872,74,
1930,1873872,62,
1931,1873872,65,
1932,1873872,61,
1933,1873872,67,
1934,1873872,71,
1935,1873872,63,
1936,1873872,71,
1937,1873872,64,
1938,1873872,60,
1939,1873872,56,
1940,1873872,61,
1941,1873872,59,
1942,1873872,60,
1943,1873872,61,
1944,1873872,59,
1945,1873872,54,
1946,1873872,63,
1947,1873872,63,
1948,1873872,62,
1949,1873872,56,
1950,1873872,73,
1951,1873872,61,
1952,1873872,51,
1953,1873872,69,
1954,1873872,58,
1955,1873872,66,
1956,1873872,65,
1957,1873872,56,
1958,1873872,58,
1959,1873872,60,
1960,1873872,60,
1961,1873872,67,
1962,1873872,61,
1963,1873872,56,
1964,1873872,61,
1965,1873872,54,
1966,1873872,65,
1967,1873872,51,
1968,1873872,49,
1969,1873872,53,
1970,1873872,57,
1971,1873872,52,
1972,1873872,53,
1973,1873872,51,
1974,1873872,54,
1975,1873872,52,
1976,1873872,54,
1977,1873872,51,
1978,1873872,58,
1979,1873872,56,
1980,1873872,64,
1981,1873872,51,
1982,1873872,57,
1983,1873872,63,
1984,1873872,50,
1985,1873872,59,
1986,1873872,62,
1987,1873872,57,
1988,1873872,53,
1989,1873872,59,
1990,1873872,47,
1991,1873872,54,
1992,1873872,51,
1993,1873872,54,
1994,1873872,57,
1995,1873872,68,
1996,1873872,54,
1997,1873872,63,
1998,1873872,55,
1999,1873872,48,
2000,1873872,76,
2001,1873872,54,
2002,1873872,45,
2003,1873872,45,
2004,1873872,52,
2005,1873872,50,
2006,1873872,48,
2007,1873872,46,
2008,1873872,55,
2009,1873872,50,
2010,1873872,54,
2011,1873872,65,
2012,1873872,52,
2013,1873872,54,
2014,1873872,48,
2015,1873872,48,
2016,1873872,43,
2017,1873872,49,
2018,1873872,70,
2019,1873872,47,
2020,1873872,54,
2021,1873872,54,
2022,1873872,48,
2023,1873872,51,
2024,1873872,56,
2025,1873872,65,
2026,1873872,51,
2027,1873872,47,
2028,1873872,43,
2029,1873872,47,
2030,1873872,55,
2031,1873872,51,
2032,1873872,63,
2033,1873872,55,
2034,1873872,48,
2035,1873872,49,
2036,1873872,44,
2037,1873872,49,
2038,1873872,48,
2039,1873872,47,
2040,1873872,58,
2041,1873872,57,
2042,1873872,47,
2043,1873872,57,
2044,1873872,53,
2045,1873872,50,
2046,1873872,51,
2047,1873872,43,
2048,1873872,54,
2049,1873872,46,
2050,1873872,50,
2051,1873872,45,
2052,1873872,63,
2053,1873872,42,
2054,1873872,56,
2055,1873872,47,
2056,1873872,38,
2057,1873872,50,
2058,1873872,51,
2059,1873872,46,
2060,1873872,42,
2061,1873872,44,
2062,1873872,52,
2063,1873872,41,
2064,1873872,47,
2065,1873872,69,
2066,1873872,45,
2067,1873872,44,
2068,1873872,57,
2069,1873872,46,
2070,1873872,52,
2071,1873872,43,
2072,1873872,41,
2073,1873872,50,
2074,1873872,44,
2075,1873872,45,
2076,1873872,42,
2077,1873872,42,
2078,1873872,48,
2079,1873872,35,
2080,1873872,45,
2081,1873872,41,
2082,1873872,47,
2083,1873872,38,
2084,1873872,42,
2085,1873872,43,
2086,1873872,41,
2087,1873872,37,
2088,1873872,44,
2089,1873872,38,
2090,1873872,42,
2091,1873872,35,
2092,1873872,45,
2093,1873872,44,
2094,1873872,43,
2095,1873872,43,
2096,1873872,47,
2097,1873872,41,
2098,1873872,41,
2099,1873872,44,
2100,1873872,50,
2101,1873872,43,
2102,1873872,44,
2103,1873872,44,
2104,1873872,43,
2105,1873872,41,
2106,1873872,40,
2107,1873872,39,
2108,1873872,35,
2109,1873872,36,
2110,1873872,38,
2111,1873872,41,
2112,1873872,42,
2113,1873872,39,
2114,1873872,39,
2115,1873872,35,
2116,1873872,39,
2117,1873872,31,
2118,1873872,39,
2119,1873872,42,
2120,1873872,45,
2121,1873872,47,
2122,1873872,53,
2123,1873872,44,
2124,1873872,50,
2125,1873872,42,
2126,1873872,46,
2127,1873872,40,
2128,1873872,49,
2129,1873872,32,
2130,1873872,45,
2131,1873872,40,
2132,1873872,41,
2133,1873872,41,
2134,1873872,44,
2135,1873872,40,
2136,1873872,34,
2137,1873872,37,
2138,1873872,39,
2139,1873872,41,
2140,1873872,35,
2141,1873872,42,
2142,1873872,33,
2143,1873872,45,
2144,1873872,38,
2145,1873872,33,
2146,1873872,32,
2147,1873872,34,
2148,1873872,36,
2149,1873872,39,
2150,1873872,39,
2151,1873872,41,
2152,1873872,41,
2153,1873872,28,
2154,1873872,34,
2155,1873872,37,
2156,1873872,38,
2157,1873872,36,
2158,1873872,38,
2159,1873872,39,
2160,1873872,42,
2161,1873872,41,
2162,1873872,40,
2163,1873872,28,
2164,1873872,33,
2165,1873872,34,
2166,1873872,42,
2167,1873872,33,
2168,1873872,37,
2169,1873872,31,
2170,1873872,33,
2171,1873872,37,
2172,1873872,34,
2173,1873872,30,
2174,1873872,43,
2175,1873872,29,
2176,1873872,30,
2177,1873872,46,
2178,1873872,32,
2179,1873872,35,
2180,1873872,34,
2181,1873872,36,
2182,1873872,31,
2183,1873872,33,
2184,1873872,35,
2185,1873872,33,
2186,1873872,35,
2187,1873872,36,
2188,1873872,44,
2189,1873872,32,
2190,1873872,34,
2191,1873872,37,
2192,1873872,39,
2193,1873872,34,
2194,1873872,29,
2195,1873872,29,
2196,1873872,36,
2197,1873872,33,
2198,1873872,33,
2199,1873872,32,
2200,1873872,31,
2201,1873872,37,
2202,1873872,34,
2203,1873872,27,
2204,1873872,31,
2205,1873872,31,
2206,1873872,30,
2207,1873872,29,
2208,1873872,32,
2209,1873872,33,
2210,1873872,33,
2211,1873872,32,
2212,1873872,32,
2213,1873872,29,
2214,1873872,33,
2215,1873872,31,
2216,1873872,28,
2217,1873872,34,
2218,1873872,31,
2219,1873872,28,
2220,1873872,30,
2221,1873872,25,
2222,1873872,35,
2223,1873872,31,
2224,1873872,29,
2225,1873872,29,
2226,1873872,40,
2227,1873872,25,
2228,1873872,34,
2229,1873872,26,
2230,1873872,32,
2231,1873872,26,
2232,1873872,28,
2233,1873872,37,
2234,1873872,35,
2235,1873872,32,
2236,1873872,30,
2237,1873872,38,
2238,1873872,35,
2239,1873872,34,
2240,1873872,28,
2241,1873872,27,
2242,1873872,28,
2243,1873872,26,
2244,1873872,28,
2245,1873872,26,
2246,1873872,32,
2247,1873872,28,
2248,1873872,26,
2249,1873872,29,
2250,1873872,26,
2251,1873872,28,
2252,1873872,25,
2253,1873872,24,
2254,1873872,28,
2255,1873872,28,
2256,1873872,25,
2257,1873872,25,
2258,1873872,36,
2259,1873872,31,
2260,1873872,26,
2261,1873872,32,
2262,1873872,27,
2263,1873872,33,
2264,1873872,27,
2265,1873872,25,
2266,1873872,27,
2267,1873872,24,
2268,1873872,31,
2269,1873872,29,
2270,1873872,26,
2271,1873872,23,
2272,1873872,28,
2273,1873872,31,
2274,1873872,36,
2275,1873872,33,
2276,1873872,23,
2277,1873872,27,
2278,1873872,33,
2279,1873872,25,
2280,1873872,31,
2281,1873872,24,
2282,1873872,26,
2283,1873872,23,
2284,1873872,24,
2285,1873872,25,
2286,1873872,20,
2287,1873872,27,
2288,1873872,24,
2289,1873872,22,
2290,1873872,25,
2291,1873872,26,
2292,1873872,26,
2293,1873872,24,
2294,1873872,29,
2295,1873872,24,
2296,1873872,27,
2297,1873872,25,
2298,1873872,27,
2299,1873872,25,
2300,1873872,22,
2301,1873872,24,
2302,1873872,24,
2303,1873872,28,
2304,1873872,26,
2305,1873872,23,
2306,1873872,26,
2307,1873872,26,
2308,1873872,24,
2309,1873872,28,
2310,1873872,26,
2311,1873872,26,
2312,58099337,28,
2313,57708713,28,
2314,57264125,29,
2315,56843496,27,
2316,56418606,28,
2317,56018282,28,
2318,55494627,31,
2319,55110926,34,
2320,54553480,29,
2321,54129869,27,
2322,53740401,30,
2323,53327492,32,
2324,52832777,26,
2325,52472213,31,
2326,52043699,30,
2327,51564189,26,
2328,51195690,27,
2329,50862725,28,
2330,50377521,27,
2331,50045642,26,
2332,49628602,24,
2333,49326290,25,
2334,48954086,25,
2335,48631267,26,
2336,48304374,27,
2337,47878421,26,
2338,47485334,25,
2339,47219659,28,
2340,46777587,24,
2341,46472654,26,
2342,46118354,25,
2343,45778209,27,
2344,45394881,28,
2345,45061443,28,
2346,44689451,30,
2347,44275947,25,
2348,43898413,26,
2349,43592964,25,
2350,43268390,27,
2351,42908888,26,
2352,42535049,27,
2353,42200054,25,
2354,41850788,30,
2355,41469897,28,
2356,41137637,27,
2357,40825126,24,
2358,40492882,26,
2359,40150634,27,
2360,39803326,28,
2361,39450553,24,
2362,39169094,23,
2363,38866121,27,
2364,38513937,26,
2365,38201773,29,
2366,37821973,24,
2367,37543274,26,
2368,37176741,25,
2369,36971437,23,
2370,36623637,23,
2371,36369637,24,
2372,36045825,26,
2373,35724545,22,
2374,35467601,24,
2375,35160580,25,
2376,34877886,23,
2377,34600898,23,
2378,34330958,23,
2379,34101324,22,
2380,33815941,21,
2381,33606091,24,
2382,33311395,21,
2383,33040094,23,
2384,32812979,21,
2385,32567117,26,
2386,32260420,20,
2387,32033345,28,
2388,31737764,22,
2389,31476968,26,
2390,31177341,22,
2391,30926660,22,
2392,30690041,22,
2393,30495437,21,
2394,30222414,22,
2395,29969387,25,
2396,29663105,18,
2397,29503709,21,
2398,29285630,21,
2399,29047025,20,
2400,28852209,21,
2401,28610906,21,
2402,28397844,19,
2403,28190770,18,
2404,27997909,20,
2405,27764166,23,
2406,27536985,21,
2407,27331899,21,
2408,27108342,20,
2409,26880125,25,
2410,26617346,21,
2411,26405520,20,
2412,26204465,22,
2413,25975478,20,
2414,25763240,20,
2415,25561364,19,
2416,25366118,19,
2417,25203597,20,
2418,24955780,21,
2419,24740161,22,
2420,24546390,21,
2421,24348122,20,
2422,24145661,20,
2423,23933181,19,
2424,23769622,22,
2425,23552049,17,
2426,23378636,20,
2427,23185176,22,
2428,22985837,20,
2429,22783008,22,
2430,22596017,27,
2431,22324118,21,
2432,22113932,17,
2433,21961586,23,
2434,21737726,20,
2435,21558061,19,
2436,21368970,21,
2437,21194534,19,
2438,20994294,20,
2439,20832258,20,
2440,20633342,21,
2441,20435809,21,
2442,20263081,18,
2443,20116717,19,
2444,19925450,18,
2445,19764942,20,
2446,19585910,21,
2447,19388659,18,
2448,19241794,18,
2449,19082795,20,
2450,18899667,18,
2451,18757766,20,
2452,18583267,17,
2453,18446929,20,
2454,18251457,20,
2455,18110601,17,
2456,17923238,20,
2457,17792942,19,
2458,17619124,21,
2459,17423910,21,
2460,17260850,18,
2461,17136666,20,
2462,16941273,15,
2463,16839158,20,
2464,16670765,20,
2465,16503302,15,
2466,16379668,16,
2467,16247857,17,
2468,16114478,21,
2469,15941165,17,
2470,15796571,20,
2471,15642470,16,
2472,15514925,16,
2473,15401869,17,
2474,15270453,16,
2475,15144580,15,
2476,15013414,16,
2477,14893050,16,
2478,14770011,17,
2479,14638373,15,
2480,14512771,16,
2481,14393666,17,
2482,14272181,16,
2483,14151121,16,
2484,14013412,15,
2485,13919859,18,
2486,13779763,16,
2487,13658609,15,
2488,13544250,16,
2489,13422361,17,
2490,13311053,15,
2491,13203837,16,
2492,13094116,18,
2493,12955309,15,
2494,12841869,19,
2495,12698581,16,
2496,12594669,14,
2497,12481285,16,
2498,12392574,13,
2499,12293587,18,
2500,12165467,16,
2501,12061502,15,
2502,11950381,16,
2503,11834753,18,
2504,11697894,19,
2505,11582266,16,
2506,11485930,14,
2507,11375507,18,
2508,11249371,15,
2509,11159109,17,
2510,11053989,19,
2511,10928490,17,
2512,10797849,15,
2513,10689962,17,
2514,10603474,17,
2515,10489701,15,
2516,10378242,13,
2517,10303956,15,
2518,10204533,18,
2519,10084747,15,
2520,9994549,16,
2521,9882422,16,
2522,9783016,14,
2523,9714664,13,
2524,9620663,15,
2525,9542034,14,
2526,9453388,13,
2527,9352421,14,
2528,9277850,15,
2529,9188570,15,
2530,9097689,12,
2531,9025097,13,
2532,8949368,16,
2533,8835281,13,
2534,8769986,16,
2535,8669774,14,
2536,8606258,13,
2537,8511513,15,
2538,8420363,14,
2539,8346051,13,
2540,8273096,15,
2541,8189741,11,
2542,8113850,14,
2543,8038753,14,
2544,7962661,16,
2545,7878464,15,
2546,7802654,14,
2547,7722050,14,
2548,7633065,14,
2549,7556107,13,
2550,7486497,12,
2551,7420776,16,
2552,7339896,15,
2553,7252211,13,
2554,7176070,11,
2555,7120653,14,
2556,7059754,14,
2557,6969785,12,
2558,6912558,13,
2559,6843416,14,
2560,6766081,14,
2561,6693578,14,
2562,6619529,12,
2563,6549154,14,
2564,6489421,12,
2565,6429713,12,
2566,6360701,13,
2567,6302018,14,
2568,6224851,11,
2569,6173825,11,
2570,6128457,13,
2571,6051149,12,
2572,6000981,14,
2573,5927261,14,
2574,5856877,14,
2575,5797636,12,
2576,5738264,13,
2577,5666108,15,
2578,5597174,11,
2579,5553819,14,
2580,5479158,11,
2581,5431032,14,
2582,5357429,12,
2583,5320466,12,
2584,5253941,11,
2585,5198438,12,
2586,5154582,10,
2587,5113794,11,
2588,5044532,10,
2589,5005197,10,
2590,4965749,13,
2591,4900458,10,
2592,4863206,11,
2593,4811221,15,
2594,4742262,11,
2595,4701821,11,
2596,4651658,14,
2597,4590315,11,
2598,4534804,12,
2599,4488993,13,
2600,4435755,9,
2601,4403700,13,
2602,4345379,11,
2603,4302654,10,
2604,4255585,12,
2605,4203361,10,
2606,4168510,10,
2607,4126701,12,
2608,4075469,12,
2609,4028010,10,
2610,3988950,11,
2611,3949979,13,
2612,3891366,11,
2613,3853403,9,
2614,3810422,10,
2615,3767426,11,
2616,3736826,12,
2617,3690419,10,
2618,3644954,11,
2619,3609693,10,
2620,3568217,11,
2621,3523914,10,
2622,3483196,10,
2623,3454211,11,
2624,3416756,12,
2625,3371549,9,
2626,3337106,11,
2627,3291954,11,
2628,3247286,11,
2629,3213734,10,
2630,3175910,9,
2631,3137342,11,
2632,3106045,10,
2633,3075533,10,
2634,3034688,11,
2635,2996110,9,
2636,2965492,9,
2637,2934781,9,
2638,2902884,10,
2639,2868177,11,
2640,2830310,10,
2641,2798966,10,
2642,2767634,8,
2643,2737451,8,
2644,2713189,10,
2645,2678853,11,
2646,2643733,11,
2647,2608094,10,
2648,2574369,11,
2649,2540050,8,
2650,2512041,9,
2651,2485031,10,
2652,2457653,9,
2653,2424224,10,
2654,2395830,11,
2655,2358425,9,
2656,2333989,9,
2657,2304419,10,
2658,2274334,9,
2659,2248056,9,
2660,2224030,10,
2661,2194443,9,
2662,2165549,8,
2663,2138677,11,
2664,2111070,8,
2665,2083995,8,
2666,2059651,8,
2667,2041606,10,
2668,2011631,10,
2669,1984857,10,
2670,1956582,9,
2671,1932420,9,
2672,1906923,8,
2673,1880609,10,
2674,1853774,9,
2675,1832314,8,
2676,1808925,8,
2677,1787674,10,
2678,1760277,9,
2679,1737942,7,
2680,1716281,9,
2681,1695510,8,
2682,1676898,8,
2683,1655243,9,
2684,1627405,10,
2685,1603718,8,
2686,1584024,9,
2687,1563070,8,
2688,1541627,8,
2689,1523463,8,
2690,1501242,8,
2691,1482634,9,
2692,1461129,8,
2693,1440821,7,
2694,1426558,8,
2695,1405246,7,
2696,1385510,8,
2697,1369985,7,
2698,1353118,8,
2699,1335580,8,
2700,1314899,8,
2701,1297755,8,
2702,1280355,9,
2703,1261418,9,
2704,1237277,6,
2705,1227022,8,
2706,1210725,8,
2707,1188522,7,
2708,1177376,8,
2709,1156634,7,
2710,1142738,9,
2711,1121477,7,
2712,1107043,8,
2713,1089161,6,
2714,1081076,7,
2715,1064181,7,
2716,1046994,7,
2717,1034501,7,
2718,1020630,7,
2719,1008018,8,
2720,990954,7,
2721,976811,7,
2722,962350,7,
2723,949451,8,
2724,933659,9,
2725,916741,8,
2726,902885,7,
2727,888971,6,
2728,876970,8,
2729,865083,6,
2730,850725,8,
2731,838302,7,
2732,823357,8,
2733,809458,7,
2734,799756,7,
2735,783525,6,
2736,773465,7,
2737,759014,6,
2738,749307,6,
2739,738393,6,
2740,730935,6,
2741,718941,8,
2742,707795,7,
2743,693272,7,
2744,683810,6,
2745,673029,8,
2746,659669,7,
2747,648134,7,
2748,637970,5,
2749,629697,6,
2750,618641,6,
2751,609384,6,
2752,601329,6,
2753,590997,7,
2754,579242,6,
2755,571834,6,
2756,561515,6,
2757,553570,5,
2758,546324,5,
2759,537751,7,
2760,528075,7,
2761,517949,5,
2762,509994,7,
2763,501578,6,
2764,491662,5,
2765,484797,6,
2766,476829,6,
2767,468849,5,
2768,462314,5,
2769,455030,7,
2770,445043,6,
2771,437766,5,
2772,431564,5,
2773,424686,6,
2774,416193,6,
2775,408483,7,
2776,400549,6,
2777,393361,5,
2778,385910,7,
2779,376857,5,
2780,370484,6,
2781,364235,6,
2782,356355,6,
2783,350073,5,
2784,344562,6,
2785,337397,5,
2786,331954,5,
2787,324653,4,
2788,320498,5,
2789,314661,6,
2790,308329,6,
2791,301238,4,
2792,297722,6,
2793,290410,5,
2794,285344,5,
2795,279513,5,
2796,273805,5,
2797,269163,5,
2798,263665,4,
2799,261114,5,
2800,255446,6,
2801,249154,5,
2802,243829,5,
2803,239194,4,
2804,235163,5,
2805,230718,5,
2806,225334,5,
2807,220808,5,
2808,216698,5,
2809,210993,5,
2810,206435,5,
2811,202235,6,
2812,197049,4,
2813,193790,5,
2814,188811,6,
2815,183782,4,
2816,180027,5,
2817,176030,6,
2818,171113,4,
2819,167380,4,
2820,164516,4,
2821,161850,4,
2822,158042,4,
2823,154626,4,
2824,151701,4,
2825,148685,4,
2826,145921,4,
2827,142293,5,
2828,138386,5,
2829,134814,5,
2830,131106,4,
2831,128675,4,
2832,125574,4,
2833,122826,4,
2834,119825,4,
2835,117659,4,
2836,114415,5,
2837,111189,4,
2838,108122,5,
2839,105299,5,
2840,101985,5,
2841,99204,5,
2842,95306,4,
2843,93514,4,
2844,90909,5,
2845,87809,3,
2846,86010,5,
2847,82778,5,
2848,80633,5,
2849,77355,5,
2850,74561,4,
2851,72617,4,
2852,70373,5,
2853,67370,3,
2854,65896,5,
2855,63290,3,
2856,61993,4,
2857,60386,4,
2858,58155,5,
2859,55497,3,
2860,54123,4,
2861,52425,4,
2862,50547,5,
2863,48294,4,
2864,46586,3,
2865,45389,3,
2866,44258,4,
2867,42574,4,
2868,40762,3,
2869,39733,3,
2870,38170,4,
2871,36710,3,
2872,35541,4,
2873,34057,4,
2874,32629,3,
2875,31559,4,
2876,30102,3,
2877,29228,3,
2878,28118,3,
2879,27296,3,
2880,26011,4,
2881,24982,3,
2882,23841,3,
2883,22958,4,
2884,21874,4,
2885,20534,3,
2886,19865,4,
2887,18825,4,
2888,17546,3,
2889,16814,3,
2890,15926,3,
2891,15299,4,
2892,14358,3,
2893,13656,4,
2894,12645,3,
2895,11931,3,
2896,11358,3,
2897,10710,3,
2898,10068,3,
2899,9425,2,
2900,9090,3,
2901,8546,3,
2902,7950,3,
2903,7433,3,
2904,6953,2,
2905,6598,3,
2906,6101,3,
2907,5726,3,
2908,5248,2,
2909,4965,3,
2910,4538,2,
2911,4261,2,
2912,3994,2,
2913,3785,2,
2914,3506,2,
2915,3275,3,
2916,2925,2,
2917,2720,2,
2918,2526,3,
2919,2234,2,
2920,2029,2,
2921,1858,2,
2922,1697,2,
2923,1530,2,
2924,1378,2,
2925,1229,2,
2926,1093,2,
2927,965,2,
2928,845,2,
2929,733,2,
2930,629,2,
2931,538,2,
2932,445,2,
2933,365,2,
2934,290,2,
2935,225,1,
2936,196,1,
2937,169,1,
2938,144,1,
2939,121,1,
2940,100,1,
2941,81,1,
2942,64,1,
2943,49,1,
2944,36,1,
2945,25,1,
2946,16,1,
2947,9,1,
2948,4,1,
2949,1,1,
