Partial Array Size, Num Uncov Int, Num Edges
6000,7415,20893469
6000,7355,20561544
6000,7362,20605499
6000,7192,19662851
6000,7616,22042612
6000,7213,19788247
6000,7761,22890211
6000,7500,21398164
6000,7664,22327836
6000,7501,21395349
6005,7348,20501100
6005,7460,21093772
6005,7574,21736039
6005,7149,19445573
6005,7259,20005605
6005,7349,20492329
6005,7191,19676243
6005,7299,20248259
6005,7586,21831412
6005,7724,22648011
6010,7046,18893978
6010,7340,20455825
6010,7465,21147605
6010,7637,22073830
6010,7360,20551948
6010,7358,20465138
6010,7572,21750958
6010,7085,19029889
6010,7474,21173911
6010,7169,19520559
6015,7283,20164662
6015,7363,20571940
6015,7467,21154166
6015,7354,20544693
6015,6590,16519637
6015,7461,21137641
6015,7369,20545533
6015,7455,21050537
6015,7303,20275573
6015,7273,20071701
6020,7129,19324939
6020,7517,21425299
6020,7659,22306127
6020,7107,19182612
6020,7499,21321809
6020,7186,19625222
6020,7656,22229667
6020,7487,21315284
6020,7080,18986880
6020,6942,18317391
6025,7258,19987862
6025,7221,19775006
6025,7228,19836964
6025,7193,19657043
6025,7366,20651083
6025,6868,17886432
6025,7082,19082465
6025,7391,20712487
6025,7195,19635668
6025,7135,19328859
6030,6730,17230846
6030,7193,19709895
6030,7104,19188894
6030,6984,18507164
6030,7152,19452167
6030,7049,18921890
6030,7327,20381938
6030,6953,18321206
6030,7610,21960477
6030,7118,19235383
6035,6967,18444899
6035,7330,20330160
6035,6970,18464039
6035,7088,19060532
6035,6875,17940624
6035,7037,18796274
6035,7035,18838404
6035,7071,19047363
6035,6849,17805388
6035,7375,20595618
6040,7060,18907658
6040,7367,20605418
6040,7104,19114289
6040,6779,17462715
6040,6891,18020891
6040,7371,20559794
6040,7585,21689843
6040,7280,20115568
6040,7325,20276472
6040,7227,19813526
6045,6933,18265361
6045,7074,18965228
6045,6807,17607990
6045,6688,16968870
6045,6654,16820041
6045,7171,19522385
6045,7175,19590749
6045,7063,18918616
6045,7213,19737263
6045,6983,18567860
6050,7310,20256812
6050,6867,17863788
6050,7054,18867620
6050,6532,16254234
6050,7262,19975630
6050,6634,16736274
6050,6469,15929853
6050,7095,19098982
6050,6775,17387935
6050,7228,19816583
6055,6457,15818698
6055,6831,17714634
6055,7216,19790649
6055,6977,18440912
6055,6667,16866526
6055,6906,18120872
6055,7045,18852133
6055,7235,19845042
6055,7287,20140656
6055,7229,19807641
6060,6731,17239718
6060,6768,17399381
6060,7001,18606348
6060,7181,19522602
6060,6697,17059272
6060,7004,18637902
6060,6951,18387825
6060,6933,18251405
6060,6792,17487529
6060,7644,22130823
6065,6929,18248434
6065,6736,17189397
6065,7197,19653302
6065,6721,17153780
6065,6615,16636641
6065,7077,18968920
6065,6560,16311688
6065,6856,17808444
6065,6955,18385086
6065,6788,17443989
6070,6704,17026355
6070,6606,16585963
6070,7007,18614203
6070,7285,20127920
6070,6964,18406483
6070,6465,15887239
6070,6323,15224267
6070,6679,16960207
6070,6811,17638897
6070,6895,18057814
6075,6936,18289788
6075,6268,14923975
6075,7080,18999661
6075,6884,18036097
6075,6786,17456418
6075,6607,16608143
6075,6603,16554983
6075,6388,15521986
6075,6477,15979092
6075,6917,18148496
6080,6575,16390653
6080,6418,15622269
6080,6358,15354620
6080,6165,14452587
6080,6612,16612704
6080,6233,14791661
6080,7033,18758170
6080,6664,16848342
6080,6818,17614115
6080,7400,20739390
6085,6515,16106174
6085,6967,18427207
6085,6725,17186593
6085,6341,15278361
6085,6285,15014605
6085,6780,17446538
6085,6191,14575279
6085,6268,14935944
6085,6647,16769271
6085,6280,15001563
6090,6756,17340417
6090,6676,16949151
6090,6389,15518576
6090,6269,14927821
6090,6564,16367294
6090,6498,16014568
6090,6627,16701519
6090,6892,17983412
6090,6669,16874305
6090,6559,16344412
6095,6343,15300298
6095,6502,16054262
6095,6395,15544122
6095,6653,16726118
6095,6947,18283201
6095,6458,15858514
6095,6309,15168824
6095,6531,16202250
6095,6500,16070798
6095,6811,17640996
6100,6625,16692158
6100,6533,16214806
6100,6532,16232112
6100,6558,16293085
6100,6847,17814996
6100,6272,14891999
6100,6543,16283051
6100,6276,14943004
6100,6455,15782684
6100,6251,14864372
6105,6204,14634219
6105,6495,15980287
6105,6768,17295176
6105,6209,14685922
6105,6312,15116746
6105,6728,17177424
6105,6357,15350774
6105,6382,15468805
6105,6583,16503241
6105,6676,16899865
6110,6375,15437292
6110,6116,14179638
6110,6134,14304044
6110,6674,16922864
6110,6610,16548690
6110,6247,14817427
6110,6634,16724226
6110,6441,15719899
6110,6631,16687538
6110,6744,17189211
6115,6261,14895868
6115,6395,15540061
6115,6271,14921288
6115,6425,15672872
6115,6296,15025164
6115,7229,19678147
6115,6403,15534047
6115,5816,12840435
6115,6307,15122694
6115,6737,17168883
6120,6004,13712997
6120,6280,14959575
6120,6385,15496176
6120,6663,16840969
6120,6674,16919591
6120,6635,16693908
6120,6536,16151400
6120,6644,16718021
6120,6145,14308620
6120,6407,15597741
6125,6139,14311103
6125,6276,14967639
6125,6862,17837692
6125,6035,13861507
6125,5969,13572662
6125,6167,14441687
6125,6240,14775906
6125,6046,13893350
6125,6067,13949885
6125,6066,13980058
6130,5957,13467546
6130,6165,14440134
6130,6411,15619946
6130,6346,15287011
6130,6394,15508914
6130,6406,15572300
6130,6545,16188108
6130,6150,14378133
6130,6475,15915388
6130,6422,15620970
6135,6175,14474546
6135,6063,13980747
6135,6229,14730393
6135,6081,14041533
6135,6578,16448559
6135,6042,13877764
6135,6289,15018241
6135,6391,15489872
6135,6178,14487025
6135,6290,15023663
6140,5904,13205782
6140,6296,15062626
6140,6464,15819863
6140,6106,14134606
6140,6223,14716412
6140,6325,15118885
6140,6281,14945166
6140,6109,14169238
6140,6198,14599605
6140,5878,13091128
6145,5922,13302719
6145,5908,13260604
6145,6197,14607177
6145,6100,14153714
6145,6686,16917826
6145,5834,12912097
6145,5840,12978179
6145,5964,13513073
6145,6367,15363358
6145,6490,15979126
6150,6049,13894927
6150,6298,14974005
6150,6117,14217964
6150,5865,13056693
6150,5963,13517326
6150,6221,14687801
6150,6168,14461154
6150,6266,14965252
6150,6038,13811545
6150,5927,13320696
6155,5962,13513301
6155,5993,13623212
6155,5781,12711829
6155,6387,15416872
6155,6253,14841114
6155,5804,12805689
6155,6372,15425916
6155,5735,12476366
6155,5859,13021814
6155,5833,12896021
6160,5851,13016119
6160,6342,15204769
6160,6309,15079304
6160,5940,13390091
6160,5985,13583874
6160,6185,14544180
6160,5666,12211585
6160,6241,14770860
6160,5563,11787848
6160,5830,12902700
6165,5801,12778400
6165,6008,13669818
6165,5963,13505385
6165,5864,13079267
6165,5951,13427406
6165,5782,12708732
6165,5767,12656380
6165,5624,12018778
6165,5891,13164112
6165,6150,14364678
6170,5798,12748316
6170,6339,15207530
6170,6061,13930434
6170,6417,15612512
6170,5680,12267325
6170,5909,13281014
6170,5838,12924908
6170,5892,13120001
6170,5790,12678239
6170,5634,12070889
6175,5984,13560742
6175,5943,13390657
6175,5937,13348950
6175,5684,12296976
6175,5671,12231873
6175,5835,12923599
6175,6052,13881352
6175,5844,12970124
6175,5798,12732656
6175,5762,12598545
6180,5903,13223394
6180,5611,11979355
6180,6058,13889261
6180,5943,13421267
6180,6317,15157656
6180,5803,12801124
6180,5997,13649169
6180,5903,13204518
6180,6282,14938792
6180,6029,13784276
6185,5403,11099151
6185,6026,13776472
6185,5632,12007512
6185,5659,12152535
6185,5653,12133882
6185,5612,11981391
6185,5589,11870225
6185,5920,13328318
6185,5723,12431091
6185,5811,12812770
6190,5401,11099285
6190,5959,13466113
6190,5371,10963475
6190,5929,13332497
6190,5881,13135407
6190,5709,12395576
6190,5785,12685481
6190,5997,13631658
6190,5586,11847850
6190,5937,13355392
6195,5476,11400180
6195,5453,11301890
6195,5456,11294949
6195,5448,11264159
6195,5598,11917638
6195,5839,12925023
6195,5962,13471305
6195,5958,13447042
6195,5607,11956421
6195,5810,12815106
6200,5606,11936127
6200,5542,11654947
6200,5719,12418946
6200,5937,13377175
6200,5382,10995463
6200,6028,13789902
6200,5623,11999169
6200,5422,11181577
6200,5672,12209435
6200,5717,12397374
6205,5369,10934436
6205,5590,11872215
6205,5546,11690237
6205,5931,13350831
6205,5721,12404528
6205,5807,12794910
6205,5908,13218535
6205,5409,11136278
6205,5855,12985786
6205,5848,13001098
6210,5666,12177215
6210,5622,11991979
6210,5736,12498113
6210,5744,12505944
6210,5503,11485543
6210,5528,11604538
6210,5858,12997837
6210,5448,11280354
6210,5527,11584594
6210,5741,12493600
6215,5453,11270743
6215,5178,10214051
6215,5604,11908536
6215,5730,12426254
6215,5734,12480453
6215,5772,12655709
6215,5649,12095742
6215,5592,11855665
6215,6041,13808369
6215,5710,12341829
6220,5728,12438266
6220,5235,10444746
6220,5428,11184213
6220,5484,11448158
6220,5467,11339838
6220,5426,11186533
6220,5444,11252638
6220,5736,12462336
6220,5624,12020679
6220,5735,12490976
6225,5657,12115452
6225,5372,10934657
6225,5820,12799316
6225,5513,11544697
6225,5619,11960729
6225,5572,11777228
6225,5437,11232013
6225,5707,12317751
6225,5402,11096398
6225,5651,12081769
6230,5334,10806412
6230,5723,12418918
6230,5156,10087432
6230,5519,11556351
6230,5473,11383397
6230,5377,10982164
6230,5390,11043074
6230,5364,10953929
6230,5489,11380293
6230,5673,12191817
6235,5750,12532176
6235,5303,10683641
6235,5752,12538130
6235,5358,10876517
6235,5019,9551730
6235,5654,12138393
6235,5268,10537665
6235,5450,11284399
6235,5539,11645372
6235,5420,11088736
6240,5287,10612893
6240,5254,10486297
6240,5326,10759042
6240,5245,10460243
6240,5320,10752824
6240,5202,10280450
6240,5276,10564507
6240,5346,10836779
6240,5371,10957692
6240,5385,10988461
6245,5153,10088014
6245,5498,11447776
6245,5397,11043663
6245,5290,10635042
6245,5041,9647521
6245,5429,11183499
6245,5385,11019346
6245,5339,10809861
6245,5628,11967734
6245,5387,11028369
6250,5165,10126669
6250,5335,10815810
6250,5322,10741810
6250,4998,9510640
6250,5235,10402932
6250,4888,9091916
6250,5159,10092858
6250,4958,9362571
6250,5385,10982826
6250,5344,10845282
6255,5181,10182644
6255,5180,10140040
6255,5393,11031265
6255,5285,10614213
6255,5241,10451279
6255,5341,10817664
6255,5121,9973192
6255,4968,9389775
6255,5062,9724294
6255,5029,9600228
6260,5261,10490989
6260,5181,10171668
6260,4898,9115699
6260,4799,8758120
6260,5207,10296653
6260,5172,10139977
6260,4871,9008897
6260,5134,10015986
6260,5276,10564137
6260,5218,10308592
6265,5379,10961243
6265,5139,10008584
6265,5251,10480578
6265,5390,10994486
6265,5113,9922682
6265,4896,9122584
6265,5181,10179115
6265,5333,10780794
6265,5130,10002273
6265,5458,11273549
6270,4732,8509843
6270,5111,9937647
6270,4932,9231037
6270,5058,9698913
6270,5240,10428203
6270,5051,9707214
6270,5033,9627371
6270,5090,9844798
6270,5313,10680974
6270,5457,11306027
6275,4908,9159838
6275,5248,10438458
6275,5145,10016240
6275,4900,9117790
6275,5097,9863587
6275,5459,11270974
6275,5262,10476324
6275,5432,11183128
6275,4892,9089321
6275,5237,10408013
6280,5093,9831496
6280,4805,8778653
6280,5316,10658783
6280,5120,9917504
6280,5110,9864326
6280,5251,10466894
6280,5064,9719538
6280,5361,10894408
6280,5229,10364064
6280,4999,9493410
6285,5131,9971041
6285,5154,10073983
6285,5459,11317250
6285,5062,9728272
6285,4905,9136220
6285,4801,8758053
6285,5033,9607833
6285,4953,9313301
6285,4883,9057014
6285,5113,9944583
6290,4935,9263503
6290,4820,8822237
6290,4893,9081302
6290,5086,9826879
6290,5187,10202313
6290,5027,9586709
6290,5247,10438021
6290,4842,8895381
6290,4891,9090216
6290,4983,9455297
6295,5081,9820801
6295,5229,10385556
6295,5003,9517548
6295,5085,9837635
6295,5066,9729491
6295,4923,9203756
6295,5014,9538441
6295,5070,9722146
6295,4623,8110232
6295,4977,9362231
6300,5048,9700406
6300,5046,9656337
6300,4886,9025387
6300,5082,9812806
6300,4947,9286703
6300,4607,8064000
6300,5113,9888559
6300,5228,10360763
6300,4683,8335546
6300,5052,9669691
6305,4786,8712703
6305,5013,9535045
6305,4884,9066329
6305,4933,9222387
6305,4948,9287224
6305,4739,8511671
6305,5273,10518697
6305,4779,8686959
6305,4986,9429281
6305,5068,9736040
6310,4951,9268585
6310,4898,9131881
6310,4967,9365302
6310,4864,8978800
6310,5023,9572200
6310,4844,8902444
6310,4936,9206881
6310,5096,9863713
6310,5097,9814257
6310,4944,9269536
6315,4593,8018020
6315,4657,8243012
6315,5134,9973553
6315,5046,9662973
6315,4736,8545502
6315,5328,10754799
6315,4900,9115957
6315,4613,8085355
6315,5007,9514414
6315,4717,8408550
6320,4713,8426422
6320,4991,9457926
6320,4827,8844860
6320,4725,8439775
6320,4395,7343730
6320,5148,10006766
6320,4758,8605365
6320,5003,9510255
6320,4727,8492851
6320,5013,9536984
6325,4457,7557138
6325,4902,9111295
6325,4795,8710455
6325,4664,8265707
6325,4782,8661112
6325,4880,9030169
6325,4655,8231850
6325,5152,10086229
6325,4894,9056112
6325,4756,8589660
6330,4926,9164096
6330,4313,7057243
6330,4436,7455244
6330,5004,9503463
6330,4937,9229670
6330,4816,8801225
6330,4792,8718261
6330,4915,9171340
6330,4747,8532046
6330,4573,7946622
6335,4547,7845182
6335,4926,9220973
6335,4979,9396762
6335,4858,8941043
6335,4918,9147597
6335,4610,8037645
6335,4881,9014232
6335,5067,9701448
6335,4628,8138299
6335,4894,9102633
6340,4575,7947894
6340,4813,8790609
6340,4650,8220998
6340,4847,8925101
6340,4786,8692463
6340,4722,8456543
6340,4736,8532215
6340,4776,8620611
6340,4825,8820151
6340,4840,8856901
6345,4726,8489449
6345,4274,6953298
6345,4560,7895189
6345,4382,7294526
6345,4409,7383182
6345,4798,8715128
6345,4461,7563994
6345,4609,8092336
6345,4420,7426853
6345,4774,8639366
6350,4591,8003250
6350,4495,7650240
6350,4826,8818438
6350,4568,7924655
6350,4523,7771711
6350,4471,7568073
6350,4783,8674248
6350,4394,7349892
6350,4465,7581523
6350,4574,7935345
6355,4532,7788048
6355,4697,8380850
6355,4770,8611049
6355,4777,8647245
6355,4451,7517171
6355,4429,7440032
6355,4664,8242632
6355,4944,9272999
6355,5082,9764566
6355,4611,8058865
6360,4719,8456360
6360,4732,8510371
6360,4602,8029674
6360,4433,7465524
6360,4314,7080434
6360,4409,7382802
6360,4865,8979775
6360,4641,8170833
6360,4502,7703123
6360,4406,7361471
6365,4501,7691353
6365,4476,7600354
6365,4937,9250209
6365,4731,8491593
6365,4588,7980819
6365,4789,8695350
6365,4558,7887142
6365,4676,8288172
6365,4561,7882050
6365,4446,7506189
6370,4654,8210733
6370,4339,7157512
6370,4508,7706540
6370,4560,7910563
6370,4622,8085503
6370,4560,7883412
6370,4636,8144658
6370,4638,8145283
6370,4764,8564097
6370,4513,7723340
6375,4467,7551094
6375,4366,7233169
6375,4438,7459873
6375,4474,7595416
6375,4666,8253779
6375,4196,6698597
6375,4617,8086437
6375,4521,7765385
6375,4485,7633313
6375,4329,7110953
6380,4442,7469306
6380,4716,8409582
6380,4399,7352757
6380,4602,8017583
6380,4518,7740904
6380,4232,6801363
6380,4548,7827990
6380,4451,7506173
6380,4572,7937142
6380,4489,7653377
6385,4481,7614172
6385,4454,7511474
6385,4341,7151309
6385,4292,7006007
6385,4418,7410324
6385,4268,6913720
6385,4656,8216652
6385,4375,7259959
6385,4709,8401338
6385,4499,7679160
6390,4375,7273940
6390,4496,7656076
6390,4128,6470693
6390,4387,7300363
6390,4208,6722035
6390,4262,6905251
6390,4277,6943096
6390,4560,7886086
6390,4252,6863373
6390,4287,6973273
6395,4396,7310625
6395,4225,6770323
6395,4743,8538072
6395,4409,7359561
6395,4249,6856405
6395,4526,7739341
6395,4141,6494122
6395,4225,6774782
6395,4212,6738109
6395,4327,7091418
6400,4229,6798638
6400,4282,6945161
6400,4794,8691007
6400,4445,7500911
6400,4346,7176825
6400,4212,6715255
6400,4302,7031137
6400,4416,7405642
6400,4127,6477579
6400,4283,6957247
6405,4230,6781603
6405,4134,6502898
6405,4239,6823908
6405,4190,6670557
6405,4056,6245239
6405,4201,6675486
6405,4154,6554758
6405,4138,6486963
6405,4341,7172052
6405,4323,7100730
6410,4185,6639752
6410,4246,6836921
6410,4368,7244419
6410,4357,7201578
6410,4427,7417128
6410,4293,6998922
6410,4350,7158713
6410,4463,7558698
6410,4400,7319596
6410,3969,5983848
6415,4148,6527423
6415,4143,6518014
6415,4254,6875909
6415,4390,7318325
6415,4206,6706329
6415,4140,6504950
6415,4715,8417068
6415,4146,6520723
6415,4324,7076833
6415,4025,6148319
6420,4405,7338501
6420,4169,6607549
6420,4126,6476221
6420,4189,6656650
6420,4027,6163577
6420,4347,7181550
6420,4129,6477512
6420,4125,6448520
6420,4306,7032189
6420,4384,7286103
6425,4119,6417887
6425,3949,5927401
6425,4275,6939098
6425,4200,6662074
6425,4355,7183813
6425,4175,6594910
6425,4371,7234050
6425,4181,6610569
6425,4226,6770839
6425,4078,6295059
6430,3907,5807297
6430,4159,6544897
6430,4042,6201198
6430,4175,6610371
6430,4057,6238723
6430,4156,6544981
6430,3858,5647728
6430,4259,6863369
6430,4010,6092741
6430,3799,5480360
6435,3957,5946112
6435,4073,6289031
6435,3937,5896427
6435,4194,6665942
6435,4397,7332441
6435,4121,6418174
6435,4264,6896881
6435,4183,6652166
6435,4157,6543891
6435,4225,6748152
6440,4090,6357835
6440,4420,7368229
6440,4013,6116509
6440,4057,6242999
6440,3976,6005270
6440,4052,6217238
6440,4152,6525073
6440,3826,5554432
6440,4044,6197408
6440,4098,6373545
6445,4165,6554011
6445,4070,6288090
6445,4187,6637017
6445,4220,6734729
6445,4008,6093986
6445,3988,6050210
6445,3973,5991812
6445,4126,6452895
6445,3976,5998337
6445,4107,6399657
6450,4033,6171549
6450,4038,6166948
6450,3983,6018307
6450,4082,6311944
6450,4144,6490444
6450,4026,6149661
6450,4140,6513637
6450,4202,6666255
6450,4123,6427887
6450,3910,5814337
6455,4065,6268870
6455,3971,5996444
6455,4144,6514125
6455,4167,6596627
6455,4117,6422231
6455,4249,6823335
6455,4166,6576916
6455,3996,6065839
6455,3844,5601528
6455,3780,5423568
6460,3884,5725609
6460,3945,5896521
6460,3996,6051398
6460,4080,6322960
6460,3781,5420758
6460,4016,6112773
6460,4087,6322621
6460,4042,6200910
6460,3946,5912484
6460,4105,6397337
6465,4073,6303743
6465,4007,6094127
6465,3871,5700023
6465,4044,6221796
6465,4079,6318023
6465,3694,5173790
6465,3922,5841292
6465,3925,5813678
6465,4011,6105769
6465,3940,5881578
6470,3729,5284624
6470,3884,5737426
6470,4135,6474595
6470,3906,5773954
6470,4078,6306143
6470,3812,5510087
6470,3823,5538664
6470,3847,5611073
6470,3814,5522998
6470,4032,6168345
6475,4075,6285209
6475,4050,6224136
6475,3896,5746927
6475,3734,5287706
6475,3850,5636599
6475,3638,5032394
6475,3935,5876745
6475,3721,5259371
6475,3585,4875684
6475,3464,4562938
6480,3604,4934977
6480,3841,5595828
6480,3628,4999570
6480,3945,5887128
6480,4074,6285889
6480,3672,5120072
6480,3913,5822341
6480,3816,5538968
6480,3980,6016313
6480,3874,5702014
6485,3596,4901995
6485,3956,5942615
6485,3781,5422375
6485,3868,5649112
6485,3829,5563422
6485,3841,5594938
6485,3926,5844931
6485,3970,5976788
6485,3764,5384349
6485,3941,5882602
6490,3748,5332526
6490,3748,5335553
6490,3777,5419887
6490,3666,5104760
6490,3617,4972839
6490,3674,5125107
6490,3842,5593090
6490,3550,4787314
6490,3709,5227737
6490,3720,5255423
6495,3930,5859834
6495,3642,5031969
6495,3752,5345819
6495,3750,5320136
6495,3591,4892347
6495,3805,5480801
6495,3840,5584041
6495,3959,5939546
6495,3633,5016304
6495,3710,5216513
6500,3729,5281656
6500,3772,5402796
6500,3846,5622192
6500,3665,5092789
6500,3858,5648244
6500,3781,5410187
6500,3921,5823471
6500,4106,6377535
6500,3862,5658492
6500,3733,5281554
6505,3499,4651810
6505,3636,5031743
6505,4000,6047367
6505,3893,5737258
6505,3790,5441836
6505,3736,5287184
6505,3658,5077751
6505,3828,5553454
6505,3772,5401406
6505,3839,5566305
6510,3655,5065587
6510,3675,5126812
6510,3784,5416863
6510,3996,6030898
6510,3704,5209954
6510,3550,4784735
6510,3530,4716515
6510,3645,5051390
6510,3697,5175884
6510,3671,5108177
6515,3715,5241494
6515,3656,5058028
6515,3861,5638660
6515,3729,5283681
6515,3576,4854611
6515,3540,4759742
6515,3720,5256493
6515,3607,4943802
6515,3708,5216079
6515,3579,4857753
6520,3654,5077087
6520,3852,5622114
6520,3443,4505131
6520,3776,5373604
6520,3521,4694870
6520,3601,4922670
6520,3532,4731149
6520,3517,4708232
6520,3662,5091219
6520,3775,5399234
6525,3651,5048830
6525,3678,5123779
6525,3598,4907855
6525,3750,5327241
6525,3823,5555190
6525,3624,4980936
6525,3810,5499638
6525,3625,4991667
6525,3675,5110791
6525,3550,4787566
6530,3713,5234912
6530,3577,4866417
6530,3740,5291433
6530,3596,4907637
6530,3663,5084885
6530,3519,4711608
6530,3592,4896353
6530,3532,4731368
6530,3478,4597037
6530,3608,4952351
6535,3478,4595493
6535,3357,4269617
6535,3535,4746887
6535,3443,4507954
6535,3634,5007248
6535,3829,5554229
6535,3562,4821485
6535,3814,5500652
6535,3511,4655911
6535,3344,4244214
6540,3680,5134736
6540,3580,4857543
6540,3459,4535152
6540,3641,5015741
6540,3744,5323811
6540,3552,4786549
6540,3525,4717096
6540,3744,5318147
6540,3319,4192135
6540,3620,4967544
6545,3298,4127653
6545,3474,4586922
6545,3595,4909597
6545,3800,5454193
6545,3541,4748310
6545,3400,4389311
6545,3652,5034383
6545,3724,5234990
6545,3505,4669721
6545,3532,4739019
6550,3510,4670154
6550,3601,4921381
6550,3470,4565271
6550,3689,5150863
6550,3592,4885838
6550,3458,4537322
6550,3711,5199781
6550,3349,4260995
6550,3700,5191487
6550,3702,5178121
6555,3486,4608741
6555,3453,4529291
6555,3533,4743231
6555,3339,4240054
6555,3599,4897967
6555,3398,4384544
6555,3490,4633712
6555,3366,4299451
6555,3433,4461851
6555,3660,5079428
6560,3254,4029060
6560,3284,4074108
6560,3311,4150252
6560,3662,5053541
6560,3534,4739530
6560,3704,5183197
6560,3451,4512703
6560,3417,4412294
6560,3504,4665278
6560,3275,4074780
6565,3386,4350125
6565,3344,4232194
6565,3286,4103476
6565,3584,4846242
6565,3479,4592052
6565,3361,4289310
6565,3172,3807749
6565,3409,4395317
6565,3269,4052530
6565,3584,4870977
6570,3453,4518339
6570,3370,4310819
6570,3410,4409094
6570,3530,4729335
6570,3668,5088630
6570,3512,4675957
6570,3396,4375083
6570,3223,3934442
6570,3331,4214462
6570,3372,4307446
6575,3403,4402987
6575,3441,4480705
6575,3452,4524570
6575,3160,3795759
6575,3429,4456396
6575,3556,4792948
6575,3392,4370695
6575,3420,4431205
6575,3441,4495268
6575,3472,4565566
6580,3473,4565436
6580,3532,4731954
6580,3463,4546585
6580,3393,4366876
6580,3673,5101942
6580,3483,4610958
6580,3432,4466364
6580,3375,4308552
6580,3418,4427086
6580,3186,3856733
6585,3381,4338174
6585,3559,4794524
6585,3382,4333874
6585,3600,4879978
6585,3147,3772238
6585,3352,4269061
6585,3240,3989146
6585,3314,4170427
6585,3100,3651068
6585,3106,3653864
6590,3211,3912975
6590,3388,4342932
6590,3447,4510252
6590,3408,4407296
6590,3360,4281288
6590,3218,3928384
6590,3531,4714795
6590,3366,4279297
6590,3572,4816588
6590,3369,4308211
6595,3332,4216491
6595,3204,3888654
6595,3294,4118225
6595,3323,4198011
6595,3237,3968427
6595,3323,4178778
6595,3144,3745137
6595,2946,3299274
6595,3482,4598265
6595,3195,3875291
6600,3328,4195913
6600,3248,4001178
6600,3307,4150508
6600,3523,4701351
6600,3455,4527641
6600,3210,3906290
6600,3318,4166124
6600,3321,4191162
6600,3377,4322265
6600,3399,4367937
6605,3178,3839664
6605,3050,3527285
6605,3454,4527730
6605,3170,3810407
6605,3330,4205167
6605,3225,3954744
6605,3316,4164220
6605,3362,4276804
6605,3203,3895215
6605,3280,4080283
6610,3171,3811448
6610,3248,4004278
6610,3303,4130979
6610,3471,4550283
6610,3184,3839120
6610,3103,3654053
6610,3319,4185044
6610,3307,4146514
6610,3428,4450593
6610,3168,3802918
6615,3262,4028883
6615,3170,3826233
6615,3109,3672382
6615,3217,3914812
6615,3180,3833834
6615,3461,4517600
6615,3450,4506018
6615,3214,3910946
6615,3158,3785806
6615,3107,3670387
6620,3250,4012872
6620,3180,3824376
6620,3032,3475350
6620,3292,4117371
6620,3145,3752950
6620,3023,3471939
6620,3329,4180941
6620,3219,3922058
6620,3393,4367799
6620,3310,4140861
6625,3136,3741970
6625,3127,3710195
6625,3178,3833949
6625,3102,3642675
6625,3164,3792706
6625,3019,3461349
6625,3143,3749623
6625,3272,4047634
6625,3171,3814893
6625,3018,3460909
6630,3104,3658661
6630,3271,4055385
6630,3206,3891392
6630,3232,3968761
6630,3086,3617772
6630,3443,4493933
6630,3028,3484490
6630,3330,4208063
6630,3162,3789129
6630,3138,3742429
6635,3066,3562174
6635,3230,3960358
6635,3123,3698768
6635,2933,3275562
6635,3049,3534813
6635,3180,3834195
6635,3345,4233709
6635,3175,3819406
6635,3219,3937895
6635,3105,3650844
6640,3104,3655498
6640,3059,3546751
6640,2999,3405568
6640,3140,3733704
6640,3090,3618336
6640,3239,3984786
6640,2984,3381954
6640,3165,3799524
6640,3103,3648455
6640,3211,3885691
6645,2950,3305482
6645,3160,3784724
6645,3084,3614795
6645,3303,4136395
6645,3039,3496722
6645,2999,3408250
6645,3214,3915658
6645,3158,3794829
6645,3072,3570520
6645,3117,3691272
6650,2925,3248797
6650,3113,3663814
6650,2953,3313391
6650,3132,3716595
6650,3091,3616371
6650,2883,3161874
6650,3177,3814797
6650,3090,3621895
6650,3224,3941547
6650,2951,3305066
6655,3098,3643541
6655,2942,3286525
6655,3172,3803726
6655,3171,3813084
6655,2946,3295309
6655,2771,2914773
6655,2623,2616163
6655,3116,3691626
6655,2962,3336057
6655,3061,3554205
6660,3090,3602319
6660,2888,3162835
6660,2980,3366147
6660,3168,3799983
6660,3078,3599491
6660,2936,3278502
6660,2939,3282730
6660,2798,2975224
6660,3000,3405806
6660,3200,3878299
6665,3152,3754078
6665,2976,3367259
6665,3018,3448119
6665,3163,3788395
6665,3002,3422120
6665,3150,3753772
6665,3059,3541431
6665,3144,3742823
6665,2883,3158665
6665,2893,3178777
6670,2981,3364624
6670,3203,3887052
6670,2981,3376342
6670,2846,3070610
6670,2968,3340956
6670,2824,3023080
6670,2892,3176618
6670,3071,3565905
6670,2988,3379266
6670,2772,2917412
6675,2864,3114050
6675,2856,3090553
6675,2981,3357726
6675,2824,3027592
6675,2845,3064329
6675,3143,3748504
6675,2871,3130151
6675,2852,3084352
6675,2834,3043074
6675,2766,2911617
6680,2782,2940823
6680,3018,3451948
6680,2963,3330168
6680,3107,3653894
6680,2981,3342054
6680,2974,3344713
6680,3066,3547429
6680,3046,3509741
6680,2851,3089766
6680,2894,3181264
6685,2834,3048785
6685,2981,3379518
6685,3235,3959101
6685,3072,3578938
6685,3011,3435508
6685,2919,3231575
6685,3039,3490226
6685,2911,3213923
6685,2851,3079294
6685,2747,2866098
6690,2711,2793863
6690,2986,3370939
6690,2844,3049028
6690,2893,3175021
6690,2862,3108338
6690,2919,3233462
6690,3025,3470733
6690,2986,3375476
6690,2900,3189475
6690,2926,3245172
6695,2880,3145672
6695,2890,3155920
6695,2989,3368979
6695,2897,3172999
6695,2751,2872818
6695,2842,3068801
6695,2813,2998789
6695,2928,3255327
6695,2955,3312647
6695,2859,3085408
6700,2914,3212394
6700,2872,3134976
6700,2708,2787274
6700,2897,3174901
6700,2974,3359254
6700,2864,3102486
6700,2838,3048851
6700,2913,3227868
6700,2944,3273725
6700,2879,3137027
6705,2781,2927301
6705,2769,2906476
6705,2776,2918873
6705,2925,3240557
6705,2798,2969456
6705,2797,2961566
6705,2746,2870086
6705,2868,3128757
6705,3026,3467490
6705,2888,3171314
6710,2920,3234337
6710,2940,3278578
6710,3098,3640504
6710,2839,3058592
6710,2825,3024751
6710,2726,2821381
6710,2613,2587498
6710,2820,3012014
6710,2674,2711811
6710,2914,3210859
6715,2624,2616609
6715,2921,3235709
6715,2698,2761727
6715,2989,3395047
6715,2940,3275091
6715,2879,3141172
6715,2765,2899213
6715,3040,3495179
6715,2827,3024986
6715,3197,3848946
6720,2929,3249880
6720,2688,2734781
6720,2889,3161893
6720,2750,2869524
6720,2795,2968183
6720,2842,3067703
6720,2623,2602959
6720,2745,2852495
6720,2895,3167205
6720,2620,2606799
6725,2667,2691564
6725,2755,2877243
6725,2642,2646690
6725,2731,2829464
6725,2613,2589676
6725,2562,2489098
6725,2675,2715245
6725,2768,2894587
6725,2846,3068131
6725,2697,2743077
6730,2693,2755220
6730,2685,2737160
6730,2545,2461592
6730,2782,2939869
6730,2797,2969228
6730,2724,2811955
6730,2653,2678727
6730,2913,3223201
6730,2872,3132010
6730,2543,2446960
6735,3003,3407372
6735,2592,2550052
6735,2796,2955669
6735,2798,2969044
6735,2712,2779784
6735,2637,2636142
6735,2978,3365793
6735,2725,2819888
6735,2628,2621835
6735,2854,3086044
6740,2809,2985399
6740,2452,2282491
6740,2581,2529073
6740,2830,3022614
6740,2787,2937457
6740,2715,2784883
6740,2469,2307905
6740,2728,2822104
6740,2818,3003382
6740,2822,3017411
6745,2710,2785137
6745,2747,2856622
6745,2665,2684538
6745,2766,2895784
6745,2572,2510830
6745,2608,2578414
6745,2534,2439675
6745,2792,2951231
6745,2696,2759208
6745,2800,2969892
6750,2866,3112472
6750,2619,2595502
6750,2615,2590279
6750,2664,2680563
6750,2794,2962659
6750,2505,2374470
6750,2800,2965894
6750,2538,2444245
6750,2683,2729921
6750,2770,2900628
6755,2741,2852407
6755,2547,2460538
6755,2571,2506743
6755,2742,2848603
6755,2653,2670387
6755,2751,2861827
6755,2694,2754944
6755,2556,2485176
6755,2705,2770086
6755,2682,2731301
6760,2613,2590573
6760,2590,2544908
6760,2727,2813113
6760,2634,2630609
6760,2612,2584521
6760,2565,2498684
6760,2547,2450608
6760,2653,2658636
6760,2619,2598703
6760,2627,2618460
6765,2750,2866562
6765,2623,2609480
6765,2461,2291865
6765,2659,2687839
6765,2549,2457026
6765,2731,2818302
6765,2579,2519942
6765,2614,2585953
6765,2525,2419453
6765,2630,2622419
6770,2582,2527395
6770,2595,2552327
6770,2394,2173412
6770,2655,2667381
6770,2529,2416661
6770,2600,2567406
6770,2554,2469847
6770,2510,2388002
6770,2570,2506261
6770,2651,2665764
6775,2531,2427724
6775,2545,2452089
6775,2534,2438107
6775,2420,2219227
6775,2541,2447060
6775,2541,2447964
6775,2657,2667272
6775,2499,2368974
6775,2547,2454634
6775,2649,2660934
6780,2674,2711171
6780,2753,2858281
6780,2614,2590299
6780,2588,2531195
6780,2588,2537372
6780,2504,2377450
6780,2682,2721516
6780,2497,2370954
6780,2602,2555051
6780,2524,2417446
6785,2577,2525055
6785,2758,2867757
6785,2613,2576427
6785,2588,2538558
6785,2631,2614756
6785,2561,2481823
6785,2767,2898315
6785,2447,2270004
6785,2618,2602725
6785,2379,2151273
6790,2551,2468736
6790,2608,2579490
6790,2437,2249579
6790,2623,2609690
6790,2499,2367860
6790,2448,2266039
6790,2531,2428437
6790,2372,2137409
6790,2602,2572225
6790,2480,2333460
6795,2518,2390399
6795,2450,2269489
6795,2545,2455906
6795,2689,2732894
6795,2548,2461141
6795,2529,2425825
6795,2679,2707952
6795,2547,2451814
6795,2414,2205265
6795,2525,2409487
6800,2520,2395987
6800,2633,2626630
6800,2467,2318180
6800,2647,2648476
6800,2666,2684770
6800,2386,2158969
6800,2500,2368049
6800,2484,2328934
6800,2427,2236973
6800,2492,2345507
6805,2598,2553200
6805,2445,2267422
6805,2349,2091474
6805,2529,2416560
6805,2580,2516207
6805,2426,2236174
6805,2586,2525767
6805,2555,2468702
6805,2294,1997705
6805,2504,2372829
6810,2423,2221043
6810,2203,1843470
6810,2480,2331272
6810,2542,2443072
6810,2507,2382621
6810,2329,2056308
6810,2366,2120215
6810,2406,2179885
6810,2749,2849815
6810,2318,2044046
6815,2389,2161823
6815,2660,2673617
6815,2341,2084106
6815,2597,2544702
6815,2376,2146946
6815,2354,2106572
6815,2346,2085254
6815,2407,2192761
6815,2320,2037424
6815,2392,2172417
6820,2480,2329440
6820,2430,2239618
6820,2522,2404182
6820,2422,2214294
6820,2226,1880632
6820,2371,2124863
6820,2400,2174523
6820,2382,2146841
6820,2324,2046728
6820,2460,2284833
6825,2320,2039996
6825,2432,2244219
6825,2323,2053785
6825,2445,2270653
6825,2407,2195040
6825,2308,2025571
6825,2295,1995694
6825,2399,2182421
6825,2246,1911619
6825,2402,2191921
6830,2561,2474638
6830,2364,2110419
6830,2428,2224991
6830,2454,2279795
6830,2372,2133482
6830,2216,1870014
6830,2330,2055953
6830,2222,1876848
6830,2382,2153122
6830,2425,2228753
6835,2429,2225063
6835,2373,2137911
6835,2614,2588683
6835,2379,2149067
6835,2403,2185212
6835,2306,2018549
6835,2345,2089515
6835,2257,1929247
6835,2444,2265476
6835,2361,2112940
6840,2323,2044496
6840,2291,1993182
6840,2439,2253260
6840,2452,2275477
6840,2265,1944339
6840,2539,2442239
6840,2369,2128935
6840,2315,2035248
6840,2360,2120559
6840,2532,2429058
6845,2165,1773055
6845,2223,1875010
6845,2422,2227339
6845,2199,1835781
6845,2400,2183981
6845,2280,1975483
6845,2424,2223712
6845,2312,2026237
6845,2313,2026549
6845,2362,2104781
6850,2292,1993258
6850,2245,1908591
6850,2209,1844322
6850,2441,2252051
6850,2214,1854242
6850,2306,2013196
6850,2344,2073383
6850,2098,1667517
6850,2404,2191421
6850,2435,2246627
6855,2363,2116497
6855,2248,1918796
6855,2243,1912795
6855,2387,2159309
6855,2297,2001210
6855,2187,1817664
6855,2293,1997492
6855,2336,2064979
6855,2263,1932581
6855,2147,1749059
6860,2323,2044531
6860,2344,2083167
6860,2180,1796760
6860,2274,1961082
6860,2240,1898257
6860,2304,2012273
6860,2425,2223297
6860,2168,1778155
6860,2262,1939033
6860,2373,2128449
6865,2172,1792072
6865,2250,1922443
6865,2317,2030230
6865,2300,2007412
6865,2202,1837673
6865,2264,1944986
6865,2245,1911155
6865,2197,1836076
6865,2324,2041707
6865,2306,2007807
6870,2299,1999920
6870,2143,1737154
6870,2214,1855458
6870,2195,1827119
6870,2433,2232528
6870,2306,2017145
6870,2360,2103356
6870,2284,1970559
6870,2310,2016045
6870,2171,1787434
6875,2302,2003942
6875,2188,1812931
6875,2150,1756329
6875,2351,2093067
6875,2258,1938731
6875,2325,2041922
6875,2442,2261370
6875,2237,1882710
6875,2336,2065242
6875,2061,1606928
6880,2281,1974460
6880,2428,2227787
6880,2212,1853448
6880,2286,1973368
6880,2173,1791024
6880,2131,1722404
6880,2207,1851345
6880,2244,1902478
6880,2257,1929651
6880,2344,2077912
6885,2314,2027126
6885,2236,1900091
6885,2162,1777583
6885,2270,1951449
6885,2103,1681045
6885,2177,1794705
6885,2235,1890415
6885,2232,1880750
6885,2222,1865410
6885,2497,2365497
6890,2149,1749509
6890,2098,1662755
6890,2319,2038875
6890,2288,1990091
6890,2138,1730250
6890,2185,1812091
6890,2085,1646422
6890,2210,1841854
6890,2076,1638416
6890,2179,1796955
6895,2274,1960399
6895,2215,1863066
6895,1980,1485832
6895,2294,1994157
6895,2174,1788556
6895,2077,1636740
6895,2297,1996288
6895,2186,1810078
6895,2257,1926698
6895,2171,1777144
6900,2129,1715182
6900,2084,1649136
6900,2193,1818174
6900,2247,1918072
6900,2349,2091073
6900,2198,1823648
6900,2145,1742777
6900,2021,1548877
6900,2018,1546742
6900,2149,1751347
6905,2022,1552691
6905,2235,1885305
6905,2203,1849005
6905,2130,1716841
6905,2162,1770817
6905,2322,2042163
6905,2089,1653025
6905,2230,1879603
6905,2337,2067595
6905,2163,1772748
6910,2145,1742915
6910,2115,1695705
6910,2185,1809541
6910,2197,1824858
6910,2071,1627840
6910,2108,1680229
6910,2098,1670106
6910,2096,1664669
6910,2137,1734430
6910,2176,1798264
6915,2249,1915514
6915,2189,1805955
6915,2057,1602454
6915,2124,1709323
6915,2220,1868705
6915,2052,1595625
6915,2191,1814053
6915,2165,1775394
6915,2200,1828812
6915,2110,1680745
6920,1988,1500326
6920,2023,1552297
6920,2095,1666535
6920,2244,1896156
6920,2101,1668789
6920,2115,1695000
6920,2078,1640002
6920,2122,1707298
6920,2089,1652254
6920,2080,1642294
6925,1915,1389257
6925,1913,1386350
6925,2191,1814749
6925,2188,1812901
6925,2013,1531310
6925,2071,1628859
6925,2130,1718809
6925,2153,1757522
6925,2168,1775460
6925,2116,1694261
6930,2163,1776963
6930,2061,1610258
6930,2055,1604451
6930,2030,1563325
6930,2213,1857847
6930,1983,1489214
6930,2149,1748904
6930,2086,1649377
6930,2122,1699746
6930,2213,1851005
6935,1970,1470865
6935,2074,1631944
6935,2063,1611808
6935,1856,1303325
6935,1980,1479935
6935,1975,1479153
6935,1986,1491470
6935,2213,1849399
6935,2122,1703700
6935,2363,2104354
6940,2115,1690006
6940,1931,1414751
6940,2104,1677720
6940,1967,1468236
6940,2206,1842418
6940,2101,1671158
6940,2006,1524500
6940,2120,1699145
6940,1986,1494363
6940,2164,1777172
6945,1990,1500658
6945,1909,1382884
6945,2098,1664541
6945,2130,1715217
6945,1999,1517603
6945,2083,1641943
6945,2029,1557300
6945,2002,1520327
6945,2004,1523445
6945,2145,1738947
6950,2200,1824511
6950,2062,1613507
6950,1948,1435939
6950,2050,1591851
6950,2128,1709777
6950,2106,1675548
6950,1969,1471155
6950,2013,1541320
6950,1868,1327120
6950,2193,1823976
6955,2135,1722839
6955,2009,1526208
6955,2014,1539286
6955,2124,1711258
6955,2062,1612929
6955,2039,1580491
6955,2141,1731540
6955,2049,1593520
6955,2008,1530883
6955,2062,1600309
6960,1956,1451496
6960,1953,1449605
6960,2013,1532576
6960,1956,1447438
6960,2096,1670665
6960,2098,1659987
6960,2217,1857167
6960,1966,1466205
6960,2023,1547955
6960,1890,1352455
6965,1970,1471673
6965,1987,1486561
6965,1955,1439680
6965,1920,1395650
6965,2111,1679487
6965,1847,1293900
6965,1878,1338603
6965,2004,1519636
6965,2029,1559351
6965,1928,1411230
6970,1961,1459788
6970,2102,1665347
6970,2015,1531142
6970,1971,1470068
6970,1946,1438715
6970,1909,1379838
6970,1955,1449284
6970,1938,1420651
6970,2027,1552073
6970,1904,1373285
6975,1908,1382537
6975,1872,1325699
6975,2100,1658344
6975,2043,1576352
6975,2149,1742927
6975,1793,1217419
6975,1943,1433059
6975,2088,1642078
6975,2001,1511012
6975,1900,1368808
6980,1861,1313012
6980,2073,1626338
6980,1956,1446992
6980,1894,1357391
6980,1761,1176092
6980,1909,1385280
6980,1941,1421271
6980,2046,1584764
6980,2034,1568250
6980,1858,1311883
6985,1995,1503845
6985,2014,1533374
6985,2058,1604506
6985,1953,1443249
6985,2006,1510940
6985,2018,1542460
6985,1966,1466696
6985,1893,1361724
6985,1866,1318145
6985,1816,1253332
6990,1882,1338588
6990,2008,1528277
6990,1938,1422926
6990,1875,1331133
6990,1919,1396159
6990,2032,1563495
6990,1993,1499205
6990,1841,1285181
6990,1985,1496296
6990,1869,1329234
6995,1906,1376062
6995,1875,1337305
6995,1905,1379592
6995,2005,1519094
6995,1712,1112719
6995,1976,1477818
6995,2017,1542754
6995,2148,1749238
6995,2000,1515023
6995,1875,1329450
7000,1888,1347715
7000,1959,1458706
7000,2009,1522680
7000,1852,1299561
7000,1899,1363585
7000,1830,1266845
7000,1940,1422598
7000,1786,1209718
7000,1882,1339872
7000,1801,1233094
7005,1892,1358047
7005,1954,1439463
7005,1852,1301336
7005,1967,1460846
7005,1927,1405407
7005,1920,1397528
7005,1995,1506914
7005,1836,1273205
7005,1813,1248321
7005,1936,1418424
7010,1898,1363419
7010,1804,1232876
7010,1871,1327586
7010,1681,1075317
7010,1906,1379410
7010,1832,1274224
7010,1925,1404294
7010,1849,1291798
7010,1864,1316764
7010,1786,1209664
7015,1810,1243660
7015,1645,1029281
7015,1813,1246179
7015,1854,1300663
7015,1910,1381473
7015,1888,1347267
7015,1885,1347075
7015,1831,1266340
7015,1913,1379633
7015,1843,1280035
7020,1826,1267419
7020,1823,1257517
7020,1934,1409581
7020,1869,1322991
7020,1825,1258917
7020,1834,1273435
7020,1953,1443859
7020,1879,1337900
7020,1943,1422224
7020,1876,1332212
7025,1752,1164613
7025,1866,1317913
7025,1953,1445474
7025,1773,1189406
7025,1803,1226513
7025,1792,1221123
7025,1881,1339774
7025,1969,1469895
7025,1702,1095913
7025,1873,1329372
7030,1812,1244616
7030,1804,1233291
7030,1775,1195117
7030,1819,1252599
7030,1698,1091835
7030,1838,1278528
7030,1884,1342158
7030,1815,1244941
7030,1814,1245310
7030,1882,1339603
7035,1799,1223908
7035,1891,1351506
7035,1722,1125109
7035,1806,1239897
7035,1876,1331383
7035,1815,1248767
7035,1734,1140764
7035,1894,1360751
7035,1910,1380036
7035,1786,1209241
7040,1733,1137608
7040,1724,1128136
7040,1738,1141148
7040,1806,1226966
7040,1942,1427986
7040,1884,1348223
7040,1698,1095646
7040,1789,1208910
7040,1805,1231660
7040,1836,1271025
7045,1710,1111557
7045,1658,1038774
7045,1669,1056984
7045,1804,1231488
7045,1828,1269470
7045,1707,1105117
7045,1736,1141418
7045,1761,1176868
7045,1838,1278583
7045,1748,1161221
7050,1712,1110932
7050,1895,1350426
7050,1813,1245136
7050,1709,1103941
7050,1795,1218824
7050,1669,1056510
7050,1777,1196828
7050,1748,1149739
7050,1702,1098530
7050,1861,1310060
7055,1692,1081718
7055,1693,1086315
7055,1719,1115569
7055,1670,1058229
7055,1724,1126478
7055,1748,1156524
7055,1781,1197637
7055,1850,1298515
7055,1719,1117903
7055,1776,1199648
7060,1727,1126447
7060,1629,1008694
7060,1802,1229542
7060,1766,1175924
7060,1718,1118905
7060,1790,1213246
7060,1822,1251285
7060,1637,1014094
7060,1676,1066299
7060,1724,1119628
7065,1715,1112291
7065,1813,1236638
7065,1840,1278417
7065,1767,1186916
7065,1792,1211480
7065,1689,1077422
7065,1767,1180488
7065,1761,1171215
7065,1768,1181500
7065,1704,1097826
7070,1636,1014262
7070,1727,1127314
7070,1807,1226214
7070,1734,1138277
7070,1775,1192600
7070,1779,1200272
7070,1742,1149523
7070,1644,1021370
7070,1768,1184155
7070,1698,1092117
7075,1636,1013067
7075,1776,1193905
7075,1730,1131395
7075,1594,963238
7075,1783,1202075
7075,1809,1230413
7075,1751,1159422
7075,1658,1042491
7075,1705,1100958
7075,1872,1321593
7080,1581,947987
7080,1709,1107257
7080,1681,1070458
7080,1616,988790
7080,1709,1106274
7080,1600,967077
7080,1680,1067564
7080,1660,1039771
7080,1648,1026358
7080,1640,1015242
7085,1761,1171960
7085,1769,1186220
7085,1627,1001653
7085,1703,1096556
7085,1670,1054864
7085,1630,1005477
7085,1721,1113759
7085,1782,1198183
7085,1689,1081152
7085,1664,1052237
7090,1675,1061105
7090,1689,1076906
7090,1660,1039327
7090,1701,1090395
7090,1666,1048486
7090,1676,1062913
7090,1703,1099621
7090,1759,1168319
7090,1621,995234
7090,1616,990252
7095,1728,1128497
7095,1643,1023224
7095,1587,954295
7095,1596,967575
7095,1694,1085974
7095,1650,1029356
7095,1660,1040152
7095,1704,1102709
7095,1609,982015
7095,1633,1010654
7100,1705,1098789
7100,1766,1175995
7100,1659,1039474
7100,1699,1091393
7100,1713,1109344
7100,1778,1194578
7100,1691,1085756
7100,1597,968973
7100,1701,1095549
7100,1576,941555
7105,1754,1163224
7105,1719,1118236
7105,1602,975139
7105,1666,1046897
7105,1600,971326
7105,1620,991877
7105,1637,1013621
7105,1525,881536
7105,1618,993490
7105,1702,1097815
7110,1593,962330
7110,1599,969070
7110,1590,954672
7110,1595,962669
7110,1544,904450
7110,1606,975413
7110,1691,1075952
7110,1575,939825
7110,1639,1018545
7110,1721,1121755
7115,1621,993834
7115,1647,1028236
7115,1570,930113
7115,1716,1116499
7115,1546,907403
7115,1682,1069560
7115,1829,1261363
7115,1558,921190
7115,1539,896789
7115,1619,992567
7120,1675,1059336
7120,1545,902848
7120,1562,920742
7120,1596,965829
7120,1682,1069019
7120,1630,1007397
7120,1560,923088
7120,1781,1198626
7120,1579,944011
7120,1577,942348
7125,1672,1058512
7125,1665,1050899
7125,1697,1083348
7125,1509,866515
7125,1548,909281
7125,1744,1153006
7125,1546,906386
7125,1588,955432
7125,1583,949765
7125,1616,989495
7130,1570,934896
7130,1476,827315
7130,1574,934588
7130,1534,894790
7130,1413,759638
7130,1690,1080052
7130,1577,941685
7130,1736,1136451
7130,1596,964239
7130,1479,830210
7135,1487,837024
7135,1682,1065378
7135,1471,817934
7135,1538,896037
7135,1587,953819
7135,1549,909011
7135,1547,908760
7135,1604,969192
7135,1557,918015
7135,1565,928492
7140,1699,1092174
7140,1601,971812
7140,1650,1029300
7140,1645,1023205
7140,1543,899888
7140,1628,1006932
7140,1609,981975
7140,1648,1029180
7140,1540,901419
7140,1524,879587
7145,1647,1020767
7145,1573,938998
7145,1505,859921
7145,1462,808214
7145,1623,995923
7145,1432,777200
7145,1548,903863
7145,1560,920904
7145,1482,833001
7145,1587,950413
7150,1471,815544
7150,1580,947438
7150,1614,986355
7150,1562,921532
7150,1445,794091
7150,1531,887095
7150,1533,888297
7150,1494,846886
7150,1533,888703
7150,1535,896056
7155,1686,1070350
7155,1509,858726
7155,1537,891340
7155,1632,1007750
7155,1447,791786
7155,1512,866745
7155,1583,943749
7155,1494,844404
7155,1591,962735
7155,1685,1072236
7160,1480,829746
7160,1531,889874
7160,1578,940314
7160,1546,905981
7160,1568,930329
7160,1646,1026140
7160,1694,1081056
7160,1488,839934
7160,1556,918542
7160,1510,862136
7165,1616,988782
7165,1456,804250
7165,1597,964580
7165,1372,716831
7165,1648,1020815
7165,1485,837731
7165,1467,814563
7165,1458,802224
7165,1514,866689
7165,1422,766559
7170,1485,830934
7170,1411,755563
7170,1577,938762
7170,1463,811001
7170,1518,872122
7170,1395,738039
7170,1421,765474
7170,1536,893783
7170,1551,906364
7170,1519,872715
7175,1508,862096
7175,1530,884174
7175,1442,786767
7175,1520,871605
7175,1574,936557
7175,1639,1015921
7175,1415,757673
7175,1557,915630
7175,1526,883375
7175,1544,902172
7180,1447,792700
7180,1505,854088
7180,1509,858931
7180,1534,892751
7180,1527,882549
7180,1488,839659
7180,1357,700116
7180,1526,880630
7180,1519,868538
7180,1444,790581
7185,1514,870985
7185,1442,786099
7185,1423,766624
7185,1614,986925
7185,1534,889722
7185,1524,878032
7185,1407,750415
7185,1460,811292
7185,1488,837352
7185,1567,926275
7190,1391,733299
7190,1433,778680
7190,1434,778693
7190,1497,844630
7190,1460,804310
7190,1369,712203
7190,1553,908943
7190,1433,774148
7190,1575,940160
7190,1404,747125
7195,1496,843213
7195,1459,806738
7195,1548,906865
7195,1437,783414
7195,1381,721028
7195,1421,765779
7195,1645,1022439
7195,1415,758283
7195,1513,863244
7195,1402,743400
7200,1510,866201
7200,1457,803261
7200,1396,737787
7200,1366,709427
7200,1421,763618
7200,1394,734169
7200,1398,738505
7200,1427,772773
7200,1488,835189
7200,1455,801419
7205,1536,897043
7205,1509,858342
7205,1588,951367
7205,1439,786478
7205,1451,795288
7205,1397,737531
7205,1330,669019
7205,1431,775127
7205,1359,701881
7205,1432,776717
7210,1532,886796
7210,1417,760162
7210,1463,805964
7210,1492,838703
7210,1366,705262
7210,1435,777236
7210,1443,785524
7210,1386,724780
7210,1503,852383
7210,1405,746226
7215,1363,703467
7215,1466,814405
7215,1299,637403
7215,1427,768428
7215,1380,721339
7215,1448,792256
7215,1364,702978
7215,1501,849468
7215,1486,833127
7215,1383,722942
7220,1303,642405
7220,1451,796521
7220,1271,610743
7220,1407,748924
7220,1420,760696
7220,1378,714663
7220,1438,780294
7220,1395,733771
7220,1319,659091
7220,1429,773347
7225,1428,768947
7225,1452,798478
7225,1504,854873
7225,1288,626981
7225,1404,747424
7225,1278,619168
7225,1437,779737
7225,1449,792695
7225,1340,681871
7225,1408,751210
7230,1459,806879
7230,1373,713580
7230,1323,664344
7230,1377,716595
7230,1385,725380
7230,1328,668538
7230,1356,696126
7230,1457,803296
7230,1467,813509
7230,1333,674041
7235,1265,605450
7235,1415,759796
7235,1322,659698
7235,1301,641285
7235,1447,791059
7235,1450,796304
7235,1291,633543
7235,1420,762396
7235,1375,717771
7235,1327,668663
7240,1338,678682
7240,1241,584226
7240,1259,602427
7240,1408,750283
7240,1416,756641
7240,1537,890560
7240,1269,609514
7240,1510,857464
7240,1355,694165
7240,1355,695289
7245,1437,777919
7245,1422,767582
7245,1272,613891
7245,1396,736870
7245,1363,702008
7245,1312,652805
7245,1333,672952
7245,1312,650047
7245,1412,755278
7245,1373,712247
7250,1298,636145
7250,1436,782056
7250,1344,683647
7250,1367,706993
7250,1390,730275
7250,1319,659274
7250,1383,725308
7250,1254,596486
7250,1323,660068
7250,1369,710747
7255,1300,639310
7255,1335,674287
7255,1363,704963
7255,1295,633874
7255,1346,686863
7255,1405,746434
7255,1235,576877
7255,1334,677291
7255,1259,601203
7255,1451,794696
7260,1268,608275
7260,1380,720848
7260,1272,612037
7260,1252,592305
7260,1172,521381
7260,1425,766792
7260,1352,692158
7260,1427,767657
7260,1385,725518
7260,1323,662860
7265,1364,704001
7265,1421,762334
7265,1296,637037
7265,1385,725333
7265,1266,608304
7265,1451,795430
7265,1220,563578
7265,1284,625004
7265,1355,693206
7265,1362,703044
7270,1365,706917
7270,1446,789279
7270,1354,695187
7270,1407,748679
7270,1400,739876
7270,1351,690928
7270,1249,590106
7270,1182,530214
7270,1393,733977
7270,1298,635590
7275,1308,646708
7275,1468,810134
7275,1225,568591
7275,1364,703038
7275,1412,754479
7275,1278,617376
7275,1338,676826
7275,1327,667737
7275,1328,669124
7275,1351,689331
7280,1221,564851
7280,1361,701112
7280,1448,790035
7280,1243,587357
7280,1226,566652
7280,1264,606152
7280,1272,611339
7280,1313,652190
7280,1267,608062
7280,1304,644833
7285,1216,560986
7285,1380,720864
7285,1216,558539
7285,1298,639953
7285,1305,644961
7285,1296,637121
7285,1354,693023
7285,1219,562938
7285,1262,602550
7285,1229,569043
7290,1241,584558
7290,1222,567338
7290,1373,714482
7290,1230,573355
7290,1199,546208
7290,1228,572496
7290,1309,649693
7290,1338,675881
7290,1256,598552
7290,1296,635412
7295,1316,651599
7295,1304,641895
7295,1169,517377
7295,1334,673213
7295,1287,625341
7295,1245,585823
7295,1266,605759
7295,1160,510785
7295,1416,758874
7295,1311,651045
7300,1164,512664
7300,1310,646291
7300,1232,577527
7300,1184,532286
7300,1237,580316
7300,1283,621475
7300,1271,613049
7300,1334,675592
7300,1198,545273
7300,1232,575286
7305,1268,609152
7305,1199,544945
7305,1261,601157
7305,1269,610906
7305,1336,672431
7305,1252,591143
7305,1286,627655
7305,1198,543974
7305,1222,565700
7305,1226,569062
7310,1347,685435
7310,1210,553632
7310,1269,608488
7310,1143,494329
7310,1246,585849
7310,1134,485649
7310,1196,541932
7310,1243,585392
7310,1222,564149
7310,1216,558444
7315,1263,601737
7315,1294,632336
7315,1315,653333
7315,1196,540683
7315,1248,590767
7315,1220,559979
7315,1308,643321
7315,1249,588412
7315,1176,524637
7315,1281,619186
7320,1248,587379
7320,1245,587522
7320,1301,639554
7320,1220,561608
7320,1171,518490
7320,1218,561519
7320,1198,543440
7320,1213,556860
7320,1143,494940
7320,1157,508936
7325,1142,494096
7325,1289,629068
7325,1238,579727
7325,1220,562886
7325,1178,526353
7325,1312,650922
7325,1207,550075
7325,1124,478538
7325,1237,579200
7325,1271,610889
7330,1323,657946
7330,1175,521719
7330,1210,556302
7330,1258,596294
7330,1252,592541
7330,1055,422125
7330,1206,550204
7330,1243,584192
7330,1293,629534
7330,1161,509528
7335,1264,602255
7335,1223,564557
7335,1184,529388
7335,1103,461020
7335,1221,563911
7335,1196,541290
7335,1221,564712
7335,1171,518921
7335,1250,591048
7335,1247,586968
7340,1222,563356
7340,1212,552199
7340,1236,576609
7340,1273,614973
7340,1250,591695
7340,1112,468455
7340,1261,598952
7340,1279,617464
7340,1214,556373
7340,1208,553122
7345,1203,546203
7345,1187,533707
7345,1178,525585
7345,1353,692151
7345,1148,499930
7345,1137,487822
7345,1165,513155
7345,1183,526439
7345,1086,447290
7345,1218,561942
7350,1225,567814
7350,1132,482738
7350,1131,485415
7350,1126,478071
7350,1116,471842
7350,1222,564112
7350,1100,459086
7350,1254,596062
7350,1240,581745
7350,1157,505757
7355,1212,557143
7355,1170,516863
7355,1115,469819
7355,1200,544571
7355,1133,484252
7355,1149,499387
7355,1084,442531
7355,1081,443642
7355,1108,466833
7355,1118,475610
7360,1234,575880
7360,1082,443530
7360,1171,517231
7360,1125,479219
7360,1180,526249
7360,1232,573456
7360,1163,510880
7360,1066,430883
7360,1127,479142
7360,1116,471146
7365,1073,436074
7365,1087,448782
7365,1143,493497
7365,1148,498938
7365,1065,427715
7365,1188,533648
7365,1090,449198
7365,1074,436273
7365,1119,472939
7365,1180,524785
7370,1174,522275
7370,1176,522786
7370,1158,507833
7370,1154,501748
7370,1137,487948
7370,1118,473535
7370,1091,451408
7370,1249,590739
7370,1169,516802
7370,1175,519369
7375,1133,482805
7375,1230,570496
7375,1064,428784
7375,1162,510151
7375,1036,406706
7375,1170,516435
7375,1098,454961
7375,1084,444618
7375,1198,542603
7375,1154,502649
7380,1150,499127
7380,1160,508854
7380,1175,519452
7380,1176,524654
7380,1084,445892
7380,1158,507110
7380,1105,462579
7380,1146,496452
7380,1155,506240
7380,1105,461873
7385,1104,458832
7385,1202,548313
7385,1038,407056
7385,1163,510986
7385,1059,426357
7385,1131,483427
7385,1005,382842
7385,1160,507603
7385,1098,455594
7385,1124,477022
7390,1170,518538
7390,1082,443272
7390,1162,507098
7390,1090,449599
7390,1073,436882
7390,1147,498154
7390,1020,393694
7390,1168,515358
7390,1095,454998
7390,1123,477446
7395,1048,415789
7395,1090,449216
7395,1048,417340
7395,1055,422611
7395,1095,455200
7395,1062,426078
7395,1123,476495
7395,1103,460871
7395,1198,542522
7395,1058,421425
7400,1081,442115
7400,1122,476769
7400,1096,454721
7400,1138,489144
7400,1069,431246
7400,1055,421605
7400,1178,523289
7400,1077,440057
7400,1075,437678
7400,1028,401829
7405,1077,440164
7405,1024,398363
7405,1075,435832
7405,1019,394336
7405,1116,469528
7405,1067,430244
7405,1031,401789
7405,1060,423377
7405,1031,401780
7405,1090,449394
7410,1069,431828
7410,1277,617364
7410,1194,537843
7410,1147,498266
7410,1048,415375
7410,1089,450174
7410,1088,448386
7410,1086,447366
7410,1018,391903
7410,1011,387182
7415,1145,494122
7415,1056,421726
7415,989,370027
7415,990,371713
7415,1052,420073
7415,1168,514703
7415,989,370026
7415,994,373874
7415,1057,422497
7415,1018,389385
7420,1169,515445
7420,1017,391021
7420,1111,467149
7420,991,372782
7420,1130,482058
7420,994,373583
7420,1097,455908
7420,949,340823
7420,1039,410330
7420,1230,571728
7425,1101,456744
7425,1100,457980
7425,1080,440553
7425,1019,393017
7425,1110,465907
7425,1005,382158
7425,1116,470263
7425,1044,412765
7425,1053,419841
7425,1068,430159
7430,1116,470264
7430,1140,492511
7430,979,362819
7430,1043,410268
7430,1059,423029
7430,1063,426604
7430,1034,405233
7430,1034,404492
7430,1098,456154
7430,964,351027
7435,1055,421173
7435,956,346938
7435,924,323893
7435,1029,402698
7435,1074,435463
7435,1112,468692
7435,1014,388742
7435,1049,415260
7435,1034,403800
7435,1130,482461
7440,937,331923
7440,1015,390296
7440,1096,451136
7440,952,342504
7440,1135,484165
7440,1059,425268
7440,1033,403851
7440,1077,438568
7440,1037,406089
7440,1051,417551
7445,1066,429293
7445,1044,411793
7445,1085,447724
7445,1029,401012
7445,988,367840
7445,944,337041
7445,1010,387404
7445,1016,391062
7445,1074,434659
7445,980,363295
7450,998,375995
7450,1069,433166
7450,1006,382581
7450,946,339116
7450,1031,401107
7450,1086,445686
7450,1016,391439
7450,1037,407713
7450,1030,402392
7450,1102,457997
7455,991,371646
7455,927,324901
7455,988,370188
7455,970,356024
7455,1012,386635
7455,997,375258
7455,948,340592
7455,973,359746
7455,965,353064
7455,976,361564
7460,1004,380760
7460,1033,402291
7460,1001,379480
7460,932,328581
7460,1038,407879
7460,1108,464608
7460,1009,385149
7460,915,316890
7460,1063,425212
7460,1020,393673
7465,1050,417351
7465,1039,408477
7465,1050,418226
7465,958,345848
7465,1018,392146
7465,1034,403904
7465,954,342779
7465,1047,413073
7465,912,315060
7465,1024,396451
7470,1044,411338
7470,1032,401921
7470,980,363137
7470,990,370016
7470,1102,458083
7470,994,371871
7470,971,357438
7470,952,341269
7470,1012,386975
7470,1007,385089
7475,954,343535
7475,886,295519
7475,868,285669
7475,958,346718
7475,1089,446285
7475,956,346801
7475,974,357146
7475,947,339696
7475,1085,443758
7475,927,325751
7480,1072,435183
7480,934,329137
7480,989,371142
7480,925,323097
7480,910,312908
7480,984,366650
7480,989,367723
7480,1003,376678
7480,1047,414262
7480,1053,417558
7485,998,376262
7485,1035,403415
7485,1043,409799
7485,932,328344
7485,978,363244
7485,974,359815
7485,960,348656
7485,1017,389706
7485,943,335876
7485,1017,390749
7490,847,272754
7490,894,301609
7490,1060,423883
7490,932,328856
7490,1015,389926
7490,904,309687
7490,938,333954
7490,992,372791
7490,990,370826
7490,1022,396003
7495,935,331560
7495,893,301424
7495,996,375401
7495,1010,385340
7495,923,321419
7495,931,327550
7495,951,341951
7495,973,357241
7495,1016,388915
7495,867,284447
7500,887,298477
7500,924,322823
7500,970,355353
7500,938,331234
7500,948,340155
7500,1027,397306
7500,1040,407520
7500,1044,411500
7500,922,320070
7500,934,330092
7505,917,318047
7505,1043,412283
7505,1005,382356
7505,913,314678
7505,853,275805
7505,944,337680
7505,928,325316
7505,953,344129
7505,973,356941
7505,989,368185
7510,950,342105
7510,992,371712
7510,972,355107
7510,949,341598
7510,887,297492
7510,982,365233
7510,1047,415134
7510,984,366272
7510,997,375596
7510,818,250667
7515,1004,380998
7515,1010,384937
7515,993,372651
7515,903,308629
7515,900,305505
7515,887,296793
7515,886,295339
7515,982,364675
7515,874,289678
7515,859,279593
7520,889,299384
7520,934,329360
7520,975,359958
7520,991,371126
7520,915,315750
7520,991,372548
7520,917,317182
7520,881,293898
7520,972,355798
7520,920,320035
7525,893,302627
7525,966,352252
7525,877,290061
7525,875,289556
7525,884,296357
7525,959,347526
7525,869,287069
7525,866,284033
7525,1021,391914
7525,852,274168
7530,928,326498
7530,892,300072
7530,926,324982
7530,986,365600
7530,921,321179
7530,916,317814
7530,888,296827
7530,860,280115
7530,896,303262
7530,905,307531
7535,888,297235
7535,977,360248
7535,893,303316
7535,886,297606
7535,959,346412
7535,898,304564
7535,999,376163
7535,930,326687
7535,988,366181
7535,953,341249
7540,825,257395
7540,859,279858
7540,874,289243
7540,941,334569
7540,845,270675
7540,911,314883
7540,849,274144
7540,960,345420
7540,861,279613
7540,958,345650
7545,952,342095
7545,820,254511
7545,948,340539
7545,856,277101
7545,877,292448
7545,882,293970
7545,949,338997
7545,880,291020
7545,918,317554
7545,879,291082
7550,787,234507
7550,855,276715
7550,945,337843
7550,850,273387
7550,943,335738
7550,935,327312
7550,906,310322
7550,855,276613
7550,912,313861
7550,873,287888
7555,916,316736
7555,911,313255
7555,935,329461
7555,880,291655
7555,1001,380247
7555,849,272084
7555,910,313631
7555,825,257432
7555,950,341683
7555,897,301877
7560,893,301968
7560,821,254475
7560,819,254046
7560,963,347019
7560,880,292798
7560,934,331068
7560,850,273979
7560,914,315796
7560,957,345125
7560,870,286603
7565,827,258273
7565,833,262992
7565,869,286044
7565,799,242858
7565,847,270983
7565,932,327737
7565,900,305934
7565,836,263712
7565,946,338359
7565,803,244225
7570,827,258935
7570,830,260635
7570,905,308842
7570,905,308444
7570,857,277551
7570,803,242855
7570,822,255066
7570,877,291181
7570,849,272479
7570,879,293088
7575,797,240143
7575,882,295009
7575,812,249155
7575,875,289141
7575,874,288970
7575,837,263855
7575,770,223213
7575,920,320071
7575,834,263677
7575,829,260102
7580,875,287436
7580,860,279935
7580,808,247238
7580,799,242120
7580,834,264007
7580,904,308307
7580,842,267674
7580,848,272093
7580,893,302674
7580,874,288401
7585,846,270629
7585,830,258630
7585,796,240225
7585,786,233436
7585,860,278865
7585,853,275661
7585,763,220086
7585,858,278628
7585,819,254062
7585,864,280478
7590,847,270877
7590,868,284524
7590,866,283619
7590,774,227350
7590,847,272673
7590,916,316269
7590,868,283900
7590,809,247614
7590,895,301586
7590,880,293259
7595,869,285666
7595,842,267494
7595,825,256455
7595,889,298040
7595,858,277488
7595,879,290897
7595,753,213864
7595,820,255363
7595,709,190507
7595,857,277333
7600,863,280466
7600,881,293151
7600,821,252999
7600,758,216515
7600,849,271439
7600,757,216761
7600,781,230265
7600,790,235777
7600,841,266504
7600,832,261999
7605,915,316191
7605,808,247383
7605,811,248101
7605,855,277050
7605,751,213456
7605,860,280289
7605,855,276325
7605,889,298673
7605,855,277559
7605,790,236317
7610,773,225789
7610,843,268233
7610,793,238187
7610,858,277871
7610,867,283762
7610,882,294850
7610,805,244428
7610,854,275936
7610,876,290230
7610,867,284288
7615,721,197704
7615,794,239414
7615,836,262208
7615,728,200472
7615,793,237614
7615,895,301645
7615,791,236289
7615,812,249905
7615,772,224554
7615,823,256464
7620,830,259922
7620,840,265881
7620,809,246044
7620,817,251529
7620,854,274649
7620,766,222114
7620,847,271119
7620,833,262009
7620,789,236308
7620,853,274674
7625,754,215709
7625,906,308123
7625,817,251130
7625,770,224202
7625,833,262204
7625,751,213588
7625,860,279677
7625,823,255087
7625,826,257215
7625,834,261638
7630,752,213946
7630,798,241110
7630,774,227102
7630,834,263704
7630,795,238075
7630,825,256862
7630,738,206508
7630,816,253099
7630,857,276531
7630,830,260331
7635,759,217770
7635,833,261990
7635,802,241506
7635,869,283668
7635,885,294441
7635,892,301344
7635,781,230716
7635,809,246588
7635,810,248316
7635,858,277770
7640,737,205483
7640,748,211022
7640,751,213708
7640,836,263402
7640,772,226384
7640,757,215902
7640,772,224721
7640,938,330880
7640,820,253821
7640,782,230885
7645,820,253712
7645,830,258255
7645,765,221565
7645,774,225535
7645,762,219992
7645,871,284319
7645,764,220893
7645,793,236054
7645,826,256485
7645,708,189779
7650,829,259643
7650,808,246612
7650,785,232937
7650,785,231518
7650,739,206714
7650,812,249842
7650,734,204046
7650,775,227140
7650,797,238680
7650,739,206558
7655,752,214485
7655,722,197861
7655,788,234779
7655,694,182041
7655,778,228545
7655,692,181434
7655,766,221042
7655,756,215560
7655,815,251495
7655,765,221318
7660,793,237035
7660,743,209514
7660,781,228511
7660,745,209770
7660,776,227909
7660,732,202810
7660,749,211783
7660,795,238662
7660,791,235870
7660,850,272326
7665,681,174636
7665,750,213405
7665,724,199696
7665,824,255990
7665,749,212480
7665,753,213810
7665,680,175621
7665,706,188646
7665,787,233141
7665,720,195294
7670,701,185816
7670,825,256316
7670,915,315992
7670,709,189971
7670,753,213047
7670,716,193367
7670,720,195523
7670,797,240598
7670,759,217532
7670,758,217168
7675,733,202159
7675,710,191257
7675,745,209366
7675,793,236957
7675,747,209885
7675,746,210213
7675,725,198864
7675,685,177365
7675,741,207213
7675,720,195938
7680,797,238552
7680,746,210738
7680,717,194692
7680,780,229844
7680,691,181067
7680,710,191407
7680,723,197318
7680,749,212625
7680,722,196755
7680,753,214516
7685,796,239095
7685,722,197778
7685,777,227829
7685,684,177270
7685,780,228971
7685,740,207019
7685,731,201975
7685,731,201445
7685,740,206937
7685,738,205728
7690,759,216340
7690,743,208800
7690,744,209988
7690,723,197293
7690,673,170598
7690,743,209081
7690,750,212332
7690,732,201720
7690,792,236812
7690,691,180587
7695,697,183310
7695,772,224473
7695,691,179969
7695,749,212499
7695,685,177243
7695,756,216722
7695,744,208941
7695,718,194992
7695,792,236808
7695,774,227356
7700,762,218004
7700,720,196270
7700,667,168385
7700,836,264418
7700,764,221486
7700,691,180338
7700,690,179764
7700,731,201678
7700,661,164898
7700,710,191135
7705,706,188540
7705,682,176495
7705,751,213007
7705,695,182556
7705,701,185366
7705,743,208898
7705,634,152305
7705,752,212284
7705,701,185800
7705,759,216076
7710,769,222870
7710,724,198100
7710,662,165275
7710,728,200475
7710,679,174485
7710,744,208692
7710,691,180702
7710,718,193050
7710,738,205992
7710,777,228087
7715,792,238175
7715,653,160844
7715,746,210151
7715,671,170248
7715,697,183800
7715,705,187340
7715,687,178456
7715,658,164116
7715,703,186863
7715,812,248625
7720,748,210711
7720,734,203141
7720,806,245064
7720,731,200062
7720,689,179428
7720,676,173187
7720,695,182056
7720,717,194516
7720,714,192702
7720,714,192287
7725,710,189884
7725,717,194110
7725,710,190210
7725,681,175101
7725,684,175759
7725,726,198679
7725,744,209006
7725,708,189693
7725,753,214735
7725,746,210547
7730,711,189626
7730,670,169888
7730,667,167727
7730,767,221362
7730,714,191975
7730,711,189515
7730,702,185975
7730,741,205216
7730,659,163770
7730,726,199142
7735,707,188748
7735,679,173675
7735,652,159916
7735,708,188817
7735,676,171894
7735,703,187017
7735,716,193157
7735,728,200449
7735,667,168025
7735,633,151154
7740,697,183862
7740,658,163159
7740,719,195443
7740,654,162183
7740,629,149074
7740,701,184249
7740,708,189599
7740,675,171369
7740,666,167919
7740,670,169302
7745,707,188844
7745,634,151632
7745,698,184620
7745,672,170611
7745,670,168514
7745,646,157475
7745,708,189595
7745,705,187210
7745,690,179494
7745,632,151502
7750,740,205565
7750,611,140742
7750,619,144815
7750,723,197619
7750,754,214487
7750,660,165076
7750,677,173547
7750,690,179645
7750,691,180083
7750,695,182858
7755,675,171856
7755,672,168938
7755,645,157345
7755,616,143523
7755,654,161803
7755,671,169468
7755,637,152991
7755,626,148224
7755,741,205964
7755,633,151173
7760,588,130635
7760,643,155847
7760,662,165106
7760,717,193068
7760,667,167861
7760,710,189320
7760,620,145378
7760,651,159848
7760,675,171790
7760,702,186830
7765,651,160611
7765,685,176838
7765,701,183868
7765,639,154473
7765,685,177072
7765,674,171899
7765,731,201246
7765,684,176455
7765,709,189583
7765,614,143208
7770,640,155014
7770,645,157207
7770,690,180043
7770,611,141074
7770,635,152679
7770,666,167589
7770,673,171138
7770,719,192692
7770,710,190113
7770,640,154864
7775,650,159200
7775,655,162155
7775,730,200610
7775,626,148129
7775,717,194226
7775,691,180363
7775,621,145147
7775,669,169656
7775,646,157473
7775,741,208238
7780,746,209936
7780,648,158979
7780,638,154332
7780,605,138244
7780,626,147726
7780,695,181910
7780,619,145523
7780,665,166324
7780,590,132316
7780,698,183337
7785,654,161540
7785,688,178837
7785,624,146773
7785,561,118925
7785,687,178769
7785,646,157255
7785,643,155798
7785,601,136154
7785,590,132062
7785,623,146319
7790,670,169356
7790,665,165655
7790,685,175675
7790,610,138860
7790,635,151641
7790,630,150240
7790,659,163720
7790,727,198733
7790,598,135928
7790,634,152106
7795,591,131499
7795,665,166299
7795,638,153994
7795,642,155858
7795,541,109677
7795,620,143882
7795,608,139732
7795,598,134987
7795,655,162029
7795,700,184740
7800,606,138988
7800,627,148031
7800,693,181717
7800,569,121730
7800,611,140539
7800,644,157164
7800,696,183375
7800,624,147216
7800,666,167926
7800,648,159000
7805,579,125663
7805,588,130632
7805,606,138718
7805,629,150097
7805,545,112294
7805,606,139268
7805,615,142459
7805,677,172917
7805,623,147096
7805,605,137696
7810,590,131671
7810,614,141926
7810,593,132185
7810,699,183609
7810,565,120669
7810,589,131504
7810,600,135319
7810,629,149286
7810,618,144532
7810,600,135805
7815,684,176872
7815,609,140581
7815,585,129223
7815,657,162234
7815,586,129185
7815,681,175049
7815,670,168585
7815,589,131428
7815,576,125499
7815,597,133665
7820,626,147729
7820,603,138141
7820,583,128904
7820,622,146276
7820,639,153651
7820,585,128603
7820,582,127936
7820,632,149355
7820,590,131372
7820,626,147378
7825,549,113874
7825,573,123613
7825,567,120837
7825,613,141920
7825,637,152960
7825,572,123556
7825,638,153398
7825,602,137017
7825,651,158871
7825,605,138218
7830,637,153614
7830,563,119853
7830,661,163722
7830,602,137141
7830,596,134314
7830,588,130859
7830,608,139959
7830,622,146637
7830,618,144343
7830,587,130453
7835,563,119615
7835,636,152657
7835,621,145596
7835,565,120950
7835,595,133002
7835,571,123774
7835,594,132089
7835,621,145157
7835,608,139213
7835,658,162295
7840,607,139174
7840,602,137393
7840,649,158031
7840,570,122597
7840,602,136845
7840,526,105035
7840,550,113993
7840,662,163585
7840,619,144777
7840,563,119248
7845,586,129629
7845,604,137370
7845,614,142352
7845,615,143427
7845,630,149712
7845,577,125230
7845,590,131356
7845,579,127050
7845,631,150118
7845,613,142905
7850,632,150474
7850,606,138488
7850,597,135013
7850,561,118510
7850,628,148701
7850,568,121567
7850,552,115119
7850,557,117483
7850,583,128226
7850,595,133920
7855,593,132421
7855,592,132127
7855,611,140325
7855,602,136986
7855,588,129890
7855,619,145329
7855,597,134313
7855,588,130925
7855,612,141525
7855,608,139777
7860,593,132863
7860,615,142171
7860,633,151018
7860,530,105308
7860,574,124197
7860,554,116040
7860,558,117532
7860,553,115377
7860,557,117317
7860,585,129342
7865,547,113036
7865,602,137378
7865,549,114281
7865,587,130096
7865,588,130663
7865,566,120643
7865,498,93360
7865,620,145180
7865,580,125713
7865,624,146937
7870,595,133305
7870,539,109464
7870,576,125321
7870,560,118760
7870,527,104849
7870,589,130727
7870,569,122398
7870,536,108761
7870,538,108923
7870,616,143278
7875,633,151731
7875,559,117707
7875,518,101301
7875,539,110479
7875,644,156413
7875,530,106092
7875,545,112512
7875,517,101237
7875,573,123953
7875,615,141939
7880,514,100232
7880,550,114442
7880,552,115353
7880,588,131060
7880,625,147222
7880,527,105007
7880,573,124074
7880,530,105825
7880,556,116638
7880,560,118293
7885,599,135864
7885,546,112880
7885,579,126492
7885,569,121678
7885,565,120913
7885,524,103578
7885,590,131580
7885,537,108539
7885,553,115254
7885,575,124047
7890,550,114041
7890,536,108653
7890,550,114809
7890,611,140224
7890,569,122787
7890,525,104280
7890,529,105753
7890,506,96746
7890,541,109342
7890,559,118446
7895,580,126961
7895,571,123479
7895,579,126371
7895,551,115012
7895,618,144615
7895,526,104962
7895,530,106066
7895,515,100172
7895,501,95046
7895,560,118616
7900,588,130447
7900,584,127930
7900,503,95344
7900,531,106430
7900,553,115512
7900,570,122327
7900,558,116595
7900,531,107124
7900,572,122754
7900,569,123083
7905,620,144804
7905,558,117883
7905,516,100266
7905,547,112339
7905,546,112633
7905,501,94649
7905,542,111152
7905,557,116595
7905,540,110627
7905,536,108860
7910,468,83069
7910,564,119934
7910,552,115212
7910,523,103005
7910,540,110501
7910,535,107950
7910,552,115233
7910,516,99966
7910,552,114688
7910,552,114827
7915,535,107483
7915,524,103673
7915,518,101126
7915,551,114381
7915,501,94167
7915,505,96793
7915,554,115098
7915,520,101995
7915,550,114734
7915,550,114002
7920,552,113983
7920,522,102264
7920,565,120356
7920,491,90686
7920,463,81023
7920,493,91594
7920,473,84534
7920,488,90018
7920,525,103835
7920,495,92563
7925,532,105463
7925,579,126151
7925,510,97926
7925,512,99056
7925,551,114825
7925,553,114894
7925,575,124806
7925,448,75794
7925,542,110340
7925,512,98694
7930,529,105689
7930,511,98420
7930,486,89591
7930,519,101811
7930,548,113461
7930,500,94661
7930,516,100309
7930,526,104248
7930,543,111194
7930,496,92852
7935,531,106558
7935,532,106726
7935,484,88557
7935,549,113816
7935,473,84986
7935,496,93100
7935,521,102586
7935,578,125985
7935,534,107603
7935,560,118803
7940,467,82514
7940,563,119984
7940,565,119367
7940,463,81169
7940,508,96869
7940,472,84248
7940,518,101372
7940,462,81036
7940,510,98302
7940,441,73056
7945,564,119429
7945,583,129048
7945,508,96806
7945,562,118897
7945,555,115969
7945,467,83003
7945,535,108185
7945,543,111287
7945,494,92531
7945,502,95656
7950,533,106894
7950,488,89615
7950,506,96488
7950,496,92353
7950,496,92447
7950,497,93539
7950,466,81913
7950,524,103179
7950,510,98198
7950,482,87827
7955,496,93195
7955,510,98090
7955,520,102394
7955,505,96103
7955,493,91590
7955,534,107688
7955,532,107085
7955,467,82363
7955,552,115604
7955,538,109077
7960,504,96060
7960,518,101284
7960,430,69914
7960,513,99476
7960,498,93670
7960,508,97912
7960,509,97496
7960,515,100227
7960,524,102926
7960,471,84307
7965,516,99821
7965,551,113670
7965,503,95511
7965,522,102811
7965,458,79692
7965,515,100190
7965,483,88285
7965,454,77884
7965,522,103204
7965,520,102529
7970,463,80853
7970,529,105656
7970,449,75812
7970,526,103895
7970,511,98507
7970,485,88523
7970,500,93855
7970,478,86551
7970,537,108766
7970,481,87231
7975,508,97671
7975,454,77628
7975,533,106725
7975,542,110679
7975,514,99290
7975,445,74640
7975,506,96600
7975,457,79006
7975,488,89904
7975,514,99686
7980,493,91639
7980,473,84595
7980,484,88576
7980,518,101293
7980,501,94968
7980,546,112557
7980,424,67876
7980,555,116423
7980,500,93426
7980,470,83497
7985,486,89252
7985,455,78538
7985,396,59136
7985,452,77116
7985,477,85915
7985,482,88189
7985,465,81527
7985,543,110552
7985,496,93415
7985,533,106862
7990,458,79692
7990,473,84179
7990,526,105046
7990,496,92653
7990,472,84406
7990,464,81568
7990,510,98165
7990,515,100321
7990,505,94998
7990,485,88646
7995,496,92763
7995,448,75538
7995,490,90137
7995,487,89865
7995,484,87922
7995,438,72663
7995,469,83372
7995,498,93789
7995,494,92015
7995,520,101239
8000,490,90175
8000,479,86523
8000,485,88274
8000,507,97413
8000,523,103260
8000,480,86979
8000,421,66773
8000,503,95058
8000,474,85244
8000,466,82042
