row_number, computation, coverage, status,1,2,3,4,5,6,7,8,9,10,
1,91476,252,FALSE,126, 126, 126, 126, 126, 126, 126, 126, 126, 126,
2,91476,252,FALSE,126, 126, 126, 126, 126, 126, 126, 126, 126, 126,
3,91476,252,FALSE,126, 126, 126, 126, 126, 126, 126, 126, 126, 126,
4,91476,252,FALSE,126, 126, 126, 126, 126, 126, 126, 126, 126, 126,
5,91476,252,FALSE,126, 126, 126, 126, 126, 126, 126, 126, 126, 126,
6,91476,252,FALSE,126, 126, 126, 126, 126, 126, 126, 126, 126, 126,
7,91476,252,FALSE,126, 126, 126, 126, 126, 126, 126, 126, 126, 126,
8,91476,252,FALSE,126, 126, 126, 126, 126, 126, 126, 126, 126, 126,
9,91476,252,FALSE,126, 126, 126, 126, 126, 126, 126, 126, 126, 126,
10,91476,252,FALSE,126, 126, 126, 126, 126, 126, 126, 126, 126, 126,
11,91476,252,FALSE,126, 126, 126, 126, 126, 126, 126, 126, 126, 126,
12,91476,252,FALSE,126, 126, 126, 126, 126, 126, 126, 126, 126, 126,
13,91476,252,FALSE,126, 126, 126, 126, 126, 126, 126, 126, 126, 126,
14,91476,252,FALSE,126, 126, 126, 126, 126, 126, 126, 126, 126, 126,
15,91476,252,FALSE,126, 126, 126, 126, 126, 126, 126, 126, 126, 126,
16,91476,252,FALSE,126, 126, 126, 126, 126, 126, 126, 126, 126, 126,
17,91476,252,FALSE,126, 126, 126, 126, 126, 126, 126, 126, 126, 126,
18,91476,252,FALSE,126, 126, 126, 126, 126, 126, 126, 126, 126, 126,
19,91476,251,FALSE,126, 126, 126, 125, 126, 125, 125, 125, 125, 126,
20,91476,251,FALSE,126, 125, 125, 126, 125, 125, 126, 126, 126, 125,
21,91476,251,FALSE,126, 125, 125, 125, 126, 126, 126, 125, 125, 126,
22,91476,249,FALSE,125, 124, 124, 124, 125, 124, 124, 125, 125, 125,
23,91476,251,FALSE,125, 125, 126, 125, 126, 125, 126, 126, 126, 125,
24,91476,249,FALSE,124, 124, 125, 124, 125, 124, 125, 126, 124, 124,
25,91476,251,FALSE,126, 126, 126, 125, 125, 125, 125, 125, 126, 126,
26,91476,250,FALSE,124, 124, 125, 125, 126, 125, 126, 125, 125, 125,
27,91476,250,FALSE,125, 124, 126, 126, 124, 126, 124, 125, 125, 125,
28,91476,248,FALSE,125, 123, 124, 124, 125, 125, 123, 124, 124, 123,
29,91476,247,FALSE,123, 124, 123, 125, 124, 123, 122, 124, 123, 124,
30,91476,246,FALSE,124, 123, 123, 124, 123, 123, 122, 124, 122, 122,
31,91476,248,FALSE,123, 125, 123, 125, 125, 124, 124, 124, 124, 123,
32,91476,249,FALSE,124, 125, 124, 124, 125, 125, 124, 125, 124, 125,
33,91476,246,FALSE,123, 123, 123, 123, 122, 123, 123, 123, 123, 124,
34,91476,241,FALSE,123, 123, 118, 123, 119, 118, 119, 119, 124, 119,
35,91476,242,FALSE,119, 124, 120, 120, 118, 124, 123, 119, 124, 119,
36,91476,248,FALSE,123, 124, 124, 123, 126, 124, 124, 125, 124, 123,
37,91476,242,FALSE,122, 123, 120, 119, 124, 119, 124, 120, 119, 120,
38,91476,247,FALSE,124, 124, 122, 123, 124, 123, 124, 124, 124, 123,
39,91476,241,FALSE,118, 119, 119, 122, 119, 119, 118, 123, 123, 125,
40,91476,241,FALSE,117, 124, 124, 120, 119, 124, 118, 118, 118, 123,
41,91476,245,FALSE,124, 122, 122, 123, 122, 122, 123, 122, 123, 122,
42,91476,240,FALSE,120, 122, 119, 120, 119, 120, 122, 120, 119, 119,
43,91476,239,FALSE,123, 122, 118, 118, 122, 117, 117, 119, 122, 117,
44,91476,237,FALSE,118, 120, 117, 120, 117, 118, 116, 121, 117, 121,
45,91476,243,FALSE,122, 122, 123, 119, 121, 121, 122, 122, 121, 122,
46,91476,246,FALSE,124, 122, 123, 122, 122, 124, 123, 124, 123, 123,
47,91476,239,FALSE,124, 119, 121, 121, 117, 119, 122, 117, 118, 117,
48,91476,241,FALSE,119, 121, 120, 122, 119, 121, 121, 121, 120, 121,
49,91476,239,FALSE,121, 123, 119, 123, 118, 118, 120, 118, 118, 117,
50,91476,235,FALSE,120, 121, 119, 115, 115, 116, 116, 115, 120, 118,
51,91476,242,FALSE,121, 119, 123, 122, 121, 122, 120, 120, 121, 121,
52,91476,237,FALSE,121, 120, 118, 121, 116, 117, 118, 120, 119, 115,
53,91476,236,FALSE,121, 115, 117, 118, 120, 115, 117, 121, 117, 119,
54,91476,227,FALSE,113, 119, 117, 108, 112, 114, 113, 117, 111, 111,
55,91476,235,FALSE,120, 114, 115, 119, 119, 120, 117, 119, 116, 116,
56,91476,236,FALSE,115, 115, 117, 118, 119, 118, 114, 121, 120, 123,
57,91476,235,FALSE,120, 116, 114, 121, 117, 122, 115, 113, 118, 119,
58,91476,241,FALSE,121, 121, 118, 122, 118, 122, 121, 122, 120, 120,
59,91476,231,FALSE,111, 118, 120, 115, 118, 111, 111, 118, 111, 122,
60,91476,225,FALSE,106, 108, 117, 115, 116, 114, 118, 112, 110, 109,
61,91476,224,FALSE,119, 112, 111, 110, 107, 112, 114, 107, 111, 117,
62,91476,235,FALSE,121, 118, 115, 114, 118, 119, 117, 119, 120, 114,
63,91476,235,FALSE,121, 118, 119, 120, 117, 120, 115, 116, 116, 113,
64,91476,230,FALSE,121, 110, 111, 118, 115, 116, 114, 113, 121, 111,
65,91476,230,FALSE,115, 115, 121, 116, 121, 110, 111, 117, 112, 112,
66,91476,230,FALSE,118, 114, 112, 118, 117, 113, 114, 115, 112, 117,
67,91476,233,FALSE,117, 119, 115, 115, 119, 112, 119, 119, 115, 115,
68,91476,226,FALSE,110, 111, 118, 113, 113, 116, 114, 108, 113, 114,
69,91476,228,FALSE,109, 114, 115, 120, 113, 114, 114, 115, 112, 114,
70,91476,238,FALSE,118, 121, 121, 120, 117, 117, 120, 120, 118, 118,
71,91476,217,FALSE,110, 106, 108, 108, 110, 114, 106, 108, 106, 109,
72,91476,234,FALSE,118, 116, 120, 119, 119, 116, 116, 113, 114, 119,
73,91476,219,FALSE,107, 102, 107, 112, 105, 106, 116, 107, 121, 112,
74,91476,230,FALSE,114, 116, 115, 113, 116, 114, 117, 118, 117, 110,
75,91476,223,FALSE,110, 110, 117, 112, 111, 110, 119, 105, 111, 110,
76,91476,225,FALSE,110, 113, 112, 108, 110, 118, 115, 120, 106, 113,
77,91476,213,FALSE,103, 99, 117, 110, 108, 102, 101, 105, 110, 110,
78,91476,213,FALSE,107, 105, 107, 107, 106, 102, 103, 109, 106, 113,
79,91476,212,FALSE,105, 105, 106, 103, 107, 103, 110, 109, 105, 107,
80,91476,222,FALSE,111, 111, 116, 105, 113, 112, 109, 107, 112, 114,
81,91476,220,FALSE,106, 111, 118, 108, 114, 110, 105, 113, 107, 108,
82,91476,214,FALSE,105, 101, 109, 107, 104, 113, 109, 109, 105, 108,
83,91476,222,FALSE,106, 113, 109, 112, 111, 112, 112, 113, 108, 114,
84,91476,200,FALSE,102, 96, 108, 101, 101, 100, 101, 98, 96, 97,
85,91476,220,FALSE,108, 115, 112, 111, 109, 111, 107, 109, 108, 110,
86,91476,212,FALSE,114, 106, 110, 102, 102, 102, 106, 105, 106, 107,
87,91476,227,FALSE,113, 118, 112, 115, 109, 111, 115, 110, 111, 121,
88,91476,218,FALSE,109, 114, 103, 103, 111, 112, 107, 104, 114, 113,
89,91476,215,FALSE,111, 114, 109, 105, 105, 103, 109, 105, 109, 105,
90,91476,213,FALSE,105, 108, 113, 110, 106, 102, 102, 105, 107, 107,
91,91476,215,FALSE,103, 106, 112, 106, 109, 109, 109, 107, 108, 106,
92,91476,204,FALSE,102, 104, 105, 106, 101, 96, 108, 94, 101, 103,
93,91476,218,FALSE,104, 111, 109, 109, 110, 112, 109, 107, 108, 111,
94,91476,215,FALSE,107, 104, 114, 102, 110, 108, 105, 106, 103, 116,
95,91476,209,FALSE,99, 103, 101, 103, 106, 106, 108, 103, 105, 111,
96,91476,209,FALSE,101, 105, 109, 103, 102, 107, 104, 105, 103, 106,
97,91476,210,FALSE,103, 102, 101, 110, 109, 103, 105, 107, 108, 102,
98,91476,211,FALSE,103, 103, 103, 107, 110, 106, 109, 105, 106, 103,
99,91476,206,FALSE,93, 106, 101, 103, 99, 107, 107, 99, 107, 108,
100,91476,203,FALSE,99, 101, 108, 108, 101, 105, 101, 99, 98, 95,
101,91476,203,FALSE,106, 105, 104, 100, 100, 101, 96, 96, 106, 101,
102,91476,209,FALSE,105, 104, 104, 105, 98, 107, 112, 98, 105, 107,
103,91476,201,FALSE,96, 98, 100, 101, 100, 104, 107, 105, 99, 95,
104,91476,210,FALSE,106, 108, 100, 115, 102, 101, 106, 105, 104, 103,
105,91476,198,FALSE,98, 96, 94, 108, 106, 109, 95, 95, 96, 93,
106,91476,197,FALSE,94, 98, 98, 102, 100, 93, 99, 100, 96, 105,
107,91476,208,FALSE,105, 103, 97, 105, 106, 103, 100, 104, 114, 103,
108,91476,193,FALSE,98, 99, 99, 96, 98, 101, 94, 84, 96, 100,
109,91476,201,FALSE,102, 101, 107, 100, 96, 96, 97, 102, 99, 105,
110,91476,192,FALSE,91, 94, 94, 96, 93, 96, 94, 100, 101, 101,
111,91476,196,FALSE,94, 93, 99, 99, 99, 101, 103, 94, 98, 100,
112,91476,199,FALSE,106, 94, 97, 100, 94, 99, 100, 99, 102, 104,
113,91476,193,FALSE,102, 91, 93, 104, 100, 89, 94, 98, 101, 93,
114,91476,203,FALSE,101, 98, 102, 108, 105, 93, 105, 100, 106, 97,
115,91476,211,FALSE,106, 103, 104, 105, 104, 110, 101, 109, 105, 108,
116,91476,187,FALSE,94, 91, 90, 92, 93, 101, 96, 91, 90, 97,
117,91476,189,FALSE,89, 84, 96, 99, 95, 96, 92, 106, 88, 100,
118,91476,197,FALSE,100, 99, 98, 91, 99, 101, 104, 98, 90, 105,
119,91476,184,FALSE,83, 97, 85, 97, 87, 86, 90, 102, 97, 96,
120,91476,195,FALSE,98, 96, 98, 97, 95, 103, 101, 95, 96, 96,
121,91476,191,FALSE,94, 98, 95, 93, 90, 100, 94, 98, 100, 93,
122,91476,189,FALSE,93, 93, 100, 88, 97, 103, 96, 89, 97, 89,
123,91476,178,FALSE,99, 84, 89, 92, 88, 89, 92, 85, 92, 80,
124,91476,172,FALSE,83, 87, 82, 89, 85, 89, 86, 89, 88, 82,
125,91476,186,FALSE,88, 92, 94, 94, 92, 98, 88, 94, 92, 98,
126,91476,188,FALSE,91, 96, 97, 100, 86, 91, 90, 102, 98, 89,
127,91476,177,FALSE,81, 98, 81, 86, 94, 79, 88, 90, 96, 92,
128,91476,188,FALSE,95, 91, 88, 99, 93, 87, 93, 100, 99, 95,
129,91476,191,FALSE,92, 91, 87, 100, 93, 92, 91, 109, 92, 108,
130,91476,189,FALSE,86, 102, 90, 95, 105, 89, 91, 94, 99, 94,
131,91476,191,FALSE,88, 102, 92, 98, 87, 94, 105, 97, 97, 95,
132,91476,192,FALSE,94, 100, 96, 100, 90, 103, 91, 94, 98, 94,
133,91476,174,FALSE,100, 91, 83, 84, 86, 80, 89, 85, 89, 83,
134,91476,178,FALSE,90, 92, 92, 82, 86, 85, 89, 96, 91, 87,
135,91476,179,FALSE,82, 93, 102, 93, 85, 91, 80, 86, 84, 99,
136,91476,178,FALSE,91, 89, 102, 86, 88, 100, 85, 81, 92, 76,
137,91476,190,FALSE,100, 92, 96, 95, 92, 104, 95, 96, 87, 93,
138,91476,173,FALSE,84, 76, 87, 83, 83, 89, 87, 97, 88, 91,
139,91476,170,FALSE,90, 87, 86, 82, 77, 86, 82, 89, 85, 86,
140,91476,176,FALSE,90, 79, 82, 95, 81, 89, 91, 91, 89, 93,
141,91476,189,FALSE,94, 92, 91, 88, 98, 94, 98, 98, 96, 96,
142,91476,167,FALSE,76, 86, 81, 79, 87, 88, 86, 93, 80, 79,
143,91476,181,FALSE,84, 95, 103, 98, 88, 84, 89, 91, 83, 90,
144,91476,164,FALSE,86, 79, 70, 86, 79, 98, 74, 85, 90, 73,
145,91476,187,FALSE,100, 87, 98, 93, 88, 85, 101, 94, 94, 95,
146,91476,183,FALSE,91, 92, 90, 91, 89, 91, 96, 84, 96, 95,
147,91476,169,FALSE,84, 88, 90, 89, 84, 83, 86, 78, 79, 84,
148,91476,167,FALSE,83, 87, 101, 77, 77, 89, 77, 81, 75, 88,
149,91476,190,FALSE,97, 92, 89, 90, 95, 98, 103, 97, 96, 93,
150,91476,166,FALSE,75, 82, 92, 81, 92, 88, 84, 81, 79, 76,
151,91476,156,FALSE,71, 81, 77, 90, 75, 75, 76, 80, 78, 77,
152,91476,161,FALSE,78, 81, 82, 79, 77, 79, 80, 92, 75, 82,
153,91476,175,FALSE,83, 88, 90, 91, 76, 96, 96, 88, 80, 87,
154,91476,155,FALSE,82, 73, 71, 76, 89, 75, 80, 79, 77, 73,
155,91476,183,FALSE,89, 92, 88, 95, 93, 94, 87, 93, 93, 91,
156,91476,153,FALSE,88, 70, 75, 77, 75, 72, 94, 70, 76, 68,
157,91476,164,FALSE,72, 80, 80, 91, 83, 85, 79, 77, 96, 77,
158,91476,159,FALSE,70, 71, 89, 92, 74, 73, 73, 84, 81, 88,
159,91476,154,FALSE,81, 76, 89, 67, 75, 70, 78, 73, 77, 84,
160,91476,147,FALSE,80, 74, 66, 77, 72, 69, 66, 78, 75, 78,
161,91476,155,FALSE,72, 80, 79, 81, 74, 75, 78, 74, 75, 87,
162,91476,162,FALSE,89, 79, 79, 77, 81, 86, 78, 78, 85, 78,
163,91476,156,FALSE,81, 77, 77, 85, 82, 78, 82, 69, 71, 78,
164,91476,141,FALSE,78, 67, 70, 71, 69, 75, 66, 76, 64, 69,
165,91476,157,FALSE,77, 85, 72, 78, 76, 80, 82, 74, 74, 87,
166,91476,145,FALSE,65, 79, 67, 73, 82, 62, 73, 87, 67, 70,
167,91476,147,FALSE,68, 75, 79, 75, 71, 72, 74, 74, 66, 81,
168,91476,151,FALSE,69, 86, 82, 71, 72, 73, 76, 85, 70, 71,
169,91476,154,FALSE,69, 75, 82, 80, 69, 73, 79, 81, 83, 79,
170,91476,150,FALSE,87, 83, 82, 70, 67, 74, 64, 81, 70, 72,
171,91476,148,FALSE,72, 92, 75, 78, 76, 67, 70, 73, 60, 77,
172,91476,164,FALSE,85, 92, 81, 79, 84, 83, 82, 82, 78, 74,
173,91476,157,FALSE,73, 96, 74, 77, 75, 80, 76, 82, 77, 75,
174,91476,149,FALSE,74, 87, 71, 72, 72, 76, 71, 85, 67, 70,
175,91476,145,FALSE,71, 73, 65, 72, 75, 70, 75, 73, 69, 82,
176,91476,146,FALSE,65, 72, 68, 71, 79, 76, 66, 79, 77, 77,
177,91476,150,FALSE,83, 85, 76, 81, 82, 64, 62, 70, 67, 80,
178,91476,149,FALSE,74, 75, 78, 69, 81, 77, 75, 73, 72, 71,
179,91476,167,FALSE,87, 78, 86, 88, 81, 91, 83, 87, 80, 74,
180,91476,153,FALSE,75, 68, 73, 80, 90, 74, 74, 85, 69, 77,
181,91476,145,FALSE,72, 71, 73, 77, 68, 69, 78, 75, 71, 71,
182,91476,152,FALSE,77, 86, 77, 70, 67, 83, 77, 68, 80, 75,
183,91476,139,FALSE,67, 64, 61, 68, 73, 71, 66, 74, 76, 75,
184,91476,133,FALSE,60, 68, 60, 67, 74, 63, 66, 68, 73, 66,
185,91476,146,FALSE,70, 82, 67, 82, 77, 86, 68, 67, 64, 67,
186,91476,132,FALSE,59, 68, 67, 70, 66, 62, 76, 62, 64, 66,
187,91476,136,FALSE,65, 69, 63, 60, 81, 68, 68, 64, 76, 66,
188,91476,133,FALSE,70, 70, 64, 69, 62, 75, 60, 63, 71, 61,
189,91476,139,FALSE,66, 73, 62, 75, 63, 67, 70, 83, 66, 70,
190,91476,140,FALSE,81, 71, 63, 69, 72, 70, 66, 75, 64, 69,
191,91476,153,FALSE,80, 71, 74, 79, 76, 73, 72, 74, 85, 81,
192,91476,134,FALSE,72, 61, 62, 68, 67, 59, 67, 69, 67, 78,
193,91476,141,FALSE,73, 70, 68, 69, 75, 75, 69, 61, 66, 79,
194,91476,140,FALSE,77, 67, 80, 67, 61, 70, 67, 81, 64, 66,
195,91476,146,FALSE,74, 63, 75, 76, 66, 86, 77, 74, 74, 65,
196,91476,143,FALSE,69, 70, 67, 66, 66, 74, 77, 82, 72, 72,
197,91476,151,FALSE,70, 80, 78, 70, 72, 70, 87, 72, 72, 84,
198,91476,128,FALSE,59, 60, 65, 61, 73, 56, 75, 65, 66, 60,
199,91476,142,FALSE,73, 68, 75, 74, 68, 75, 76, 62, 75, 64,
200,91476,135,FALSE,74, 61, 68, 61, 67, 75, 77, 70, 62, 60,
201,91476,135,FALSE,70, 67, 62, 66, 59, 67, 72, 61, 71, 80,
202,91476,121,FALSE,65, 56, 60, 61, 60, 67, 70, 54, 55, 57,
203,91476,120,FALSE,60, 58, 57, 62, 55, 60, 58, 59, 71, 60,
204,91476,142,FALSE,72, 67, 74, 68, 66, 68, 73, 73, 72, 77,
205,91476,128,FALSE,56, 69, 60, 57, 71, 63, 56, 74, 72, 62,
206,91476,120,FALSE,57, 62, 58, 62, 67, 63, 65, 50, 53, 63,
207,91476,138,FALSE,76, 75, 66, 70, 68, 61, 68, 65, 71, 70,
208,91476,131,FALSE,64, 65, 68, 61, 61, 73, 69, 64, 61, 69,
209,91476,117,FALSE,65, 56, 61, 63, 54, 52, 59, 71, 48, 56,
210,91476,136,FALSE,60, 65, 65, 63, 72, 62, 71, 82, 74, 66,
211,91476,131,FALSE,62, 56, 72, 55, 70, 64, 74, 71, 69, 62,
212,91476,130,FALSE,60, 67, 64, 71, 68, 56, 67, 67, 63, 67,
213,91476,129,FALSE,68, 55, 81, 63, 63, 63, 58, 72, 60, 62,
214,91476,127,FALSE,73, 63, 64, 58, 73, 65, 51, 69, 64, 55,
215,91476,107,FALSE,49, 56, 53, 48, 59, 58, 52, 52, 60, 48,
216,91476,112,FALSE,51, 67, 53, 51, 53, 49, 64, 58, 62, 52,
217,91476,132,FALSE,64, 63, 66, 60, 61, 58, 64, 75, 70, 79,
218,91476,119,FALSE,67, 59, 60, 56, 59, 63, 63, 61, 57, 50,
219,91476,126,FALSE,59, 63, 75, 62, 58, 67, 65, 54, 66, 61,
220,91476,111,FALSE,70, 60, 44, 54, 58, 51, 56, 44, 61, 57,
221,91476,127,FALSE,68, 62, 58, 71, 62, 61, 56, 71, 67, 59,
222,91476,118,FALSE,69, 69, 52, 58, 54, 59, 54, 59, 58, 58,
223,91476,122,FALSE,59, 60, 63, 61, 60, 56, 68, 67, 57, 59,
224,91476,141,FALSE,72, 69, 74, 74, 69, 61, 72, 77, 69, 68,
225,91476,112,FALSE,46, 60, 58, 60, 62, 52, 52, 49, 68, 53,
226,91476,114,FALSE,54, 53, 66, 54, 56, 62, 53, 53, 62, 57,
227,91476,132,FALSE,67, 63, 72, 70, 68, 70, 65, 55, 59, 71,
228,91476,120,FALSE,54, 58, 55, 66, 68, 59, 55, 60, 65, 60,
229,91476,112,FALSE,45, 56, 54, 60, 55, 67, 61, 52, 53, 57,
230,91476,129,FALSE,64, 63, 61, 55, 78, 62, 62, 61, 62, 77,
231,91476,113,FALSE,60, 50, 64, 55, 60, 53, 52, 57, 57, 57,
232,91476,103,FALSE,54, 46, 46, 60, 54, 53, 50, 47, 52, 53,
233,91476,106,FALSE,58, 43, 51, 58, 55, 55, 51, 55, 52, 52,
234,91476,112,FALSE,54, 59, 63, 52, 48, 62, 54, 64, 49, 55,
235,91476,113,FALSE,65, 55, 58, 56, 63, 52, 53, 58, 63, 42,
236,91476,116,FALSE,55, 54, 54, 61, 53, 65, 62, 60, 59, 57,
237,91476,102,FALSE,50, 58, 47, 48, 57, 62, 48, 45, 45, 50,
238,91476,106,FALSE,54, 50, 46, 58, 52, 49, 58, 56, 53, 54,
239,91476,115,FALSE,61, 57, 56, 60, 54, 66, 62, 48, 58, 53,
240,91476,103,FALSE,58, 43, 48, 56, 53, 52, 53, 46, 53, 53,
241,91476,119,FALSE,55, 55, 65, 56, 61, 58, 59, 63, 59, 64,
242,91476,96,FALSE,54, 54, 46, 44, 56, 41, 43, 51, 47, 44,
243,91476,104,FALSE,55, 48, 49, 46, 56, 55, 49, 54, 49, 59,
244,91476,108,FALSE,62, 52, 48, 55, 70, 62, 51, 45, 47, 48,
245,91476,103,FALSE,58, 48, 51, 45, 48, 48, 54, 66, 49, 48,
246,91476,90,FALSE,41, 49, 47, 51, 43, 54, 35, 45, 44, 41,
247,91476,104,FALSE,41, 60, 48, 60, 45, 56, 64, 52, 52, 42,
248,91476,102,FALSE,51, 51, 49, 50, 52, 47, 46, 54, 53, 57,
249,91476,96,FALSE,41, 46, 47, 48, 52, 55, 51, 47, 43, 50,
250,91476,107,FALSE,52, 47, 57, 54, 50, 59, 53, 63, 55, 45,
251,91476,111,FALSE,55, 55, 54, 57, 55, 54, 56, 53, 55, 61,
252,91476,113,FALSE,52, 62, 52, 73, 53, 50, 61, 54, 50, 58,
253,91476,99,FALSE,48, 49, 51, 57, 48, 43, 48, 42, 49, 60,
254,91476,109,FALSE,53, 47, 52, 55, 50, 53, 63, 52, 62, 58,
255,91476,102,FALSE,55, 52, 40, 48, 55, 54, 48, 55, 53, 50,
256,91476,105,FALSE,45, 51, 48, 54, 59, 49, 48, 60, 53, 58,
257,91476,94,FALSE,56, 39, 52, 39, 48, 40, 47, 53, 52, 44,
258,91476,98,FALSE,46, 53, 51, 52, 46, 51, 48, 47, 43, 53,
259,91476,92,FALSE,55, 44, 49, 42, 46, 43, 41, 41, 52, 47,
260,91476,98,FALSE,47, 46, 46, 47, 48, 50, 52, 52, 57, 45,
261,91476,115,FALSE,66, 57, 64, 54, 54, 66, 57, 52, 58, 47,
262,91476,97,FALSE,48, 61, 61, 48, 46, 48, 39, 43, 40, 51,
263,91476,92,FALSE,45, 42, 54, 41, 46, 40, 47, 50, 45, 50,
264,91476,105,FALSE,53, 55, 48, 49, 56, 50, 53, 56, 49, 56,
265,91476,90,FALSE,44, 46, 48, 42, 52, 45, 42, 42, 51, 38,
266,91476,88,FALSE,54, 40, 33, 47, 49, 38, 47, 40, 45, 47,
267,91476,98,FALSE,47, 52, 43, 38, 57, 50, 51, 52, 53, 47,
268,91476,85,FALSE,46, 36, 44, 38, 45, 49, 38, 44, 39, 46,
269,91476,95,FALSE,47, 50, 41, 56, 57, 39, 38, 55, 52, 40,
270,91476,107,FALSE,58, 57, 46, 52, 42, 57, 54, 50, 52, 67,
271,91476,84,FALSE,36, 36, 51, 49, 46, 35, 42, 42, 41, 42,
272,91476,89,FALSE,44, 39, 56, 42, 48, 43, 48, 41, 43, 41,
273,91476,80,FALSE,37, 40, 34, 43, 35, 43, 39, 41, 41, 47,
274,91476,89,FALSE,48, 37, 52, 41, 43, 36, 44, 42, 48, 54,
275,91476,95,FALSE,48, 52, 46, 49, 53, 52, 48, 38, 47, 42,
276,91476,84,FALSE,36, 37, 40, 37, 43, 38, 44, 50, 48, 47,
277,91476,91,FALSE,40, 47, 38, 43, 54, 56, 39, 55, 45, 38,
278,91476,86,FALSE,47, 47, 42, 41, 42, 48, 41, 43, 38, 41,
279,91476,86,FALSE,34, 51, 38, 41, 45, 39, 50, 40, 45, 47,
280,91476,98,FALSE,46, 51, 43, 58, 44, 54, 53, 49, 51, 41,
281,91476,87,FALSE,46, 44, 41, 47, 49, 46, 35, 41, 49, 37,
282,91476,88,FALSE,41, 43, 38, 43, 45, 48, 46, 45, 42, 49,
283,91476,86,FALSE,42, 38, 42, 38, 37, 43, 58, 52, 41, 39,
284,91476,71,FALSE,51, 32, 35, 44, 36, 33, 33, 36, 26, 29,
285,91476,81,FALSE,38, 38, 38, 43, 36, 42, 51, 41, 31, 47,
286,91476,92,FALSE,56, 46, 58, 46, 44, 42, 37, 50, 42, 39,
287,91476,92,FALSE,46, 47, 47, 48, 39, 43, 45, 47, 57, 41,
288,91476,91,FALSE,58, 40, 46, 41, 49, 44, 42, 42, 48, 45,
289,91476,77,FALSE,34, 42, 43, 38, 37, 33, 37, 38, 41, 42,
290,91476,88,FALSE,35, 47, 37, 46, 37, 48, 55, 42, 52, 41,
291,91476,89,FALSE,49, 47, 49, 42, 54, 39, 49, 36, 40, 40,
292,91476,83,FALSE,36, 42, 48, 40, 49, 43, 35, 37, 40, 45,
293,91476,82,FALSE,40, 34, 42, 41, 43, 46, 38, 52, 39, 35,
294,91476,89,FALSE,55, 37, 37, 35, 44, 41, 52, 48, 46, 50,
295,91476,66,FALSE,25, 31, 22, 35, 44, 34, 42, 32, 31, 34,
296,91476,76,FALSE,44, 33, 30, 51, 27, 37, 37, 37, 41, 43,
297,91476,78,FALSE,34, 39, 39, 34, 35, 41, 52, 40, 40, 36,
298,91476,80,FALSE,39, 47, 37, 40, 35, 46, 34, 40, 38, 44,
299,91476,63,FALSE,29, 36, 31, 25, 42, 31, 20, 28, 31, 42,
300,91476,74,FALSE,41, 32, 37, 35, 35, 34, 43, 30, 40, 43,
301,91476,84,FALSE,40, 44, 41, 46, 50, 41, 36, 42, 44, 36,
302,91476,72,FALSE,27, 31, 35, 42, 31, 45, 35, 34, 41, 39,
303,91476,79,FALSE,34, 40, 38, 35, 51, 37, 38, 39, 46, 37,
304,91476,71,FALSE,35, 29, 38, 34, 33, 34, 41, 36, 38, 37,
305,91476,89,FALSE,46, 49, 48, 44, 37, 39, 55, 40, 41, 46,
306,91476,81,FALSE,38, 35, 42, 34, 49, 37, 41, 41, 41, 47,
307,91476,83,FALSE,38, 47, 43, 39, 47, 39, 42, 34, 39, 47,
308,91476,79,FALSE,45, 38, 42, 47, 31, 42, 39, 37, 37, 37,
309,91476,62,FALSE,38, 31, 30, 27, 36, 31, 35, 29, 30, 23,
310,91476,77,FALSE,41, 43, 31, 47, 35, 36, 39, 39, 33, 41,
311,91476,72,FALSE,33, 37, 36, 33, 30, 29, 40, 45, 35, 42,
312,91476,63,FALSE,29, 34, 29, 32, 41, 24, 31, 36, 27, 32,
313,91476,80,FALSE,29, 35, 45, 39, 45, 42, 38, 36, 40, 51,
314,91476,71,FALSE,27, 37, 32, 35, 35, 43, 37, 37, 35, 37,
315,91476,80,FALSE,46, 44, 35, 37, 38, 46, 38, 41, 38, 37,
316,91476,65,FALSE,40, 32, 44, 25, 31, 39, 28, 26, 30, 30,
317,91476,61,FALSE,31, 31, 33, 32, 30, 27, 28, 30, 34, 29,
318,91476,62,FALSE,37, 39, 25, 22, 26, 40, 27, 35, 33, 26,
319,91476,76,FALSE,33, 41, 46, 43, 29, 34, 38, 42, 37, 37,
320,91476,76,FALSE,42, 44, 39, 41, 36, 33, 32, 48, 32, 33,
321,91476,72,FALSE,40, 35, 30, 33, 33, 36, 39, 35, 47, 32,
322,91476,75,FALSE,29, 38, 32, 39, 40, 36, 42, 39, 40, 40,
323,91476,61,FALSE,35, 37, 29, 27, 30, 32, 29, 32, 31, 23,
324,91476,65,FALSE,25, 26, 32, 41, 32, 38, 25, 37, 37, 32,
325,91476,76,FALSE,47, 32, 38, 38, 39, 37, 42, 31, 42, 34,
326,91476,73,FALSE,33, 42, 38, 41, 35, 40, 37, 34, 32, 33,
327,91476,63,FALSE,36, 27, 31, 26, 32, 29, 35, 34, 33, 32,
328,91476,66,FALSE,37, 25, 38, 36, 36, 32, 34, 29, 30, 33,
329,91476,64,FALSE,41, 26, 29, 27, 34, 37, 34, 25, 37, 30,
330,91476,66,FALSE,33, 27, 39, 24, 33, 29, 47, 37, 30, 31,
331,91476,65,FALSE,33, 42, 40, 25, 33, 24, 32, 29, 34, 33,
332,91476,67,FALSE,37, 31, 35, 31, 35, 34, 27, 40, 32, 33,
333,91476,59,FALSE,29, 32, 30, 27, 35, 31, 28, 30, 23, 30,
334,91476,64,FALSE,38, 25, 35, 33, 32, 37, 30, 26, 31, 33,
335,91476,57,FALSE,31, 32, 24, 24, 26, 28, 32, 27, 27, 34,
336,91476,70,FALSE,30, 29, 41, 24, 44, 32, 35, 36, 45, 34,
337,91476,60,FALSE,27, 32, 32, 27, 30, 33, 32, 27, 32, 28,
338,91476,64,FALSE,29, 34, 35, 32, 35, 28, 31, 29, 29, 38,
339,91476,60,FALSE,27, 32, 29, 35, 25, 31, 35, 29, 27, 30,
340,91476,60,FALSE,36, 31, 30, 28, 24, 31, 30, 27, 36, 27,
341,91476,58,FALSE,38, 30, 22, 32, 32, 34, 27, 22, 30, 23,
342,91476,61,FALSE,36, 27, 24, 32, 30, 26, 32, 40, 27, 31,
343,91476,57,FALSE,33, 30, 26, 20, 19, 27, 32, 29, 35, 34,
344,91476,50,FALSE,23, 21, 27, 28, 22, 23, 26, 23, 30, 27,
345,91476,57,FALSE,30, 33, 29, 25, 25, 31, 30, 26, 27, 29,
346,91476,55,FALSE,36, 27, 24, 30, 23, 25, 26, 26, 21, 37,
347,91476,56,FALSE,20, 26, 20, 29, 32, 29, 37, 29, 25, 33,
348,91476,52,FALSE,19, 27, 30, 24, 27, 34, 30, 21, 21, 27,
349,91476,61,FALSE,24, 29, 30, 36, 36, 27, 33, 35, 32, 23,
350,91476,67,FALSE,37, 36, 36, 34, 27, 31, 31, 31, 38, 34,
351,91476,67,FALSE,31, 30, 37, 33, 30, 41, 33, 37, 27, 36,
352,91476,52,FALSE,25, 26, 23, 26, 23, 23, 26, 31, 31, 26,
353,91476,64,FALSE,31, 30, 30, 35, 38, 36, 32, 31, 28, 29,
354,91476,58,FALSE,33, 24, 29, 30, 29, 29, 28, 33, 26, 29,
355,91476,61,FALSE,32, 30, 24, 29, 32, 38, 31, 28, 31, 30,
356,91476,57,FALSE,31, 33, 28, 39, 31, 29, 18, 24, 28, 24,
357,91476,54,FALSE,34, 23, 30, 25, 29, 25, 24, 30, 21, 29,
358,91476,68,FALSE,35, 40, 26, 33, 33, 36, 29, 32, 34, 42,
359,91476,67,FALSE,33, 28, 40, 34, 33, 35, 40, 35, 25, 32,
360,91476,55,FALSE,32, 24, 33, 25, 26, 25, 32, 24, 21, 33,
361,91476,53,FALSE,28, 23, 29, 29, 25, 30, 25, 23, 31, 22,
362,91476,53,FALSE,28, 27, 34, 29, 21, 31, 22, 22, 27, 24,
363,91476,47,FALSE,18, 24, 20, 30, 24, 23, 24, 22, 26, 24,
364,91476,56,FALSE,24, 34, 21, 27, 25, 31, 34, 29, 27, 28,
365,91476,40,FALSE,21, 18, 19, 30, 28, 15, 15, 15, 16, 23,
366,91476,51,FALSE,30, 26, 22, 23, 27, 23, 24, 27, 24, 29,
367,91476,72,FALSE,37, 39, 42, 35, 34, 35, 31, 33, 35, 39,
368,91476,40,FALSE,21, 17, 19, 23, 29, 18, 19, 24, 15, 15,
369,91476,43,FALSE,23, 18, 25, 22, 25, 18, 22, 20, 22, 20,
370,91476,43,FALSE,24, 19, 18, 21, 25, 23, 15, 23, 27, 20,
371,91476,50,FALSE,24, 29, 28, 23, 27, 25, 23, 23, 18, 30,
372,91476,46,FALSE,16, 20, 32, 23, 33, 19, 19, 17, 27, 24,
373,91476,42,FALSE,26, 21, 19, 22, 25, 19, 18, 17, 23, 20,
374,91476,44,FALSE,20, 33, 18, 22, 25, 11, 22, 21, 27, 21,
375,91476,46,FALSE,24, 19, 25, 22, 18, 20, 23, 30, 17, 32,
376,91476,41,FALSE,19, 21, 18, 26, 19, 18, 23, 20, 21, 20,
377,91476,44,FALSE,21, 21, 18, 18, 30, 24, 19, 24, 21, 24,
378,91476,47,FALSE,23, 22, 25, 23, 18, 28, 22, 22, 28, 24,
379,91476,47,FALSE,24, 18, 18, 17, 27, 26, 26, 28, 29, 22,
380,91476,47,FALSE,24, 28, 26, 17, 16, 25, 31, 20, 19, 29,
381,91476,49,FALSE,25, 39, 25, 20, 30, 17, 18, 20, 22, 29,
382,91476,44,FALSE,29, 28, 20, 16, 21, 14, 24, 23, 22, 23,
383,91476,41,FALSE,18, 25, 19, 17, 22, 23, 20, 19, 22, 20,
384,91476,52,FALSE,16, 33, 22, 30, 25, 31, 21, 29, 28, 25,
385,91476,37,FALSE,19, 17, 17, 25, 16, 24, 20, 10, 20, 17,
386,91476,37,FALSE,15, 21, 18, 20, 18, 17, 25, 21, 14, 16,
387,91476,48,FALSE,22, 18, 33, 18, 27, 22, 27, 21, 26, 26,
388,91476,44,FALSE,31, 16, 20, 20, 16, 29, 21, 16, 32, 19,
389,91476,43,FALSE,21, 27, 24, 24, 22, 21, 20, 17, 18, 21,
390,91476,42,FALSE,22, 17, 25, 21, 17, 34, 19, 22, 17, 16,
391,91476,40,FALSE,20, 20, 14, 21, 15, 23, 28, 16, 20, 23,
392,91476,46,FALSE,25, 25, 23, 22, 19, 24, 21, 30, 17, 24,
393,91476,41,FALSE,17, 16, 23, 16, 20, 22, 25, 26, 25, 15,
394,91476,45,FALSE,20, 28, 10, 21, 23, 28, 25, 23, 26, 21,
395,91476,34,FALSE,21, 15, 17, 18, 25, 17, 12, 13, 15, 17,
396,91476,33,FALSE,17, 16, 19, 19, 13, 16, 13, 14, 20, 18,
397,91476,52,FALSE,28, 34, 25, 20, 23, 22, 24, 33, 24, 27,
398,91476,45,FALSE,26, 24, 24, 22, 21, 26, 22, 21, 14, 25,
399,91476,42,FALSE,20, 16, 25, 16, 22, 22, 19, 22, 29, 19,
400,91476,34,FALSE,22, 21, 14, 14, 13, 16, 18, 21, 15, 16,
401,91476,34,FALSE,13, 19, 25, 13, 12, 13, 15, 19, 26, 15,
402,91476,47,FALSE,26, 19, 23, 19, 17, 24, 25, 32, 25, 25,
403,91476,36,FALSE,19, 22, 26, 23, 17, 16, 10, 14, 15, 18,
404,91476,36,FALSE,20, 18, 14, 16, 20, 17, 19, 13, 29, 14,
405,91476,29,FALSE,18, 15, 16, 16, 12, 15, 12, 14, 12, 15,
406,91476,48,FALSE,23, 29, 21, 17, 23, 27, 27, 22, 29, 22,
407,91476,38,FALSE,12, 27, 18, 24, 15, 22, 22, 15, 19, 16,
408,91476,50,FALSE,29, 28, 26, 24, 30, 21, 22, 20, 23, 27,
409,91476,39,FALSE,20, 19, 25, 21, 13, 20, 30, 17, 14, 16,
410,91476,43,FALSE,15, 23, 26, 17, 26, 24, 22, 22, 23, 17,
411,91476,45,FALSE,19, 23, 26, 26, 21, 25, 18, 26, 23, 18,
412,91476,32,FALSE,17, 19, 12, 18, 13, 16, 23, 16, 12, 14,
413,91476,46,FALSE,25, 24, 26, 23, 25, 21, 19, 23, 25, 19,
414,91476,38,FALSE,19, 16, 20, 18, 17, 30, 17, 17, 18, 18,
415,91476,38,FALSE,19, 16, 21, 15, 19, 19, 22, 17, 16, 26,
416,91476,36,FALSE,13, 15, 18, 14, 24, 15, 13, 20, 22, 26,
417,91476,35,FALSE,20, 20, 13, 15, 17, 14, 22, 17, 19, 18,
418,91476,37,FALSE,17, 14, 14, 17, 18, 22, 14, 24, 26, 19,
419,91476,28,FALSE,17, 10, 17, 12, 16, 13, 11, 17, 14, 13,
420,91476,38,FALSE,16, 25, 14, 23, 14, 21, 23, 18, 19, 17,
421,91476,32,FALSE,16, 19, 22, 13, 17, 16, 13, 19, 13, 12,
422,91476,38,FALSE,25, 12, 19, 20, 20, 16, 17, 17, 18, 26,
423,91476,30,FALSE,17, 14, 21, 12, 11, 10, 18, 17, 14, 16,
424,91476,29,FALSE,17, 17, 13, 18, 12, 14, 13, 11, 16, 14,
425,91476,28,FALSE,14, 11, 6, 13, 14, 17, 21, 16, 11, 17,
426,91476,35,FALSE,22, 16, 17, 21, 15, 15, 18, 21, 15, 15,
427,91476,36,FALSE,18, 18, 19, 22, 15, 15, 14, 17, 24, 18,
428,91476,30,FALSE,15, 13, 13, 15, 13, 20, 13, 13, 20, 15,
429,91476,31,FALSE,16, 15, 20, 21, 12, 11, 19, 13, 14, 14,
430,91476,39,FALSE,19, 21, 26, 20, 19, 21, 15, 19, 18, 17,
431,91476,35,FALSE,18, 19, 15, 18, 17, 11, 16, 19, 21, 21,
432,91476,28,FALSE,12, 17, 13, 14, 14, 15, 12, 19, 13, 11,
433,91476,35,FALSE,17, 15, 24, 14, 19, 21, 13, 15, 22, 15,
434,91476,30,FALSE,25, 16, 16, 11, 11, 12, 15, 17, 15, 12,
435,91476,31,FALSE,18, 18, 12, 19, 17, 14, 14, 17, 13, 13,
436,91476,29,FALSE,9, 16, 10, 16, 16, 19, 16, 15, 14, 14,
437,91476,27,FALSE,16, 13, 11, 16, 14, 15, 12, 11, 17, 10,
438,91476,32,FALSE,19, 15, 18, 19, 16, 15, 18, 16, 13, 11,
439,91476,26,FALSE,7, 15, 17, 13, 11, 14, 14, 13, 15, 11,
440,91476,30,FALSE,14, 15, 12, 9, 18, 12, 21, 14, 20, 15,
441,91476,34,FALSE,18, 20, 13, 19, 15, 18, 14, 19, 19, 15,
442,91476,34,FALSE,22, 20, 16, 15, 19, 13, 15, 17, 14, 19,
443,91476,29,FALSE,19, 21, 11, 13, 12, 17, 13, 12, 9, 18,
444,91476,33,FALSE,17, 10, 18, 18, 21, 14, 16, 16, 18, 17,
445,91476,23,FALSE,12, 12, 12, 13, 11, 7, 16, 15, 10, 7,
446,91476,25,FALSE,10, 12, 15, 9, 15, 9, 12, 17, 14, 12,
447,91476,27,FALSE,18, 14, 14, 13, 14, 12, 16, 11, 11, 12,
448,91476,28,FALSE,17, 19, 14, 15, 10, 14, 13, 11, 15, 12,
449,91476,36,FALSE,23, 16, 17, 13, 21, 17, 22, 15, 19, 17,
450,91476,28,FALSE,12, 16, 11, 17, 16, 19, 13, 10, 13, 13,
451,91476,25,FALSE,12, 15, 14, 18, 10, 13, 10, 11, 13, 9,
452,91476,32,FALSE,21, 14, 13, 17, 20, 10, 21, 13, 15, 16,
453,91476,29,FALSE,16, 14, 17, 12, 16, 12, 11, 15, 21, 11,
454,91476,30,FALSE,14, 11, 14, 11, 15, 12, 23, 14, 18, 18,
455,91476,29,FALSE,14, 14, 13, 16, 13, 15, 14, 13, 18, 15,
456,91476,27,FALSE,10, 14, 15, 9, 18, 20, 14, 10, 11, 14,
457,91476,26,FALSE,15, 15, 19, 9, 10, 16, 17, 8, 10, 11,
458,91476,21,FALSE,15, 10, 9, 11, 10, 8, 10, 6, 8, 18,
459,91476,32,FALSE,14, 17, 13, 14, 24, 18, 13, 19, 13, 15,
460,91476,27,FALSE,10, 11, 14, 10, 16, 18, 13, 14, 16, 13,
461,91476,28,FALSE,14, 10, 19, 14, 16, 17, 11, 15, 12, 12,
462,91476,28,FALSE,13, 13, 19, 10, 16, 13, 21, 13, 11, 11,
463,91476,24,FALSE,15, 7, 11, 13, 11, 12, 13, 10, 12, 16,
464,91476,22,FALSE,8, 10, 11, 9, 13, 12, 7, 18, 10, 12,
465,91476,23,FALSE,11, 12, 8, 19, 8, 11, 8, 9, 11, 18,
466,91476,24,FALSE,13, 16, 10, 16, 10, 12, 11, 10, 11, 11,
467,91476,22,FALSE,8, 14, 9, 12, 10, 14, 8, 13, 14, 8,
468,91476,20,FALSE,11, 6, 9, 11, 8, 7, 14, 9, 12, 13,
469,91476,27,FALSE,14, 12, 19, 16, 13, 12, 12, 11, 20, 6,
470,91476,32,FALSE,23, 16, 18, 13, 14, 11, 16, 11, 20, 18,
471,91476,25,FALSE,15, 16, 18, 11, 11, 13, 12, 11, 12, 6,
472,91476,24,FALSE,16, 11, 13, 9, 17, 16, 8, 8, 12, 10,
473,91476,23,FALSE,10, 13, 12, 11, 19, 12, 9, 12, 11, 6,
474,91476,25,FALSE,14, 16, 13, 12, 10, 11, 13, 11, 16, 9,
475,91476,25,FALSE,18, 11, 18, 8, 13, 14, 9, 12, 11, 11,
476,91476,18,FALSE,7, 14, 6, 10, 10, 9, 10, 7, 8, 9,
477,91476,24,FALSE,14, 14, 13, 14, 10, 5, 12, 13, 12, 13,
478,91476,20,FALSE,10, 12, 10, 15, 9, 8, 9, 12, 8, 7,
479,91476,21,FALSE,13, 4, 13, 16, 8, 10, 10, 9, 10, 12,
480,91476,21,FALSE,8, 15, 7, 12, 7, 12, 12, 9, 14, 9,
481,91476,22,FALSE,14, 12, 8, 12, 9, 12, 11, 14, 8, 10,
482,91476,23,FALSE,13, 12, 12, 7, 12, 10, 17, 9, 13, 10,
483,91476,20,FALSE,14, 15, 10, 7, 8, 10, 7, 8, 12, 9,
484,91476,19,FALSE,13, 9, 11, 9, 10, 8, 10, 7, 10, 8,
485,91476,26,FALSE,13, 9, 19, 10, 14, 12, 19, 11, 9, 14,
486,91476,28,FALSE,14, 11, 16, 14, 12, 12, 18, 10, 14, 19,
487,91476,22,FALSE,10, 13, 11, 16, 7, 11, 11, 7, 11, 13,
488,91476,21,FALSE,8, 13, 7, 8, 12, 12, 12, 10, 15, 8,
489,91476,19,FALSE,6, 12, 9, 13, 6, 7, 5, 12, 12, 13,
490,91476,20,FALSE,11, 8, 10, 9, 10, 10, 9, 13, 13, 7,
491,91476,19,FALSE,8, 13, 10, 8, 6, 9, 12, 10, 8, 11,
492,91476,19,FALSE,8, 2, 7, 10, 13, 10, 8, 8, 14, 15,
493,91476,25,FALSE,9, 13, 16, 15, 13, 14, 8, 8, 12, 17,
494,91476,16,FALSE,8, 7, 10, 11, 8, 7, 9, 5, 5, 10,
495,91476,24,FALSE,10, 18, 12, 10, 20, 7, 12, 9, 8, 14,
496,91476,14,FALSE,9, 6, 5, 5, 9, 6, 5, 10, 5, 10,
497,91476,16,FALSE,8, 5, 6, 12, 8, 7, 12, 5, 11, 6,
498,91476,20,FALSE,5, 8, 12, 12, 10, 8, 6, 16, 15, 8,
499,91476,15,FALSE,8, 10, 6, 6, 9, 7, 7, 6, 10, 6,
500,91476,19,FALSE,6, 10, 5, 11, 9, 8, 10, 9, 16, 11,
501,91476,24,FALSE,12, 10, 13, 14, 7, 10, 21, 10, 12, 11,
502,91476,21,FALSE,7, 9, 11, 13, 11, 12, 8, 10, 16, 8,
503,91476,18,FALSE,10, 3, 12, 10, 9, 7, 10, 9, 11, 9,
504,91476,22,FALSE,14, 11, 12, 11, 16, 11, 7, 6, 10, 12,
505,91476,26,FALSE,18, 14, 12, 9, 13, 12, 10, 13, 14, 15,
506,91476,15,FALSE,6, 5, 10, 10, 7, 8, 5, 8, 7, 9,
507,91476,25,FALSE,15, 14, 14, 12, 9, 12, 12, 8, 12, 17,
508,91476,18,FALSE,7, 11, 14, 9, 8, 7, 14, 9, 5, 6,
509,91476,17,FALSE,7, 9, 10, 8, 7, 7, 11, 10, 10, 6,
510,91476,17,FALSE,8, 9, 9, 8, 12, 8, 9, 6, 10, 6,
511,91476,19,FALSE,13, 9, 7, 7, 13, 8, 6, 14, 10, 8,
512,91476,16,FALSE,6, 8, 8, 6, 9, 7, 11, 7, 7, 11,
513,91476,17,FALSE,7, 8, 6, 9, 6, 10, 9, 12, 11, 7,
514,91476,13,FALSE,5, 4, 7, 7, 7, 7, 6, 7, 6, 9,
515,91476,19,FALSE,6, 9, 13, 11, 9, 13, 5, 4, 10, 15,
516,91476,14,FALSE,4, 11, 9, 11, 6, 7, 6, 6, 7, 3,
517,91476,16,FALSE,9, 8, 6, 4, 10, 6, 8, 12, 7, 10,
518,91476,19,FALSE,11, 13, 8, 11, 9, 11, 11, 5, 6, 10,
519,91476,14,FALSE,7, 7, 8, 6, 6, 9, 6, 6, 7, 8,
520,91476,23,FALSE,10, 15, 12, 15, 10, 12, 9, 11, 11, 10,
521,91476,12,FALSE,4, 7, 7, 3, 6, 6, 7, 5, 7, 8,
522,91476,23,FALSE,11, 12, 7, 11, 14, 14, 15, 12, 12, 7,
523,91476,16,FALSE,5, 11, 7, 7, 8, 10, 6, 9, 9, 8,
524,91476,14,FALSE,5, 11, 11, 5, 8, 9, 6, 6, 4, 5,
525,91476,12,FALSE,5, 7, 6, 12, 5, 6, 5, 3, 5, 6,
526,91476,18,FALSE,6, 10, 10, 9, 12, 14, 7, 8, 6, 8,
527,91476,14,FALSE,7, 8, 9, 12, 4, 3, 6, 4, 9, 8,
528,91476,20,FALSE,10, 7, 8, 10, 8, 9, 11, 12, 13, 12,
529,91476,10,FALSE,7, 3, 5, 3, 4, 10, 5, 5, 2, 6,
530,91476,19,FALSE,10, 15, 5, 8, 10, 6, 10, 8, 9, 14,
531,91476,15,FALSE,9, 10, 4, 5, 9, 7, 8, 11, 7, 5,
532,91476,17,FALSE,5, 8, 12, 11, 12, 8, 6, 4, 12, 7,
533,91476,15,FALSE,5, 10, 6, 9, 10, 6, 7, 10, 8, 4,
534,91476,17,FALSE,13, 8, 7, 8, 10, 11, 6, 7, 8, 7,
535,91476,20,FALSE,11, 12, 5, 13, 11, 6, 9, 14, 12, 7,
536,91476,16,FALSE,6, 8, 7, 7, 11, 7, 6, 9, 10, 9,
537,91476,17,FALSE,5, 5, 13, 10, 12, 10, 9, 7, 6, 8,
538,91476,15,FALSE,5, 6, 10, 9, 7, 7, 8, 10, 6, 7,
539,91476,12,FALSE,6, 7, 5, 4, 9, 5, 6, 5, 7, 6,
540,91476,13,FALSE,4, 9, 12, 6, 4, 5, 6, 9, 4, 6,
541,91476,12,FALSE,6, 6, 7, 7, 4, 6, 9, 3, 5, 7,
542,91476,12,FALSE,5, 4, 6, 8, 5, 4, 3, 6, 11, 8,
543,91476,14,FALSE,8, 3, 7, 11, 5, 8, 5, 9, 7, 7,
544,91476,14,FALSE,8, 9, 7, 5, 5, 6, 5, 9, 10, 6,
545,91476,12,FALSE,3, 9, 7, 6, 6, 6, 6, 6, 7, 4,
546,91476,14,FALSE,9, 4, 4, 5, 5, 7, 9, 8, 9, 10,
547,91476,10,FALSE,5, 4, 4, 6, 6, 6, 6, 6, 3, 4,
548,91476,12,FALSE,5, 4, 5, 6, 8, 7, 7, 4, 7, 7,
549,91476,12,FALSE,4, 9, 6, 8, 2, 7, 9, 5, 5, 5,
550,91476,12,FALSE,4, 4, 4, 9, 6, 4, 10, 5, 4, 10,
551,91476,14,FALSE,6, 8, 6, 6, 7, 7, 8, 8, 7, 7,
552,91476,11,FALSE,7, 5, 3, 8, 7, 4, 6, 5, 7, 3,
553,91476,15,FALSE,5, 11, 4, 11, 7, 7, 7, 8, 8, 7,
554,91476,9,FALSE,3, 3, 6, 2, 5, 5, 5, 4, 4, 8,
555,91476,11,FALSE,7, 4, 5, 3, 5, 5, 4, 9, 6, 7,
556,91476,11,FALSE,4, 3, 7, 4, 4, 5, 7, 9, 4, 8,
557,91476,15,FALSE,9, 11, 8, 7, 8, 6, 6, 5, 10, 5,
558,91476,12,FALSE,7, 4, 4, 5, 3, 10, 8, 5, 7, 7,
559,91476,10,FALSE,7, 6, 5, 6, 5, 2, 5, 6, 4, 4,
560,91476,11,FALSE,5, 7, 8, 4, 5, 4, 7, 4, 4, 7,
561,91476,10,FALSE,4, 3, 4, 4, 5, 6, 5, 6, 6, 7,
562,91476,14,FALSE,7, 5, 3, 9, 7, 10, 8, 9, 6, 6,
563,91476,10,FALSE,6, 3, 5, 5, 6, 4, 7, 6, 3, 5,
564,91476,12,FALSE,4, 6, 9, 5, 7, 10, 5, 5, 3, 6,
565,91476,11,FALSE,6, 6, 4, 3, 3, 9, 5, 7, 7, 5,
566,91476,11,FALSE,7, 4, 5, 5, 6, 5, 8, 6, 4, 5,
567,91476,10,FALSE,4, 5, 8, 4, 5, 6, 4, 4, 5, 5,
568,91476,12,FALSE,5, 6, 4, 8, 9, 6, 3, 8, 5, 6,
569,91476,8,FALSE,3, 6, 4, 3, 5, 4, 4, 3, 4, 4,
570,91476,15,FALSE,4, 7, 8, 8, 9, 5, 8, 7, 9, 10,
571,91476,11,FALSE,7, 6, 5, 5, 6, 4, 7, 5, 5, 5,
572,91476,11,FALSE,8, 3, 3, 5, 6, 8, 5, 8, 5, 4,
573,91476,8,FALSE,3, 4, 4, 5, 2, 3, 4, 4, 5, 6,
574,91476,9,FALSE,4, 6, 3, 4, 4, 5, 4, 5, 3, 7,
575,91476,13,FALSE,7, 3, 7, 5, 5, 8, 7, 11, 6, 6,
576,91476,10,FALSE,6, 8, 4, 5, 3, 7, 3, 3, 5, 6,
577,91476,10,FALSE,6, 6, 5, 3, 2, 8, 4, 5, 5, 6,
578,91476,11,FALSE,6, 3, 5, 5, 8, 7, 5, 4, 6, 6,
579,91476,10,FALSE,5, 6, 5, 7, 5, 4, 3, 5, 3, 7,
580,91476,11,FALSE,6, 4, 7, 6, 5, 5, 6, 4, 7, 5,
581,91476,12,FALSE,5, 5, 9, 4, 3, 9, 8, 6, 3, 8,
582,91476,8,FALSE,7, 5, 4, 2, 4, 3, 3, 5, 3, 4,
583,91476,9,FALSE,7, 2, 4, 4, 2, 2, 4, 6, 8, 6,
584,91476,8,FALSE,2, 5, 5, 6, 2, 1, 4, 7, 5, 3,
585,91476,7,FALSE,3, 3, 5, 5, 5, 3, 2, 5, 2, 2,
586,91476,14,FALSE,5, 4, 5, 9, 9, 8, 12, 7, 4, 7,
587,91476,7,FALSE,3, 5, 5, 2, 3, 6, 1, 3, 2, 5,
588,91476,9,FALSE,4, 2, 5, 5, 7, 3, 3, 6, 4, 6,
589,91476,10,FALSE,4, 1, 4, 5, 6, 5, 5, 6, 5, 9,
590,91476,14,FALSE,5, 7, 8, 10, 8, 5, 7, 6, 7, 7,
591,91476,7,FALSE,2, 4, 4, 5, 3, 4, 4, 3, 3, 3,
592,91476,12,FALSE,4, 7, 8, 5, 4, 8, 4, 7, 7, 6,
593,91476,9,FALSE,5, 6, 6, 4, 4, 1, 4, 7, 2, 6,
594,91476,11,FALSE,4, 4, 5, 6, 4, 6, 5, 6, 9, 6,
595,91476,7,FALSE,3, 1, 3, 7, 5, 4, 3, 3, 0, 6,
596,91476,12,FALSE,5, 4, 5, 7, 8, 7, 8, 9, 2, 5,
597,91476,11,FALSE,5, 8, 5, 7, 4, 5, 4, 5, 7, 5,
598,91476,8,FALSE,2, 4, 7, 2, 5, 3, 6, 3, 5, 3,
599,91476,10,FALSE,4, 5, 5, 5, 8, 6, 2, 5, 7, 3,
600,91476,7,FALSE,3, 3, 3, 3, 4, 4, 6, 3, 3, 3,
601,91476,8,FALSE,4, 0, 7, 3, 6, 4, 4, 4, 3, 5,
602,91476,7,FALSE,3, 6, 2, 5, 2, 2, 5, 6, 3, 1,
603,91476,10,FALSE,6, 2, 4, 7, 4, 5, 5, 3, 7, 7,
604,91476,6,FALSE,3, 2, 2, 2, 4, 4, 3, 4, 3, 3,
605,91476,8,FALSE,2, 4, 5, 5, 4, 5, 5, 4, 4, 2,
606,91476,6,FALSE,3, 3, 4, 3, 1, 4, 3, 3, 3, 3,
607,91476,8,FALSE,5, 5, 3, 1, 3, 4, 3, 7, 5, 4,
608,91476,7,FALSE,3, 3, 5, 2, 4, 5, 2, 5, 4, 2,
609,91476,5,FALSE,3, 4, 3, 1, 3, 2, 2, 3, 2, 2,
610,91476,8,FALSE,4, 5, 5, 4, 1, 3, 4, 5, 5, 4,
611,91476,6,FALSE,3, 5, 1, 2, 5, 4, 2, 2, 2, 4,
612,91476,7,FALSE,4, 3, 4, 4, 3, 1, 3, 5, 4, 4,
613,91476,7,FALSE,5, 3, 3, 7, 4, 4, 3, 3, 1, 2,
614,91476,13,FALSE,7, 8, 5, 5, 6, 6, 8, 6, 7, 7,
615,91476,7,FALSE,2, 4, 4, 4, 5, 6, 3, 1, 3, 3,
616,91476,7,FALSE,2, 5, 5, 2, 4, 3, 5, 1, 3, 5,
617,91476,6,FALSE,1, 2, 3, 3, 2, 5, 2, 4, 5, 3,
618,91476,7,FALSE,2, 4, 3, 3, 3, 3, 4, 3, 5, 5,
619,91476,6,FALSE,5, 1, 2, 4, 5, 2, 2, 2, 4, 3,
620,91476,6,FALSE,2, 4, 1, 2, 5, 2, 4, 4, 3, 3,
621,91476,8,FALSE,4, 6, 3, 5, 5, 0, 4, 2, 7, 4,
622,91476,7,FALSE,2, 3, 6, 3, 3, 7, 2, 3, 5, 1,
623,91476,5,FALSE,2, 2, 3, 2, 2, 3, 4, 3, 3, 1,
624,91476,6,FALSE,3, 1, 4, 3, 6, 2, 2, 4, 2, 3,
625,91476,8,FALSE,4, 5, 3, 4, 4, 5, 3, 4, 6, 2,
626,91476,7,FALSE,5, 3, 3, 2, 5, 3, 5, 4, 2, 3,
627,91476,6,FALSE,4, 0, 2, 3, 3, 2, 4, 2, 5, 5,
628,91476,6,FALSE,3, 5, 3, 4, 3, 3, 5, 1, 3, 0,
629,91476,6,FALSE,5, 1, 3, 5, 4, 3, 1, 2, 3, 3,
630,91476,6,FALSE,3, 2, 5, 2, 2, 1, 3, 3, 4, 5,
631,91476,4,FALSE,4, 1, 2, 2, 2, 1, 3, 1, 2, 2,
632,91476,4,FALSE,1, 2, 0, 3, 4, 3, 2, 3, 2, 0,
633,91476,4,FALSE,2, 1, 1, 3, 3, 1, 2, 3, 3, 1,
634,91476,4,FALSE,1, 2, 2, 2, 2, 2, 3, 2, 2, 2,
635,91476,5,FALSE,4, 2, 2, 1, 4, 0, 3, 4, 2, 3,
636,91476,7,FALSE,2, 4, 5, 4, 4, 4, 3, 5, 2, 2,
637,91476,6,FALSE,5, 2, 4, 1, 3, 3, 3, 3, 3, 3,
638,91476,7,FALSE,5, 3, 4, 5, 2, 2, 3, 3, 5, 3,
639,91476,6,FALSE,3, 1, 3, 3, 3, 3, 4, 3, 4, 3,
640,91476,5,FALSE,3, 2, 2, 2, 3, 4, 4, 1, 1, 3,
641,91476,5,FALSE,2, 2, 2, 2, 2, 5, 1, 2, 5, 2,
642,91476,4,FALSE,1, 3, 2, 1, 2, 4, 2, 1, 2, 2,
643,91476,4,FALSE,0, 3, 2, 1, 4, 3, 3, 1, 2, 1,
644,91476,5,FALSE,1, 2, 2, 3, 4, 3, 1, 2, 3, 4,
645,91476,4,FALSE,3, 1, 3, 3, 2, 2, 1, 2, 1, 2,
646,91476,5,FALSE,1, 3, 4, 3, 3, 3, 1, 2, 3, 2,
647,91476,6,FALSE,5, 3, 4, 3, 4, 2, 5, 2, 1, 1,
648,91476,4,FALSE,2, 2, 2, 2, 3, 3, 1, 1, 3, 1,
649,91476,4,FALSE,3, 3, 2, 1, 1, 3, 1, 1, 2, 3,
650,91476,4,FALSE,4, 2, 2, 1, 1, 4, 2, 1, 2, 1,
651,91476,3,FALSE,2, 1, 2, 1, 3, 2, 1, 3, 0, 0,
652,91476,6,FALSE,3, 2, 3, 2, 2, 2, 5, 2, 5, 4,
653,91476,5,FALSE,2, 0, 4, 2, 3, 2, 2, 3, 4, 3,
654,91476,5,FALSE,2, 5, 1, 3, 2, 2, 3, 1, 2, 4,
655,91476,6,FALSE,1, 5, 3, 1, 4, 2, 5, 3, 3, 3,
656,91476,3,FALSE,1, 1, 3, 1, 2, 1, 1, 2, 1, 2,
657,91476,5,FALSE,2, 1, 4, 4, 1, 3, 1, 3, 1, 5,
658,91476,4,FALSE,1, 2, 2, 1, 2, 2, 3, 3, 2, 2,
659,91476,3,FALSE,1, 1, 2, 3, 1, 1, 1, 3, 2, 0,
660,91476,3,FALSE,1, 2, 1, 2, 2, 1, 2, 1, 1, 2,
661,91476,5,FALSE,3, 2, 2, 4, 2, 2, 3, 2, 3, 2,
662,91476,6,FALSE,5, 4, 1, 3, 2, 0, 6, 3, 2, 4,
663,91476,5,FALSE,5, 1, 2, 3, 2, 3, 3, 2, 1, 3,
664,91476,4,FALSE,1, 3, 3, 1, 1, 2, 2, 2, 3, 2,
665,91476,3,FALSE,3, 1, 1, 1, 1, 2, 1, 3, 1, 1,
666,91476,4,FALSE,2, 2, 1, 2, 1, 4, 2, 1, 1, 4,
667,91476,4,FALSE,1, 4, 2, 1, 1, 2, 3, 2, 1, 3,
668,91476,5,FALSE,2, 4, 4, 2, 3, 0, 3, 3, 2, 2,
669,91476,5,FALSE,4, 1, 3, 2, 4, 3, 3, 1, 1, 3,
670,91476,6,FALSE,4, 4, 2, 4, 4, 4, 1, 3, 3, 1,
671,91476,3,FALSE,1, 2, 1, 1, 2, 2, 1, 1, 2, 2,
672,91476,4,FALSE,2, 2, 2, 4, 1, 2, 0, 3, 2, 2,
673,91476,7,FALSE,4, 4, 4, 6, 2, 2, 4, 2, 4, 3,
674,91476,5,FALSE,2, 4, 3, 1, 4, 2, 1, 3, 3, 2,
675,91476,4,FALSE,3, 3, 2, 2, 4, 1, 0, 2, 0, 3,
676,91476,3,FALSE,1, 3, 1, 2, 1, 1, 3, 1, 0, 2,
677,91476,2,FALSE,0, 2, 1, 0, 2, 1, 2, 1, 0, 1,
678,91476,3,FALSE,1, 2, 1, 2, 0, 2, 3, 1, 2, 1,
679,91476,6,FALSE,3, 3, 3, 2, 4, 4, 3, 2, 3, 3,
680,91476,4,FALSE,3, 3, 2, 1, 2, 2, 1, 3, 1, 2,
681,91476,2,FALSE,2, 0, 1, 2, 2, 0, 0, 0, 2, 1,
682,91476,3,FALSE,1, 1, 3, 1, 2, 2, 2, 1, 1, 1,
683,91476,5,FALSE,4, 4, 1, 2, 1, 2, 1, 3, 3, 4,
684,91476,3,FALSE,1, 1, 2, 1, 2, 2, 1, 2, 2, 1,
685,91476,3,FALSE,1, 1, 2, 1, 1, 2, 3, 1, 0, 3,
686,91476,4,FALSE,2, 3, 3, 2, 1, 2, 1, 3, 1, 2,
687,91476,2,FALSE,1, 0, 0, 1, 2, 1, 2, 1, 1, 1,
688,91476,2,FALSE,1, 2, 2, 1, 0, 1, 1, 1, 1, 0,
689,91476,4,FALSE,1, 3, 1, 1, 4, 2, 2, 1, 4, 1,
690,91476,3,FALSE,1, 2, 1, 1, 1, 1, 2, 3, 2, 1,
691,91476,2,FALSE,1, 1, 2, 0, 2, 0, 1, 0, 1, 2,
692,91476,2,FALSE,2, 1, 1, 2, 1, 0, 1, 1, 1, 0,
693,91476,2,FALSE,1, 1, 1, 2, 1, 1, 0, 1, 2, 0,
694,91476,4,FALSE,4, 2, 1, 1, 3, 3, 3, 1, 1, 1,
695,91476,3,FALSE,2, 2, 1, 1, 3, 2, 1, 1, 1, 1,
696,91476,3,FALSE,1, 1, 1, 3, 2, 1, 1, 2, 2, 1,
697,91476,3,FALSE,2, 0, 2, 2, 2, 1, 3, 1, 1, 1,
698,91476,3,FALSE,2, 1, 2, 1, 1, 2, 3, 1, 1, 1,
699,91476,2,FALSE,1, 1, 2, 2, 0, 0, 0, 1, 1, 2,
700,91476,2,FALSE,0, 1, 1, 1, 0, 2, 1, 1, 1, 2,
701,91476,4,FALSE,2, 2, 1, 1, 3, 2, 3, 2, 3, 1,
702,91476,3,FALSE,2, 1, 1, 0, 2, 2, 1, 2, 3, 1,
703,91476,3,FALSE,0, 1, 2, 1, 2, 1, 1, 3, 2, 2,
704,91476,2,FALSE,0, 2, 2, 1, 1, 1, 0, 1, 2, 0,
705,91476,2,FALSE,2, 0, 0, 1, 1, 1, 2, 1, 1, 1,
706,91476,2,FALSE,1, 1, 2, 0, 2, 1, 1, 1, 1, 0,
707,91476,2,FALSE,0, 1, 1, 2, 1, 1, 2, 1, 1, 0,
708,91476,2,FALSE,0, 0, 1, 0, 1, 2, 1, 2, 1, 2,
709,91476,3,FALSE,2, 2, 1, 1, 1, 2, 1, 2, 2, 1,
710,91476,1,FALSE,0, 0, 1, 0, 0, 1, 1, 0, 1, 1,
711,91476,2,FALSE,2, 1, 0, 1, 1, 2, 0, 1, 1, 1,
712,91476,2,FALSE,2, 2, 0, 1, 1, 1, 0, 2, 0, 1,
713,91476,2,FALSE,1, 2, 0, 1, 1, 1, 1, 2, 1, 0,
714,91476,2,FALSE,0, 0, 2, 2, 2, 1, 1, 1, 0, 1,
715,91476,3,FALSE,1, 2, 1, 2, 2, 2, 1, 2, 1, 1,
716,91476,2,FALSE,2, 1, 1, 1, 0, 1, 1, 1, 1, 1,
717,91476,2,FALSE,1, 1, 2, 0, 1, 1, 2, 0, 1, 1,
718,91476,3,FALSE,2, 1, 1, 1, 2, 1, 2, 2, 2, 1,
719,91476,2,FALSE,1, 2, 0, 1, 2, 0, 1, 1, 1, 1,
720,91476,2,FALSE,1, 2, 1, 1, 1, 1, 1, 1, 1, 0,
721,91476,2,FALSE,1, 1, 0, 1, 1, 1, 0, 1, 2, 2,
722,91476,2,FALSE,0, 2, 0, 2, 1, 1, 1, 1, 1, 1,
723,91476,1,FALSE,0, 1, 1, 1, 1, 1, 0, 0, 0, 0,
724,91476,2,FALSE,1, 1, 1, 1, 0, 1, 2, 1, 1, 1,
725,91476,1,FALSE,0, 0, 1, 1, 0, 1, 1, 0, 1, 0,
726,91476,1,FALSE,0, 1, 1, 1, 0, 1, 0, 0, 0, 1,
727,91476,1,FALSE,1, 1, 1, 1, 0, 0, 0, 0, 0, 1,
728,91476,1,FALSE,0, 0, 1, 1, 0, 0, 0, 1, 1, 1,
729,91476,1,FALSE,0, 1, 0, 0, 1, 1, 1, 1, 0, 0,
730,91476,2,FALSE,1, 1, 0, 1, 1, 2, 0, 2, 1, 1,
731,91476,1,FALSE,0, 0, 1, 0, 0, 1, 1, 1, 1, 0,
732,91476,1,FALSE,1, 1, 0, 0, 1, 1, 0, 0, 0, 1,
733,91476,1,FALSE,0, 0, 1, 0, 0, 1, 0, 1, 1, 1,
734,91476,1,FALSE,1, 0, 0, 0, 1, 0, 0, 1, 1, 1,
