row_number, computation, coverage, status,1,2,3,4,5,6,7,8,9,10,11,
1,0,462,true,210, 210, 210, 210, 210, 210, 210, 210, 210, 210, 210,
2,0,462,true,210, 210, 210, 210, 210, 210, 210, 210, 210, 210, 210,
3,0,462,true,210, 210, 210, 210, 210, 210, 210, 210, 210, 210, 210,
4,0,461,true,209, 209, 209, 210, 210, 209, 210, 210, 210, 210, 209,
5,0,461,true,209, 209, 210, 210, 209, 210, 209, 210, 210, 210, 209,
6,0,461,true,209, 210, 210, 209, 210, 209, 210, 209, 210, 209, 210,
7,0,460,true,210, 210, 209, 209, 208, 209, 210, 209, 209, 209, 208,
8,0,462,true,210, 210, 210, 210, 210, 210, 210, 210, 210, 210, 210,
9,0,456,true,205, 205, 210, 210, 210, 205, 210, 205, 205, 210, 205,
10,0,460,true,209, 209, 208, 208, 208, 210, 209, 210, 210, 209, 210,
11,0,460,true,209, 209, 210, 210, 208, 209, 209, 208, 209, 209, 210,
12,0,460,true,209, 209, 209, 209, 209, 209, 208, 210, 210, 210, 208,
13,0,461,false,209, 210, 209, 210, 209, 209, 210, 210, 209, 210, 210,
14,0,456,true,209, 208, 208, 206, 208, 207, 207, 207, 205, 207, 208,
15,0,454,true,205, 209, 209, 204, 209, 204, 203, 205, 210, 208, 204,
16,0,459,true,210, 208, 210, 209, 208, 208, 210, 208, 208, 209, 207,
17,0,458,true,209, 206, 209, 208, 208, 210, 208, 209, 207, 208, 208,
18,0,452,true,203, 203, 208, 209, 204, 208, 208, 204, 202, 208, 203,
19,0,455,true,206, 207, 208, 207, 205, 206, 207, 209, 207, 206, 207,
20,0,455,true,205, 207, 208, 207, 208, 206, 207, 208, 206, 205, 208,
21,0,453,true,204, 203, 204, 207, 204, 208, 209, 203, 210, 204, 209,
22,0,451,true,208, 204, 207, 203, 201, 208, 203, 204, 203, 208, 206,
23,0,454,true,205, 208, 204, 204, 203, 204, 210, 204, 209, 209, 210,
24,0,446,true,208, 204, 203, 200, 207, 203, 203, 197, 198, 199, 208,
25,0,456,true,207, 208, 206, 207, 208, 208, 207, 207, 208, 207, 207,
26,0,444,true,202, 203, 203, 198, 207, 202, 203, 198, 196, 204, 204,
27,0,445,true,204, 200, 202, 203, 202, 202, 203, 197, 203, 203, 206,
28,0,442,true,204, 200, 194, 204, 199, 199, 203, 199, 204, 199, 205,
29,0,436,true,200, 202, 196, 192, 198, 200, 204, 205, 192, 190, 201,
30,0,444,true,197, 203, 199, 201, 203, 203, 207, 199, 200, 206, 202,
31,0,445,true,202, 205, 197, 203, 204, 202, 198, 204, 202, 209, 199,
32,0,446,true,203, 204, 204, 202, 203, 198, 207, 209, 204, 197, 199,
33,0,453,true,209, 207, 209, 204, 202, 209, 209, 203, 203, 205, 205,
34,0,445,true,201, 201, 203, 204, 200, 205, 199, 201, 206, 205, 200,
35,0,443,true,207, 203, 203, 207, 203, 201, 201, 199, 196, 197, 198,
36,0,434,true,196, 194, 205, 200, 204, 199, 195, 191, 195, 194, 197,
37,0,437,true,198, 196, 203, 198, 197, 201, 196, 198, 200, 205, 193,
38,0,433,true,192, 203, 192, 204, 204, 197, 192, 198, 202, 194, 187,
39,0,433,true,192, 197, 194, 203, 202, 197, 188, 204, 198, 193, 197,
40,0,418,true,183, 189, 201, 183, 199, 184, 186, 183, 194, 192, 196,
41,0,432,true,192, 196, 202, 197, 199, 197, 194, 191, 203, 195, 194,
42,0,418,true,180, 179, 195, 180, 204, 203, 188, 184, 190, 187, 200,
43,0,431,true,191, 195, 196, 193, 196, 203, 203, 193, 198, 193, 194,
44,0,447,true,202, 200, 201, 200, 203, 206, 206, 202, 201, 208, 206,
45,0,419,true,190, 183, 187, 179, 203, 193, 184, 179, 202, 203, 192,
46,0,436,false,202, 195, 198, 195, 198, 198, 203, 199, 199, 195, 198,
47,0,429,true,188, 196, 195, 187, 191, 197, 199, 194, 196, 195, 207,
48,0,434,true,189, 198, 197, 201, 196, 196, 199, 194, 196, 201, 203,
49,0,436,false,192, 196, 202, 201, 199, 200, 206, 202, 193, 196, 193,
50,0,412,true,186, 190, 192, 190, 180, 187, 191, 192, 186, 178, 188,
51,0,439,true,196, 201, 199, 194, 206, 195, 194, 201, 204, 204, 201,
52,0,400,true,175, 177, 173, 183, 193, 183, 191, 178, 192, 181, 174,
53,0,408,true,179, 176, 181, 187, 194, 191, 174, 187, 196, 200, 175,
54,0,411,true,196, 183, 182, 176, 197, 179, 188, 197, 182, 188, 187,
55,0,434,true,202, 194, 205, 193, 192, 199, 196, 200, 198, 190, 201,
56,0,422,true,185, 181, 190, 196, 195, 191, 188, 195, 206, 196, 187,
57,0,404,true,190, 190, 170, 173, 176, 174, 182, 190, 198, 195, 182,
58,0,411,true,193, 182, 173, 183, 181, 197, 192, 189, 182, 200, 183,
59,0,405,true,181, 180, 199, 181, 177, 194, 181, 184, 189, 183, 176,
60,0,390,true,170, 182, 175, 187, 181, 185, 174, 176, 182, 167, 171,
61,0,404,true,185, 190, 175, 186, 190, 183, 184, 179, 186, 186, 176,
62,0,391,true,178, 182, 178, 200, 197, 174, 172, 168, 171, 163, 172,
63,0,421,true,196, 194, 186, 191, 198, 193, 194, 186, 191, 186, 190,
64,0,378,true,169, 189, 160, 171, 159, 166, 179, 169, 184, 178, 166,
65,0,405,true,185, 188, 189, 191, 184, 185, 181, 185, 180, 177, 180,
66,0,410,true,185, 192, 181, 185, 186, 191, 185, 188, 189, 182, 186,
67,0,411,true,198, 185, 176, 194, 186, 177, 187, 188, 178, 191, 195,
68,0,380,true,191, 160, 176, 169, 179, 165, 194, 174, 162, 164, 166,
69,0,395,true,172, 175, 180, 171, 186, 193, 171, 181, 176, 179, 191,
70,0,413,true,188, 185, 183, 189, 189, 180, 191, 192, 192, 182, 194,
71,0,394,true,173, 178, 170, 177, 176, 186, 184, 167, 174, 189, 196,
72,0,388,true,172, 181, 187, 182, 166, 168, 174, 176, 177, 169, 188,
73,0,401,false,172, 178, 194, 176, 183, 183, 177, 183, 184, 197, 178,
74,0,379,true,162, 174, 177, 172, 184, 185, 161, 166, 167, 173, 174,
75,0,407,false,175, 189, 185, 183, 189, 186, 190, 192, 187, 179, 180,
76,0,400,true,203, 193, 174, 182, 185, 171, 188, 173, 180, 174, 177,
77,0,377,true,181, 173, 173, 179, 168, 176, 160, 170, 171, 166, 168,
78,0,398,true,182, 170, 184, 179, 180, 182, 183, 188, 183, 187, 172,
79,0,393,true,179, 170, 192, 171, 173, 190, 175, 187, 173, 173, 182,
80,0,394,true,174, 170, 178, 197, 180, 178, 176, 183, 174, 178, 182,
81,0,355,true,152, 171, 162, 161, 163, 176, 156, 157, 174, 148, 155,
82,0,385,true,170, 171, 186, 172, 163, 179, 181, 182, 183, 175, 163,
83,0,384,true,186, 179, 171, 182, 165, 172, 176, 182, 173, 162, 172,
84,0,366,true,166, 189, 149, 164, 165, 179, 168, 177, 152, 167, 154,
85,0,373,true,174, 159, 179, 172, 170, 166, 162, 168, 178, 172, 165,
86,0,368,true,168, 156, 160, 179, 172, 162, 156, 165, 178, 173, 171,
87,0,367,true,167, 176, 186, 167, 160, 162, 154, 174, 162, 161, 166,
88,0,375,false,174, 162, 174, 171, 169, 171, 163, 178, 180, 167, 166,
89,0,376,true,175, 172, 163, 186, 185, 163, 170, 161, 176, 166, 163,
90,0,379,false,172, 162, 180, 178, 185, 178, 168, 163, 172, 170, 167,
91,0,383,false,188, 165, 161, 172, 175, 163, 192, 182, 171, 165, 181,
92,0,372,false,162, 164, 167, 171, 182, 175, 162, 166, 157, 178, 176,
93,0,395,true,182, 181, 174, 184, 192, 177, 187, 172, 172, 177, 177,
94,0,347,true,143, 167, 162, 177, 152, 146, 170, 154, 144, 177, 143,
95,0,345,true,164, 147, 158, 142, 150, 164, 167, 156, 161, 167, 149,
96,0,369,true,160, 169, 173, 165, 168, 180, 163, 159, 174, 172, 162,
97,0,352,true,171, 165, 166, 146, 171, 159, 170, 153, 157, 147, 155,
98,0,367,true,170, 177, 157, 164, 182, 184, 152, 165, 166, 162, 156,
99,0,359,true,163, 154, 150, 175, 170, 171, 164, 154, 171, 173, 150,
100,0,384,true,166, 171, 163, 173, 166, 172, 165, 179, 185, 202, 178,
101,0,383,true,174, 173, 166, 177, 164, 173, 174, 185, 179, 165, 185,
102,0,351,true,143, 171, 163, 161, 154, 152, 144, 164, 178, 159, 166,
103,0,339,true,158, 146, 164, 165, 141, 154, 156, 144, 161, 161, 145,
104,0,351,true,149, 162, 156, 177, 149, 150, 149, 151, 174, 191, 147,
105,0,352,true,154, 160, 155, 176, 153, 165, 171, 161, 162, 144, 159,
106,0,362,true,153, 166, 182, 166, 158, 179, 160, 160, 158, 167, 161,
107,0,352,true,160, 153, 159, 155, 161, 157, 164, 169, 155, 171, 156,
108,0,324,true,144, 141, 142, 158, 147, 158, 157, 151, 145, 139, 138,
109,0,358,true,174, 155, 162, 156, 163, 148, 162, 161, 176, 171, 162,
110,0,369,true,168, 160, 176, 176, 159, 160, 178, 175, 160, 183, 150,
111,0,363,true,156, 161, 161, 180, 152, 154, 169, 191, 166, 155, 170,
112,0,332,true,162, 186, 140, 138, 138, 141, 155, 138, 136, 155, 171,
113,0,336,true,142, 137, 138, 162, 156, 164, 153, 159, 146, 150, 173,
114,0,345,false,147, 165, 157, 154, 152, 145, 169, 155, 169, 148, 164,
115,0,340,true,140, 181, 152, 143, 168, 158, 138, 149, 160, 167, 144,
116,0,322,true,160, 122, 153, 161, 137, 136, 155, 151, 148, 144, 143,
117,0,346,true,175, 158, 152, 153, 152, 164, 170, 158, 141, 150, 157,
118,0,335,true,138, 162, 157, 132, 163, 170, 135, 156, 152, 150, 160,
119,0,337,true,151, 155, 158, 144, 144, 159, 159, 148, 172, 135, 160,
120,0,353,true,154, 158, 153, 169, 160, 158, 157, 166, 159, 158, 173,
121,0,327,false,146, 150, 153, 144, 164, 144, 136, 148, 152, 153, 145,
122,0,341,true,158, 176, 143, 150, 154, 149, 142, 177, 153, 148, 155,
123,0,355,true,166, 170, 159, 146, 151, 178, 159, 153, 164, 162, 167,
124,0,328,true,149, 155, 154, 153, 131, 136, 141, 155, 150, 180, 136,
125,0,344,true,156, 145, 149, 165, 153, 161, 154, 162, 144, 154, 177,
126,0,321,true,146, 147, 152, 151, 139, 147, 139, 143, 144, 145, 152,
127,0,327,true,130, 148, 142, 151, 152, 150, 152, 159, 153, 146, 152,
128,0,327,false,150, 154, 147, 153, 138, 135, 139, 158, 147, 156, 158,
129,0,355,true,163, 169, 159, 161, 160, 156, 153, 160, 166, 166, 162,
130,0,330,true,150, 143, 141, 152, 156, 156, 142, 163, 155, 139, 153,
131,0,289,true,134, 147, 141, 118, 128, 123, 139, 125, 134, 120, 136,
132,0,329,true,156, 147, 160, 138, 154, 138, 144, 141, 163, 164, 140,
133,0,331,true,137, 151, 165, 145, 136, 156, 149, 149, 149, 158, 160,
134,0,311,true,149, 132, 154, 138, 144, 144, 135, 147, 133, 137, 142,
135,0,324,true,153, 142, 139, 147, 159, 135, 145, 162, 149, 148, 141,
136,0,298,false,146, 136, 130, 142, 148, 125, 141, 133, 136, 130, 123,
137,0,313,true,141, 137, 139, 136, 156, 139, 163, 135, 143, 129, 147,
138,0,322,true,156, 151, 141, 147, 132, 145, 133, 151, 154, 150, 150,
139,0,296,true,133, 134, 137, 130, 132, 128, 131, 141, 140, 131, 143,
140,0,303,false,125, 132, 144, 135, 132, 137, 137, 125, 157, 156, 135,
141,0,303,false,122, 126, 141, 135, 127, 156, 150, 139, 138, 147, 134,
142,0,314,true,138, 157, 142, 135, 133, 149, 144, 137, 139, 147, 149,
143,0,305,true,162, 126, 131, 120, 160, 132, 133, 151, 143, 134, 133,
144,0,309,true,131, 131, 152, 136, 136, 136, 146, 141, 147, 141, 148,
145,0,297,true,147, 132, 130, 131, 135, 121, 132, 129, 143, 144, 141,
146,0,317,true,170, 133, 132, 149, 134, 137, 158, 135, 144, 141, 152,
147,0,281,true,127, 118, 122, 150, 134, 105, 138, 113, 121, 132, 145,
148,0,297,true,136, 138, 127, 120, 130, 133, 143, 124, 153, 150, 131,
149,0,293,true,150, 141, 143, 132, 125, 147, 118, 133, 130, 115, 131,
150,0,292,true,143, 145, 128, 130, 127, 122, 154, 129, 122, 130, 130,
151,0,278,true,106, 146, 116, 115, 154, 99, 136, 140, 125, 132, 121,
152,0,279,true,114, 150, 115, 113, 130, 141, 118, 112, 146, 136, 120,
153,0,289,true,124, 133, 129, 123, 121, 133, 131, 146, 142, 122, 141,
154,0,287,true,134, 125, 122, 152, 136, 135, 140, 126, 126, 119, 120,
155,0,309,true,133, 134, 160, 135, 135, 136, 137, 143, 143, 152, 137,
156,0,293,true,120, 137, 134, 116, 136, 135, 129, 150, 144, 131, 133,
157,0,297,true,145, 132, 138, 130, 117, 137, 140, 144, 134, 140, 128,
158,0,273,true,142, 115, 124, 124, 142, 111, 130, 116, 105, 115, 141,
159,0,258,true,134, 111, 101, 113, 133, 120, 133, 133, 106, 105, 101,
160,0,260,true,107, 117, 111, 122, 135, 125, 115, 98, 136, 111, 123,
161,0,277,false,143, 134, 128, 124, 119, 131, 103, 133, 112, 131, 127,
162,0,276,true,135, 150, 129, 143, 117, 102, 125, 118, 122, 114, 125,
163,0,285,true,132, 131, 125, 154, 119, 133, 132, 115, 124, 136, 124,
164,0,292,true,134, 135, 120, 122, 135, 122, 138, 140, 139, 134, 141,
165,0,261,true,120, 129, 102, 116, 100, 131, 138, 125, 121, 108, 115,
166,0,282,true,138, 115, 124, 119, 144, 119, 131, 140, 127, 134, 119,
167,0,274,true,130, 127, 137, 120, 126, 128, 107, 105, 132, 130, 128,
168,0,295,true,139, 130, 139, 131, 145, 136, 134, 128, 133, 141, 119,
169,0,274,false,107, 134, 133, 123, 129, 119, 117, 127, 124, 134, 123,
170,0,272,true,111, 128, 127, 119, 130, 113, 123, 124, 131, 118, 136,
171,0,265,true,114, 130, 112, 121, 127, 143, 115, 128, 109, 114, 112,
172,0,257,true,116, 112, 117, 119, 123, 113, 114, 114, 126, 127, 104,
173,0,271,true,143, 125, 114, 112, 118, 119, 133, 118, 124, 128, 121,
174,0,281,true,126, 121, 133, 129, 139, 118, 139, 132, 137, 117, 114,
175,0,250,true,115, 112, 120, 108, 100, 107, 112, 125, 100, 106, 145,
176,0,276,true,120, 140, 144, 121, 110, 129, 121, 126, 125, 117, 127,
177,0,276,false,120, 117, 117, 131, 129, 141, 118, 139, 112, 126, 130,
178,0,254,true,110, 115, 96, 107, 111, 119, 118, 122, 121, 121, 130,
179,0,260,false,108, 113, 133, 110, 100, 150, 107, 121, 123, 118, 117,
180,0,262,true,134, 124, 124, 104, 111, 129, 113, 122, 121, 111, 117,
181,0,277,true,127, 122, 132, 127, 142, 130, 123, 113, 122, 109, 138,
182,0,271,true,109, 129, 130, 112, 134, 122, 124, 131, 116, 137, 111,
183,0,256,false,116, 129, 146, 115, 105, 125, 106, 108, 117, 106, 107,
184,0,253,false,122, 117, 129, 121, 111, 106, 110, 92, 133, 105, 119,
185,0,241,true,101, 134, 115, 107, 118, 93, 136, 101, 107, 89, 104,
186,0,268,true,136, 122, 107, 135, 118, 148, 111, 115, 108, 117, 123,
187,0,236,true,107, 121, 100, 97, 97, 127, 107, 94, 116, 121, 93,
188,0,249,true,129, 129, 107, 109, 109, 101, 122, 115, 113, 104, 107,
189,0,241,true,101, 100, 122, 111, 112, 101, 117, 117, 95, 124, 105,
190,0,237,true,105, 102, 100, 116, 115, 105, 105, 121, 94, 117, 105,
191,0,239,true,104, 127, 118, 104, 108, 99, 114, 111, 109, 103, 98,
192,0,246,true,102, 110, 124, 122, 119, 99, 121, 124, 103, 106, 100,
193,0,239,true,106, 114, 113, 102, 117, 108, 104, 97, 114, 110, 110,
194,0,239,true,112, 101, 97, 119, 106, 104, 108, 106, 117, 114, 111,
195,0,228,true,106, 99, 100, 92, 101, 106, 121, 112, 93, 106, 104,
196,0,242,true,97, 103, 102, 130, 95, 122, 117, 121, 115, 100, 108,
197,0,216,true,94, 85, 96, 118, 99, 100, 91, 105, 97, 104, 91,
198,0,246,true,114, 96, 109, 117, 115, 109, 103, 129, 132, 107, 99,
199,0,230,true,132, 113, 88, 107, 95, 103, 105, 92, 107, 108, 100,
200,0,246,true,117, 105, 110, 121, 97, 116, 110, 124, 116, 110, 104,
201,0,229,false,93, 102, 101, 109, 128, 103, 88, 115, 105, 98, 103,
202,0,219,true,102, 88, 101, 111, 89, 127, 83, 88, 105, 96, 105,
203,0,224,true,109, 96, 106, 94, 100, 129, 96, 96, 98, 92, 104,
204,0,250,true,117, 105, 100, 134, 96, 121, 115, 109, 112, 118, 123,
205,0,223,true,95, 87, 105, 114, 99, 94, 100, 104, 103, 108, 106,
206,0,231,false,113, 101, 103, 105, 106, 118, 96, 94, 108, 120, 91,
207,0,219,false,103, 116, 85, 90, 97, 99, 118, 92, 91, 84, 120,
208,0,236,false,96, 102, 100, 110, 114, 116, 103, 108, 104, 94, 133,
209,0,210,true,90, 96, 87, 83, 105, 90, 90, 99, 105, 105, 100,
210,0,228,true,108, 96, 127, 112, 102, 112, 90, 94, 105, 96, 98,
211,0,223,true,94, 106, 101, 81, 100, 116, 96, 88, 110, 117, 106,
212,0,221,true,96, 97, 92, 102, 109, 109, 95, 107, 95, 114, 89,
213,0,218,false,88, 110, 104, 101, 103, 106, 98, 93, 96, 93, 98,
214,0,207,true,90, 88, 71, 86, 105, 87, 87, 122, 97, 111, 91,
215,0,224,false,113, 91, 102, 95, 97, 119, 102, 116, 89, 95, 101,
216,0,230,true,108, 107, 117, 117, 94, 97, 100, 102, 103, 104, 101,
217,0,211,false,85, 91, 95, 108, 100, 101, 98, 111, 89, 96, 81,
218,0,229,true,91, 94, 100, 108, 113, 99, 122, 105, 112, 93, 108,
219,0,211,true,91, 89, 87, 96, 105, 110, 85, 98, 90, 93, 111,
220,0,230,true,94, 124, 105, 101, 107, 106, 99, 127, 98, 96, 93,
221,0,220,false,108, 98, 97, 114, 120, 109, 78, 97, 98, 86, 95,
222,0,222,true,93, 99, 93, 103, 129, 99, 91, 97, 103, 105, 98,
223,0,208,true,84, 88, 91, 77, 107, 91, 111, 104, 87, 87, 113,
224,0,195,true,84, 90, 102, 101, 79, 67, 104, 78, 77, 94, 99,
225,0,206,true,113, 86, 89, 87, 85, 90, 95, 105, 90, 97, 93,
226,0,210,true,94, 89, 95, 88, 99, 83, 112, 102, 99, 98, 91,
227,0,210,true,103, 98, 102, 85, 104, 92, 76, 85, 103, 92, 110,
228,0,205,false,89, 103, 86, 79, 86, 97, 82, 87, 96, 127, 93,
229,0,202,false,89, 96, 83, 95, 82, 96, 110, 102, 86, 81, 90,
230,0,206,true,99, 85, 84, 113, 85, 100, 86, 92, 98, 81, 107,
231,0,228,true,101, 103, 119, 127, 87, 114, 95, 92, 91, 103, 108,
232,0,197,true,97, 97, 74, 96, 63, 100, 103, 89, 87, 95, 84,
233,0,203,true,80, 109, 90, 101, 99, 81, 92, 80, 89, 106, 88,
234,0,193,true,76, 103, 84, 91, 95, 101, 73, 101, 88, 68, 85,
235,0,199,false,87, 93, 91, 120, 82, 94, 105, 81, 82, 87, 73,
236,0,179,true,104, 62, 81, 75, 93, 79, 69, 84, 69, 94, 85,
237,0,195,true,88, 93, 77, 88, 93, 84, 88, 88, 91, 93, 92,
238,0,190,true,89, 73, 91, 93, 88, 83, 99, 67, 87, 100, 80,
239,0,176,true,102, 79, 77, 81, 83, 78, 64, 73, 73, 81, 89,
240,0,210,true,86, 106, 96, 90, 96, 104, 105, 86, 100, 94, 87,
241,0,206,true,109, 79, 90, 88, 98, 89, 85, 102, 89, 106, 95,
242,0,222,true,100, 93, 102, 123, 92, 92, 101, 95, 118, 85, 109,
243,0,184,true,94, 67, 86, 99, 80, 70, 86, 90, 79, 96, 73,
244,0,194,true,85, 88, 78, 91, 105, 95, 85, 81, 78, 84, 100,
245,0,204,true,122, 88, 91, 96, 75, 94, 87, 90, 86, 88, 103,
246,0,172,true,103, 61, 69, 77, 88, 72, 72, 90, 78, 68, 82,
247,0,175,true,68, 95, 80, 77, 79, 77, 76, 93, 65, 70, 95,
248,0,195,true,86, 89, 94, 92, 87, 90, 88, 91, 77, 79, 102,
249,0,193,true,91, 98, 108, 71, 90, 105, 67, 88, 72, 95, 80,
250,0,189,false,71, 100, 82, 92, 91, 83, 88, 78, 75, 86, 99,
251,0,182,false,89, 77, 89, 83, 87, 72, 86, 73, 83, 86, 85,
252,0,192,true,88, 82, 81, 80, 86, 82, 94, 81, 109, 80, 97,
253,0,178,false,84, 92, 77, 84, 80, 73, 74, 91, 71, 89, 75,
254,0,185,true,79, 75, 95, 86, 86, 83, 77, 73, 98, 95, 78,
255,0,182,true,70, 86, 75, 66, 86, 84, 93, 101, 85, 76, 88,
256,0,175,true,73, 77, 74, 73, 78, 68, 76, 92, 93, 90, 81,
257,0,185,true,84, 97, 92, 92, 73, 69, 73, 84, 86, 86, 89,
258,0,178,false,74, 72, 88, 87, 80, 84, 75, 92, 83, 73, 82,
259,0,179,true,84, 90, 93, 86, 104, 77, 82, 78, 75, 67, 59,
260,0,189,true,84, 75, 82, 95, 81, 91, 91, 89, 83, 86, 88,
261,0,186,true,93, 75, 94, 85, 88, 75, 94, 90, 70, 76, 90,
262,0,198,true,87, 76, 94, 87, 85, 100, 102, 89, 69, 106, 95,
263,0,184,false,87, 77, 94, 91, 82, 81, 69, 81, 87, 76, 95,
264,0,168,true,83, 76, 74, 74, 61, 81, 67, 75, 77, 87, 85,
265,0,191,true,94, 100, 78, 87, 89, 79, 89, 77, 82, 93, 87,
266,0,178,false,86, 78, 103, 71, 73, 84, 72, 77, 89, 78, 79,
267,0,184,true,74, 84, 89, 80, 108, 72, 82, 78, 89, 85, 79,
268,0,170,true,90, 81, 67, 88, 71, 87, 75, 69, 81, 69, 72,
269,0,169,false,67, 82, 93, 67, 71, 83, 87, 71, 68, 79, 77,
270,0,173,false,79, 101, 84, 85, 72, 74, 83, 60, 63, 84, 80,
271,0,160,true,92, 70, 69, 72, 77, 66, 67, 70, 80, 64, 73,
272,0,144,true,68, 82, 72, 67, 66, 63, 47, 66, 62, 63, 64,
273,0,165,false,89, 79, 67, 53, 81, 70, 76, 85, 74, 75, 76,
274,0,201,true,92, 99, 89, 85, 80, 102, 92, 95, 90, 96, 85,
275,0,169,true,89, 70, 77, 83, 63, 69, 103, 69, 90, 61, 71,
276,0,163,false,61, 68, 80, 74, 80, 60, 93, 61, 74, 84, 80,
277,0,172,true,82, 73, 76, 78, 77, 66, 79, 72, 84, 90, 83,
278,0,166,false,66, 77, 96, 86, 77, 73, 80, 77, 69, 64, 65,
279,0,159,false,73, 58, 77, 58, 67, 85, 80, 72, 69, 80, 76,
280,0,163,true,68, 62, 78, 75, 73, 62, 91, 88, 76, 69, 73,
281,0,142,true,54, 54, 71, 58, 69, 77, 67, 73, 58, 69, 60,
282,0,155,true,65, 58, 67, 70, 58, 88, 91, 64, 66, 87, 61,
283,0,151,true,76, 57, 89, 81, 75, 65, 57, 66, 67, 62, 60,
284,0,160,false,85, 57, 80, 96, 66, 69, 68, 60, 73, 73, 73,
285,0,151,true,73, 70, 71, 78, 66, 65, 59, 72, 71, 71, 59,
286,0,140,true,66, 58, 69, 60, 52, 66, 72, 66, 55, 74, 62,
287,0,141,false,72, 47, 64, 56, 82, 63, 62, 67, 77, 54, 61,
288,0,144,false,79, 60, 60, 63, 66, 60, 71, 62, 60, 60, 79,
289,0,134,true,77, 49, 70, 50, 65, 59, 66, 69, 58, 52, 55,
290,0,151,true,71, 62, 69, 57, 55, 73, 74, 89, 57, 74, 74,
291,0,136,true,62, 64, 69, 85, 55, 56, 59, 63, 56, 46, 65,
292,0,138,true,55, 65, 54, 65, 69, 62, 60, 60, 68, 77, 55,
293,0,143,true,75, 67, 64, 75, 56, 58, 56, 67, 62, 77, 58,
294,0,139,true,58, 58, 56, 77, 61, 65, 65, 62, 60, 63, 70,
295,0,136,false,59, 61, 60, 64, 63, 63, 53, 56, 55, 73, 73,
296,0,150,false,81, 80, 64, 72, 59, 55, 59, 67, 63, 82, 68,
297,0,135,false,72, 64, 58, 60, 57, 76, 62, 54, 62, 50, 60,
298,0,138,false,60, 58, 60, 55, 61, 60, 60, 66, 73, 66, 71,
299,0,138,true,77, 59, 55, 50, 63, 59, 80, 56, 75, 52, 64,
300,0,151,true,53, 68, 70, 78, 64, 69, 72, 77, 78, 65, 61,
301,0,144,true,48, 70, 71, 71, 54, 79, 72, 74, 62, 65, 54,
302,0,186,true,80, 89, 72, 76, 80, 87, 77, 92, 83, 95, 99,
303,0,159,false,88, 69, 81, 81, 70, 69, 62, 72, 63, 63, 77,
304,0,130,true,56, 72, 56, 53, 53, 67, 57, 51, 59, 67, 59,
305,0,131,true,64, 47, 59, 60, 64, 51, 58, 65, 61, 58, 68,
306,0,141,false,57, 59, 63, 68, 76, 46, 67, 68, 60, 76, 65,
307,0,117,true,59, 48, 47, 57, 41, 60, 55, 57, 50, 68, 43,
308,0,124,false,48, 63, 64, 56, 56, 73, 58, 39, 48, 52, 63,
309,0,137,false,50, 57, 78, 71, 73, 56, 58, 67, 59, 46, 70,
310,0,142,false,70, 61, 56, 68, 79, 62, 62, 59, 61, 63, 69,
311,0,127,false,52, 57, 63, 51, 72, 62, 58, 58, 58, 50, 54,
312,0,145,true,63, 70, 79, 76, 50, 57, 60, 74, 74, 59, 63,
313,0,144,true,65, 77, 64, 50, 55, 74, 60, 76, 61, 65, 73,
314,0,133,false,49, 69, 54, 62, 58, 62, 67, 62, 73, 53, 56,
315,0,129,true,54, 57, 45, 62, 62, 57, 52, 61, 58, 69, 68,
316,0,134,true,46, 70, 50, 69, 63, 65, 87, 50, 62, 58, 50,
317,0,126,true,55, 62, 65, 60, 53, 47, 46, 81, 47, 61, 53,
318,0,134,false,52, 70, 47, 63, 60, 62, 74, 68, 59, 61, 54,
319,0,124,false,66, 46, 58, 60, 47, 58, 61, 65, 65, 46, 48,
320,0,148,true,63, 59, 69, 62, 74, 67, 62, 73, 73, 71, 67,
321,0,119,false,52, 40, 54, 55, 56, 52, 56, 81, 52, 52, 45,
322,0,127,false,60, 58, 52, 53, 63, 61, 59, 62, 52, 64, 51,
323,0,133,true,54, 69, 56, 45, 55, 59, 61, 71, 67, 74, 54,
324,0,140,true,61, 56, 76, 53, 79, 71, 69, 57, 54, 60, 64,
325,0,137,true,68, 59, 75, 48, 69, 58, 65, 69, 50, 67, 57,
326,0,133,true,48, 67, 60, 57, 69, 80, 59, 65, 57, 59, 44,
327,0,132,true,60, 67, 63, 51, 54, 57, 58, 55, 76, 71, 48,
328,0,131,true,60, 57, 48, 70, 64, 66, 61, 54, 58, 65, 52,
329,0,119,true,66, 53, 43, 52, 69, 42, 52, 44, 66, 55, 53,
330,0,125,true,64, 51, 62, 47, 59, 43, 73, 53, 70, 56, 47,
331,0,103,true,65, 60, 39, 39, 43, 43, 54, 46, 39, 47, 40,
332,0,110,false,66, 41, 51, 49, 61, 42, 48, 59, 38, 44, 51,
333,0,129,false,65, 60, 66, 54, 55, 62, 61, 49, 61, 52, 60,
334,0,126,false,60, 38, 61, 62, 61, 63, 43, 56, 52, 58, 76,
335,0,106,true,49, 48, 51, 60, 50, 47, 49, 55, 44, 38, 39,
336,0,107,false,47, 50, 47, 56, 41, 40, 45, 58, 59, 56, 36,
337,0,115,false,41, 43, 72, 51, 49, 70, 55, 48, 49, 41, 56,
338,0,113,true,32, 64, 46, 55, 60, 57, 46, 42, 57, 54, 52,
339,0,116,true,66, 56, 54, 50, 52, 54, 58, 39, 52, 48, 51,
340,0,119,true,63, 58, 53, 66, 51, 43, 47, 55, 46, 54, 59,
341,0,109,true,52, 50, 49, 49, 28, 45, 69, 66, 47, 43, 47,
342,0,106,true,47, 54, 56, 44, 51, 34, 43, 42, 42, 53, 64,
343,0,117,true,52, 55, 50, 65, 52, 46, 48, 58, 51, 44, 64,
344,0,107,true,48, 55, 56, 51, 54, 49, 54, 32, 56, 41, 39,
345,0,121,false,60, 63, 51, 48, 51, 50, 67, 45, 66, 50, 54,
346,0,109,true,54, 54, 56, 43, 57, 55, 44, 41, 51, 44, 46,
347,0,120,true,50, 51, 59, 52, 53, 52, 62, 62, 50, 50, 59,
348,0,114,false,60, 56, 59, 46, 50, 51, 50, 48, 56, 41, 53,
349,0,106,false,51, 41, 52, 55, 48, 43, 44, 47, 54, 45, 50,
350,0,108,true,66, 44, 45, 41, 52, 52, 45, 55, 49, 45, 46,
351,0,97,true,67, 45, 46, 44, 35, 31, 47, 35, 36, 45, 54,
352,0,100,true,43, 36, 33, 48, 49, 42, 40, 46, 53, 56, 54,
353,0,111,true,53, 63, 55, 43, 40, 49, 52, 50, 50, 50, 50,
354,0,109,false,47, 63, 42, 55, 39, 49, 47, 45, 40, 50, 68,
355,0,106,false,59, 42, 48, 43, 61, 48, 41, 40, 44, 65, 39,
356,0,101,true,42, 42, 52, 40, 35, 56, 50, 46, 57, 40, 45,
357,0,108,true,43, 54, 45, 57, 42, 48, 45, 52, 46, 45, 63,
358,0,105,false,59, 52, 44, 52, 47, 45, 46, 37, 40, 55, 48,
359,0,99,true,43, 44, 54, 42, 43, 44, 45, 45, 53, 45, 37,
360,0,99,false,44, 43, 41, 45, 38, 51, 47, 42, 50, 53, 41,
361,0,92,true,46, 40, 48, 44, 41, 41, 38, 40, 35, 36, 51,
362,0,96,true,45, 36, 50, 51, 54, 46, 40, 60, 37, 34, 27,
363,0,115,true,60, 51, 45, 52, 48, 36, 44, 45, 60, 64, 70,
364,0,97,false,44, 48, 45, 45, 36, 60, 40, 35, 52, 49, 31,
365,0,96,false,39, 43, 44, 41, 38, 45, 32, 54, 47, 47, 50,
366,0,96,false,47, 41, 45, 41, 44, 46, 39, 48, 44, 47, 38,
367,0,92,true,42, 28, 46, 40, 56, 40, 46, 43, 33, 39, 47,
368,0,88,false,35, 41, 49, 40, 40, 36, 39, 37, 29, 56, 38,
369,0,106,false,44, 50, 65, 44, 47, 48, 39, 58, 46, 51, 38,
370,0,102,false,44, 48, 59, 38, 55, 44, 49, 34, 38, 54, 47,
371,0,93,true,45, 31, 36, 35, 48, 44, 39, 53, 62, 33, 39,
372,0,99,true,56, 37, 37, 43, 43, 37, 43, 45, 56, 47, 51,
373,0,90,false,42, 42, 59, 28, 46, 36, 43, 38, 36, 37, 43,
374,0,92,true,50, 46, 41, 33, 42, 32, 38, 38, 42, 52, 46,
375,0,93,false,39, 36, 36, 34, 51, 45, 47, 34, 38, 51, 54,
376,0,103,true,41, 49, 43, 56, 45, 39, 48, 44, 40, 58, 52,
377,0,90,false,44, 45, 42, 35, 35, 44, 47, 32, 53, 34, 39,
378,0,94,true,43, 50, 39, 54, 44, 44, 28, 40, 37, 44, 47,
379,0,87,true,41, 34, 45, 45, 38, 30, 46, 36, 38, 44, 38,
380,0,97,false,37, 46, 46, 49, 44, 45, 44, 45, 47, 38, 44,
381,0,101,true,36, 47, 54, 49, 50, 42, 44, 46, 43, 45, 49,
382,0,94,false,40, 53, 43, 39, 32, 38, 44, 32, 59, 37, 53,
383,0,89,false,40, 36, 34, 51, 39, 38, 46, 36, 36, 54, 35,
384,0,97,true,42, 56, 34, 37, 46, 52, 43, 43, 41, 45, 46,
385,0,87,false,35, 36, 26, 41, 40, 52, 43, 34, 36, 50, 42,
386,0,87,true,37, 53, 46, 29, 35, 35, 31, 46, 42, 43, 38,
387,0,87,true,50, 46, 32, 43, 37, 35, 42, 32, 34, 42, 42,
388,0,89,false,28, 34, 62, 33, 48, 46, 39, 45, 35, 38, 37,
389,0,88,false,31, 48, 29, 45, 33, 47, 43, 33, 52, 40, 39,
390,0,117,true,52, 56, 51, 48, 64, 40, 49, 60, 55, 53, 57,
391,0,90,false,40, 36, 40, 38, 31, 53, 47, 44, 45, 40, 36,
392,0,79,true,44, 37, 36, 34, 51, 35, 33, 35, 35, 29, 26,
393,0,81,false,42, 40, 35, 26, 43, 39, 32, 42, 35, 30, 41,
394,0,84,true,37, 35, 39, 35, 45, 35, 44, 38, 41, 36, 35,
395,0,85,true,39, 45, 34, 52, 34, 27, 40, 30, 52, 38, 34,
396,0,89,false,30, 46, 35, 46, 41, 35, 37, 48, 54, 32, 41,
397,0,81,false,46, 37, 28, 31, 38, 37, 31, 51, 36, 35, 35,
398,0,72,true,30, 33, 32, 36, 22, 46, 33, 36, 29, 32, 31,
399,0,82,false,46, 42, 40, 38, 27, 30, 43, 25, 31, 41, 47,
400,0,91,false,42, 43, 31, 39, 31, 52, 42, 45, 44, 42, 44,
401,0,83,true,31, 42, 45, 37, 34, 46, 38, 38, 43, 29, 32,
402,0,69,false,27, 29, 21, 24, 36, 35, 44, 33, 38, 29, 29,
403,0,92,true,30, 52, 44, 49, 45, 41, 43, 36, 36, 47, 37,
404,0,77,true,30, 35, 32, 33, 26, 41, 44, 28, 43, 34, 39,
405,0,76,false,26, 29, 35, 35, 51, 41, 38, 23, 36, 36, 30,
406,0,87,true,29, 40, 34, 38, 31, 43, 46, 57, 32, 40, 45,
407,0,85,false,42, 45, 46, 46, 30, 26, 42, 43, 34, 35, 36,
408,0,83,false,38, 24, 39, 37, 41, 34, 36, 38, 33, 50, 45,
409,0,77,false,37, 38, 39, 26, 34, 34, 35, 27, 34, 42, 39,
410,0,68,true,34, 23, 36, 23, 23, 29, 37, 39, 28, 32, 36,
411,0,76,true,37, 30, 27, 45, 35, 34, 30, 39, 30, 44, 29,
412,0,77,true,30, 35, 32, 41, 34, 34, 37, 32, 39, 41, 30,
413,0,77,true,30, 43, 34, 31, 39, 28, 33, 33, 32, 33, 49,
414,0,72,false,29, 42, 31, 28, 24, 43, 42, 33, 36, 25, 27,
415,0,73,false,32, 33, 23, 36, 30, 40, 37, 34, 42, 26, 32,
416,0,70,false,27, 38, 26, 44, 26, 40, 29, 26, 29, 39, 26,
417,0,71,false,39, 31, 30, 19, 29, 35, 35, 27, 42, 32, 36,
418,0,71,false,32, 29, 26, 35, 36, 42, 32, 33, 32, 30, 28,
419,0,81,true,49, 33, 27, 41, 35, 27, 34, 32, 38, 52, 37,
420,0,74,false,19, 41, 34, 34, 37, 37, 31, 41, 32, 34, 30,
421,0,72,false,29, 38, 29, 34, 45, 30, 27, 27, 31, 38, 32,
422,0,73,false,34, 44, 40, 35, 42, 26, 27, 33, 26, 27, 31,
423,0,63,false,28, 37, 22, 31, 18, 43, 24, 26, 27, 33, 26,
424,0,61,true,20, 22, 27, 26, 37, 33, 26, 23, 37, 32, 22,
425,0,67,false,33, 27, 29, 25, 37, 26, 41, 26, 26, 26, 39,
426,0,69,false,36, 30, 30, 31, 31, 34, 30, 25, 22, 27, 49,
427,0,66,true,36, 35, 35, 21, 29, 20, 39, 20, 33, 29, 33,
428,0,69,true,39, 35, 44, 25, 39, 35, 26, 31, 21, 19, 31,
429,0,60,false,34, 21, 30, 36, 23, 27, 35, 31, 18, 25, 20,
430,0,72,false,36, 30, 30, 30, 37, 36, 41, 39, 22, 33, 26,
431,0,74,true,28, 27, 29, 32, 45, 37, 29, 40, 33, 38, 32,
432,0,60,true,27, 26, 21, 19, 27, 29, 26, 35, 27, 24, 39,
433,0,69,true,29, 36, 38, 42, 18, 28, 40, 26, 26, 29, 33,
434,0,72,true,31, 31, 29, 30, 32, 39, 34, 38, 32, 32, 32,
435,0,56,true,23, 19, 23, 24, 33, 18, 23, 25, 27, 42, 23,
436,0,56,false,29, 30, 25, 25, 23, 15, 18, 35, 27, 21, 32,
437,0,69,false,31, 28, 32, 30, 33, 34, 42, 26, 37, 28, 24,
438,0,61,true,24, 25, 35, 33, 27, 24, 30, 32, 19, 23, 33,
439,0,59,false,26, 19, 24, 26, 28, 20, 35, 27, 31, 34, 25,
440,0,60,true,23, 22, 29, 19, 31, 28, 27, 26, 39, 26, 30,
441,0,59,false,25, 24, 25, 28, 21, 28, 29, 28, 30, 27, 30,
442,0,68,true,34, 26, 37, 22, 37, 30, 31, 26, 40, 21, 36,
443,0,62,false,32, 27, 22, 23, 43, 35, 20, 25, 30, 27, 26,
444,0,56,false,29, 25, 24, 32, 22, 29, 25, 17, 27, 13, 37,
445,0,66,true,31, 33, 15, 25, 29, 33, 32, 33, 31, 36, 32,
446,0,66,true,31, 25, 22, 35, 36, 32, 18, 34, 31, 32, 34,
447,0,59,false,26, 30, 23, 24, 33, 21, 35, 21, 28, 28, 26,
448,0,56,false,20, 28, 31, 27, 24, 22, 34, 22, 31, 20, 21,
449,0,59,true,26, 30, 20, 35, 24, 25, 24, 32, 23, 32, 24,
450,0,62,true,30, 26, 30, 29, 32, 28, 36, 32, 20, 22, 25,
451,0,56,false,28, 25, 23, 25, 27, 26, 30, 18, 29, 25, 24,
452,0,64,false,30, 33, 36, 22, 26, 35, 28, 25, 26, 24, 35,
453,0,56,false,32, 24, 26, 28, 25, 30, 17, 21, 25, 30, 22,
454,0,50,false,21, 15, 23, 15, 32, 24, 24, 17, 24, 34, 21,
455,0,56,false,30, 19, 18, 33, 22, 24, 25, 22, 34, 29, 24,
456,0,50,false,26, 22, 26, 21, 28, 18, 25, 19, 18, 29, 18,
457,0,61,true,36, 22, 30, 19, 27, 28, 32, 26, 32, 23, 30,
458,0,59,false,36, 24, 27, 29, 26, 20, 34, 22, 28, 25, 24,
459,0,55,false,20, 36, 35, 21, 30, 9, 20, 23, 27, 21, 33,
460,0,52,false,17, 22, 22, 35, 20, 21, 26, 27, 20, 21, 29,
461,0,51,false,19, 27, 31, 28, 27, 17, 32, 23, 18, 18, 15,
462,0,56,false,24, 33, 29, 30, 31, 31, 25, 19, 14, 18, 26,
463,0,49,false,18, 30, 19, 22, 25, 18, 21, 16, 30, 27, 19,
464,0,54,false,25, 25, 21, 23, 25, 26, 25, 28, 18, 30, 24,
465,0,47,false,26, 12, 20, 21, 24, 18, 30, 19, 25, 21, 19,
466,0,49,false,20, 20, 28, 20, 19, 21, 21, 20, 22, 24, 30,
467,0,50,false,14, 30, 33, 22, 19, 19, 23, 19, 25, 24, 22,
468,0,52,false,17, 27, 24, 20, 26, 25, 25, 18, 24, 25, 29,
469,0,57,true,28, 29, 29, 26, 18, 31, 18, 35, 22, 33, 16,
470,0,44,false,19, 29, 27, 16, 15, 23, 22, 14, 21, 18, 16,
471,0,52,true,24, 31, 21, 22, 19, 26, 22, 22, 26, 19, 28,
472,0,63,true,35, 25, 26, 31, 28, 25, 24, 37, 24, 27, 33,
473,0,54,true,17, 25, 27, 26, 22, 25, 27, 32, 19, 23, 27,
474,0,45,false,12, 19, 24, 23, 18, 27, 13, 28, 13, 24, 24,
475,0,52,true,23, 28, 12, 22, 23, 23, 27, 18, 33, 30, 21,
476,0,48,false,22, 17, 20, 23, 23, 25, 22, 34, 18, 20, 16,
477,0,54,false,27, 20, 25, 26, 28, 18, 26, 29, 22, 19, 30,
478,0,49,true,22, 26, 18, 25, 23, 32, 26, 15, 17, 20, 21,
479,0,47,false,20, 18, 27, 16, 20, 24, 27, 17, 21, 26, 19,
480,0,55,false,23, 17, 24, 20, 23, 24, 23, 30, 35, 22, 34,
481,0,51,true,15, 22, 20, 19, 15, 20, 26, 33, 22, 32, 31,
482,0,51,false,21, 25, 25, 27, 29, 18, 23, 20, 21, 21, 25,
483,0,40,true,14, 12, 20, 16, 15, 13, 22, 32, 20, 18, 18,
484,0,44,false,13, 16, 21, 25, 23, 25, 26, 21, 17, 13, 20,
485,0,41,false,19, 23, 12, 20, 14, 17, 22, 15, 15, 28, 20,
486,0,50,false,18, 21, 23, 24, 27, 16, 18, 33, 22, 20, 28,
487,0,44,true,21, 20, 23, 19, 24, 18, 21, 24, 15, 22, 13,
488,0,46,false,16, 26, 15, 10, 18, 27, 22, 29, 25, 18, 24,
489,0,56,false,23, 31, 19, 25, 31, 21, 22, 28, 25, 30, 25,
490,0,43,false,14, 14, 28, 17, 13, 25, 21, 24, 20, 20, 19,
491,0,44,false,17, 23, 26, 23, 26, 21, 19, 14, 18, 20, 13,
492,0,43,true,18, 18, 25, 16, 16, 27, 22, 16, 26, 20, 11,
493,0,39,true,19, 17, 17, 24, 17, 17, 16, 15, 16, 22, 15,
494,0,50,false,29, 24, 26, 24, 26, 20, 27, 20, 14, 21, 19,
495,0,45,true,25, 28, 15, 20, 26, 21, 13, 19, 21, 17, 20,
496,0,41,true,11, 23, 13, 26, 22, 21, 17, 13, 20, 19, 20,
497,0,44,false,19, 18, 21, 18, 20, 27, 14, 21, 25, 17, 20,
498,0,48,true,20, 26, 20, 28, 18, 22, 24, 16, 25, 21, 20,
499,0,38,false,21, 17, 14, 15, 21, 13, 19, 16, 19, 13, 22,
500,0,40,false,16, 19, 17, 14, 16, 18, 24, 16, 22, 17, 21,
501,0,47,false,27, 20, 25, 23, 18, 24, 16, 19, 20, 21, 22,
502,0,43,false,17, 23, 23, 23, 18, 18, 17, 18, 20, 17, 21,
503,0,49,true,21, 28, 27, 27, 23, 16, 24, 19, 22, 19, 19,
504,0,38,true,19, 20, 21, 19, 13, 22, 19, 15, 13, 11, 18,
505,0,37,false,16, 23, 21, 11, 17, 15, 10, 16, 20, 16, 20,
506,0,41,true,14, 24, 27, 17, 20, 16, 17, 18, 18, 16, 18,
507,0,40,false,16, 17, 30, 13, 15, 25, 25, 14, 11, 18, 16,
508,0,35,false,15, 19, 14, 13, 12, 14, 13, 18, 18, 18, 21,
509,0,36,false,20, 21, 14, 20, 17, 13, 14, 13, 15, 15, 18,
510,0,38,false,18, 16, 18, 24, 14, 25, 19, 14, 17, 14, 11,
511,0,38,false,19, 10, 11, 21, 16, 26, 18, 15, 19, 17, 18,
512,0,40,false,16, 28, 26, 14, 18, 10, 17, 14, 20, 19, 18,
513,0,37,true,23, 22, 20, 16, 11, 19, 10, 19, 11, 15, 19,
514,0,38,true,15, 14, 18, 20, 17, 20, 11, 21, 23, 13, 18,
515,0,41,false,14, 22, 16, 28, 23, 17, 22, 16, 18, 14, 15,
516,0,33,false,14, 14, 22, 13, 20, 14, 13, 19, 13, 11, 12,
517,0,40,false,17, 14, 12, 17, 23, 25, 20, 15, 17, 20, 20,
518,0,36,true,16, 9, 17, 23, 18, 10, 14, 11, 19, 24, 19,
519,0,36,true,22, 17, 19, 12, 16, 17, 15, 15, 7, 19, 21,
520,0,38,true,18, 14, 13, 21, 21, 18, 16, 17, 18, 16, 18,
521,0,46,false,23, 24, 29, 23, 25, 16, 20, 18, 20, 14, 18,
522,0,31,false,12, 10, 17, 15, 17, 17, 15, 19, 9, 11, 13,
523,0,35,false,17, 15, 13, 20, 17, 11, 13, 15, 22, 20, 12,
524,0,40,true,17, 18, 21, 22, 18, 25, 11, 17, 17, 15, 19,
525,0,38,true,17, 17, 12, 18, 17, 18, 24, 17, 18, 17, 15,
526,0,35,false,18, 17, 20, 12, 16, 13, 16, 17, 21, 9, 16,
527,0,32,false,20, 9, 16, 18, 11, 14, 12, 11, 17, 16, 16,
528,0,34,true,12, 19, 20, 14, 12, 27, 22, 10, 11, 14, 9,
529,0,31,false,13, 13, 20, 15, 13, 8, 13, 14, 15, 20, 11,
530,0,34,true,17, 15, 13, 15, 22, 22, 16, 20, 8, 11, 11,
531,0,31,true,9, 13, 16, 17, 14, 17, 19, 10, 16, 12, 12,
532,0,35,false,12, 19, 19, 19, 20, 16, 15, 12, 14, 12, 17,
533,0,46,true,23, 23, 12, 26, 20, 24, 22, 19, 20, 19, 22,
534,0,33,true,15, 16, 11, 14, 18, 18, 17, 14, 17, 10, 15,
535,0,36,true,19, 14, 18, 15, 10, 17, 12, 18, 19, 17, 21,
536,0,30,false,15, 9, 12, 15, 16, 20, 13, 11, 12, 11, 16,
537,0,35,false,23, 10, 19, 15, 9, 11, 18, 19, 25, 15, 11,
538,0,31,false,16, 15, 14, 16, 13, 20, 13, 18, 13, 6, 11,
539,0,33,true,15, 15, 14, 15, 16, 14, 18, 13, 13, 17, 15,
540,0,32,false,13, 11, 14, 12, 13, 23, 11, 19, 19, 11, 14,
541,0,33,true,10, 16, 16, 14, 13, 13, 22, 16, 13, 15, 17,
542,0,40,true,32, 16, 20, 13, 21, 12, 13, 12, 19, 22, 20,
543,0,28,false,8, 18, 13, 13, 12, 11, 11, 16, 13, 12, 13,
544,0,32,true,12, 19, 12, 13, 17, 9, 11, 14, 17, 22, 14,
545,0,29,false,13, 15, 18, 12, 13, 18, 11, 12, 8, 13, 12,
546,0,28,false,12, 10, 15, 11, 11, 14, 16, 12, 10, 12, 17,
547,0,32,false,13, 12, 11, 22, 10, 19, 19, 16, 12, 12, 14,
548,0,34,true,13, 10, 14, 14, 14, 13, 22, 20, 18, 16, 16,
549,0,32,false,14, 14, 18, 9, 12, 11, 16, 19, 17, 19, 11,
550,0,42,true,15, 18, 18, 26, 21, 18, 26, 16, 20, 17, 15,
551,0,31,false,10, 12, 10, 12, 15, 18, 17, 14, 16, 17, 14,
552,0,30,false,16, 22, 12, 10, 9, 14, 12, 13, 20, 8, 14,
553,0,31,true,18, 8, 13, 15, 8, 20, 13, 17, 12, 18, 13,
554,0,24,false,14, 9, 11, 10, 8, 16, 10, 9, 8, 14, 11,
555,0,29,true,11, 17, 10, 22, 19, 15, 13, 8, 7, 10, 13,
556,0,33,true,18, 17, 15, 14, 15, 13, 18, 18, 10, 12, 15,
557,0,27,false,5, 14, 22, 10, 12, 14, 10, 15, 9, 10, 14,
558,0,28,false,14, 7, 9, 12, 13, 6, 16, 13, 17, 14, 19,
559,0,28,true,17, 5, 8, 16, 16, 9, 12, 15, 16, 14, 12,
560,0,30,true,11, 13, 11, 14, 17, 13, 8, 16, 15, 16, 16,
561,0,31,true,20, 13, 11, 14, 13, 9, 13, 17, 15, 15, 15,
562,0,29,false,18, 6, 15, 9, 12, 13, 10, 19, 13, 18, 12,
563,0,24,false,11, 7, 11, 12, 10, 11, 12, 10, 13, 15, 8,
564,0,28,false,11, 11, 20, 10, 14, 11, 14, 16, 13, 11, 9,
565,0,26,false,14, 17, 8, 15, 11, 12, 10, 10, 6, 15, 12,
566,0,28,false,16, 9, 13, 13, 12, 14, 11, 14, 14, 13, 11,
567,0,23,false,12, 10, 7, 11, 10, 9, 11, 14, 12, 6, 13,
568,0,33,true,10, 15, 13, 19, 14, 16, 17, 16, 14, 17, 14,
569,0,30,false,15, 13, 13, 9, 10, 17, 11, 17, 16, 14, 15,
570,0,24,false,13, 12, 11, 12, 7, 16, 14, 6, 7, 16, 6,
571,0,27,false,9, 10, 13, 16, 11, 7, 14, 15, 17, 10, 13,
572,0,22,true,11, 12, 12, 15, 8, 4, 14, 10, 11, 6, 7,
573,0,23,false,11, 13, 8, 13, 11, 11, 10, 9, 8, 13, 8,
574,0,24,true,12, 7, 12, 15, 16, 12, 9, 14, 8, 7, 8,
575,0,26,false,7, 14, 12, 6, 13, 11, 13, 12, 14, 13, 15,
576,0,22,false,6, 9, 7, 9, 12, 16, 12, 5, 11, 16, 7,
577,0,20,false,6, 19, 11, 8, 6, 7, 9, 4, 12, 11, 7,
578,0,24,false,9, 9, 13, 11, 8, 9, 13, 15, 10, 13, 10,
579,0,24,true,11, 13, 10, 11, 11, 13, 10, 7, 12, 12, 10,
580,0,28,true,14, 12, 10, 15, 11, 18, 12, 18, 13, 12, 5,
581,0,24,false,8, 16, 11, 10, 8, 12, 11, 9, 10, 10, 15,
582,0,26,false,13, 7, 7, 3, 22, 17, 11, 16, 11, 11, 12,
583,0,25,false,12, 16, 6, 10, 13, 12, 7, 6, 14, 15, 14,
584,0,20,false,10, 8, 12, 9, 9, 8, 8, 7, 12, 10, 7,
585,0,21,true,6, 17, 13, 9, 7, 11, 9, 9, 5, 11, 8,
586,0,24,false,9, 11, 6, 9, 11, 15, 16, 14, 10, 9, 10,
587,0,21,false,9, 5, 9, 14, 10, 10, 7, 7, 12, 10, 12,
588,0,22,false,10, 8, 11, 6, 8, 10, 12, 12, 11, 13, 9,
589,0,26,false,7, 15, 16, 11, 10, 13, 15, 11, 5, 10, 17,
590,0,23,true,12, 9, 11, 12, 9, 14, 12, 9, 6, 12, 9,
591,0,28,false,15, 18, 14, 8, 10, 11, 15, 14, 13, 11, 11,
592,0,21,false,12, 7, 10, 10, 14, 8, 14, 9, 6, 8, 7,
593,0,18,false,10, 9, 9, 10, 11, 5, 4, 5, 9, 6, 12,
594,0,24,false,8, 13, 12, 13, 7, 5, 16, 11, 11, 11, 13,
595,0,20,false,12, 7, 9, 8, 11, 5, 14, 12, 7, 10, 5,
596,0,24,false,12, 10, 10, 10, 9, 12, 7, 14, 8, 17, 11,
597,0,22,true,8, 3, 10, 11, 15, 5, 12, 9, 18, 10, 9,
598,0,24,false,16, 9, 6, 7, 18, 11, 10, 7, 8, 13, 15,
599,0,22,true,8, 16, 12, 7, 7, 13, 12, 9, 8, 9, 9,
600,0,18,false,9, 13, 14, 5, 6, 7, 7, 6, 9, 4, 10,
601,0,19,false,12, 8, 6, 11, 4, 10, 10, 9, 10, 6, 9,
602,0,19,false,7, 11, 10, 10, 14, 11, 11, 7, 8, 2, 4,
603,0,21,false,7, 8, 12, 11, 5, 7, 4, 8, 14, 15, 14,
604,0,20,true,6, 14, 10, 9, 7, 6, 11, 8, 10, 10, 9,
605,0,22,false,8, 12, 13, 15, 9, 12, 13, 5, 4, 10, 9,
606,0,18,true,6, 5, 12, 6, 10, 10, 9, 9, 9, 8, 6,
607,0,19,false,11, 10, 6, 5, 13, 13, 9, 6, 7, 6, 9,
608,0,16,false,4, 5, 9, 8, 9, 6, 8, 12, 7, 6, 6,
609,0,19,true,6, 9, 11, 9, 11, 4, 8, 11, 9, 4, 13,
610,0,16,false,6, 4, 5, 11, 9, 11, 7, 7, 7, 5, 8,
611,0,22,false,13, 13, 12, 7, 10, 10, 12, 9, 9, 7, 8,
612,0,24,true,7, 13, 10, 10, 10, 9, 14, 7, 18, 9, 13,
613,0,21,false,10, 10, 9, 11, 11, 9, 8, 8, 11, 8, 10,
614,0,20,false,5, 9, 8, 5, 14, 9, 8, 11, 11, 8, 12,
615,0,17,false,10, 9, 4, 7, 3, 7, 10, 8, 6, 7, 14,
616,0,21,true,10, 10, 12, 11, 5, 7, 9, 8, 9, 9, 15,
617,0,17,false,10, 3, 8, 7, 9, 10, 6, 7, 9, 10, 6,
618,0,26,true,17, 4, 8, 14, 11, 14, 10, 10, 16, 12, 14,
619,0,17,false,10, 6, 10, 4, 5, 10, 10, 7, 5, 12, 6,
620,0,22,false,12, 10, 14, 8, 11, 10, 9, 9, 11, 5, 11,
621,0,18,false,11, 10, 13, 6, 5, 9, 8, 8, 7, 7, 6,
622,0,17,false,4, 9, 8, 4, 8, 10, 10, 8, 11, 6, 7,
623,0,21,false,8, 6, 13, 8, 11, 11, 10, 9, 7, 10, 12,
624,0,19,true,11, 9, 9, 9, 8, 11, 6, 7, 8, 8, 9,
625,0,15,false,6, 3, 5, 5, 7, 8, 5, 9, 12, 8, 7,
626,0,15,false,7, 6, 3, 7, 12, 6, 7, 8, 6, 7, 6,
627,0,16,true,10, 12, 10, 3, 6, 5, 6, 8, 8, 5, 7,
628,0,14,false,8, 7, 3, 5, 4, 10, 10, 8, 7, 3, 5,
629,0,17,false,11, 12, 6, 8, 10, 9, 7, 8, 5, 4, 5,
630,0,16,true,4, 11, 7, 5, 6, 7, 9, 5, 5, 11, 10,
631,0,22,true,10, 6, 10, 11, 9, 16, 5, 10, 10, 11, 12,
632,0,15,false,8, 7, 10, 4, 7, 8, 4, 7, 7, 8, 5,
633,0,16,false,10, 11, 8, 6, 4, 9, 8, 5, 8, 7, 4,
634,0,15,false,6, 7, 8, 7, 2, 8, 8, 8, 7, 5, 9,
635,0,15,false,5, 9, 6, 6, 8, 8, 8, 11, 6, 1, 7,
636,0,19,false,8, 9, 10, 9, 10, 10, 6, 9, 7, 11, 6,
637,0,15,true,5, 5, 5, 12, 6, 4, 6, 9, 8, 5, 10,
638,0,16,false,6, 8, 11, 6, 4, 7, 6, 8, 9, 7, 8,
639,0,16,false,9, 9, 10, 8, 4, 4, 6, 11, 6, 5, 8,
640,0,15,false,3, 7, 5, 8, 7, 8, 8, 5, 9, 3, 12,
641,0,15,false,11, 5, 6, 8, 8, 7, 7, 4, 5, 4, 10,
642,0,15,false,7, 7, 6, 8, 6, 11, 5, 9, 5, 1, 10,
643,0,16,false,6, 11, 7, 7, 11, 7, 7, 7, 4, 8, 5,
644,0,14,false,6, 7, 5, 6, 2, 7, 6, 7, 8, 10, 6,
645,0,21,true,7, 8, 11, 10, 10, 8, 8, 11, 10, 9, 13,
646,0,12,false,6, 7, 7, 7, 4, 3, 6, 3, 5, 5, 7,
647,0,15,false,5, 8, 11, 6, 7, 9, 8, 4, 8, 4, 5,
648,0,12,false,6, 6, 6, 3, 5, 3, 6, 4, 9, 4, 8,
649,0,14,false,4, 5, 8, 8, 2, 5, 9, 8, 8, 6, 7,
650,0,13,false,3, 5, 5, 6, 7, 5, 5, 11, 5, 8, 5,
651,0,15,false,5, 9, 9, 4, 9, 8, 7, 4, 4, 6, 10,
652,0,16,false,7, 11, 6, 7, 8, 6, 5, 10, 5, 12, 3,
653,0,11,false,6, 7, 1, 6, 4, 7, 1, 6, 7, 7, 3,
654,0,13,false,6, 3, 8, 5, 6, 6, 7, 6, 6, 5, 7,
655,0,12,false,9, 4, 11, 4, 2, 7, 7, 2, 2, 6, 6,
656,0,18,false,5, 8, 9, 11, 13, 9, 6, 9, 10, 5, 5,
657,0,11,true,3, 2, 7, 4, 6, 6, 7, 4, 4, 6, 6,
658,0,14,false,5, 2, 7, 6, 4, 6, 5, 7, 9, 9, 10,
659,0,14,false,9, 6, 4, 5, 8, 4, 6, 7, 7, 8, 6,
660,0,13,false,4, 7, 9, 4, 5, 3, 7, 6, 7, 7, 6,
661,0,15,true,7, 8, 6, 6, 5, 3, 7, 8, 10, 9, 6,
662,0,15,false,11, 4, 5, 9, 7, 7, 7, 6, 6, 9, 4,
663,0,12,false,3, 5, 5, 7, 7, 6, 5, 6, 4, 5, 7,
664,0,11,false,6, 7, 3, 8, 2, 5, 2, 8, 5, 5, 4,
665,0,12,false,3, 4, 8, 10, 3, 6, 4, 3, 6, 6, 7,
666,0,14,false,7, 9, 3, 4, 5, 7, 7, 7, 7, 7, 7,
667,0,12,false,7, 9, 10, 3, 5, 7, 3, 6, 1, 5, 4,
668,0,12,false,6, 3, 5, 5, 6, 8, 5, 5, 6, 5, 6,
669,0,13,false,6, 7, 7, 7, 9, 5, 3, 4, 8, 2, 7,
670,0,11,false,7, 7, 8, 5, 5, 3, 3, 6, 5, 4, 2,
671,0,14,false,6, 4, 4, 5, 10, 7, 5, 8, 4, 9, 8,
672,0,12,false,8, 8, 5, 2, 7, 3, 7, 4, 5, 4, 7,
673,0,12,false,7, 5, 2, 9, 7, 9, 4, 4, 4, 3, 6,
674,0,9,false,4, 8, 5, 1, 3, 4, 4, 5, 3, 1, 7,
675,0,13,false,7, 6, 4, 7, 4, 6, 4, 9, 6, 6, 6,
676,0,10,false,5, 6, 7, 2, 4, 3, 6, 5, 3, 6, 3,
677,0,10,false,5, 4, 7, 2, 2, 2, 6, 5, 5, 3, 9,
678,0,11,true,8, 3, 3, 4, 7, 6, 2, 2, 5, 7, 8,
679,0,12,false,7, 4, 7, 5, 5, 1, 6, 3, 5, 9, 8,
680,0,15,true,7, 9, 6, 5, 9, 7, 6, 6, 7, 4, 9,
681,0,13,true,4, 9, 7, 5, 7, 7, 3, 6, 6, 7, 4,
682,0,9,true,2, 3, 7, 4, 5, 3, 6, 2, 1, 6, 6,
683,0,9,false,0, 5, 8, 1, 2, 5, 4, 6, 3, 7, 4,
684,0,12,false,4, 4, 4, 6, 5, 4, 9, 7, 8, 6, 3,
685,0,9,false,2, 6, 2, 5, 6, 5, 3, 3, 6, 4, 3,
686,0,10,false,6, 5, 3, 6, 3, 5, 5, 6, 4, 0, 7,
687,0,12,false,4, 6, 2, 4, 6, 8, 7, 4, 7, 5, 7,
688,0,13,true,2, 7, 1, 8, 5, 6, 9, 8, 6, 6, 7,
689,0,13,false,3, 6, 5, 8, 9, 5, 7, 6, 4, 6, 6,
690,0,9,false,6, 5, 2, 2, 3, 6, 2, 9, 5, 1, 4,
691,0,8,false,2, 4, 7, 3, 3, 2, 6, 2, 4, 4, 3,
692,0,11,false,3, 3, 7, 3, 2, 5, 4, 8, 4, 9, 7,
693,0,9,false,5, 5, 4, 3, 4, 3, 4, 6, 3, 2, 6,
694,0,8,false,4, 4, 2, 2, 7, 4, 1, 4, 3, 3, 6,
695,0,11,false,4, 6, 3, 4, 8, 4, 6, 5, 8, 3, 4,
696,0,10,true,4, 4, 2, 5, 9, 6, 1, 2, 3, 7, 7,
697,0,9,false,2, 3, 5, 6, 5, 2, 3, 4, 9, 2, 4,
698,0,10,false,4, 8, 3, 4, 0, 3, 6, 4, 7, 5, 6,
699,0,10,false,3, 5, 4, 5, 7, 5, 4, 5, 2, 4, 6,
700,0,8,false,3, 4, 5, 2, 2, 4, 4, 3, 6, 3, 4,
701,0,9,false,9, 3, 2, 1, 6, 5, 3, 4, 5, 5, 2,
702,0,8,false,1, 5, 4, 3, 1, 3, 3, 5, 6, 5, 4,
703,0,9,false,4, 6, 6, 4, 3, 4, 4, 4, 2, 5, 3,
704,0,9,false,5, 3, 7, 2, 7, 2, 5, 7, 3, 3, 1,
705,0,10,false,6, 3, 6, 5, 4, 4, 5, 3, 1, 6, 7,
706,0,12,false,3, 3, 4, 4, 12, 4, 8, 5, 5, 7, 5,
707,0,10,false,5, 4, 4, 6, 6, 3, 5, 4, 2, 5, 6,
708,0,8,false,5, 4, 2, 1, 6, 3, 3, 4, 3, 6, 3,
709,0,8,false,2, 6, 3, 5, 3, 1, 3, 4, 3, 3, 7,
710,0,8,false,5, 1, 6, 3, 5, 3, 4, 4, 5, 3, 1,
711,0,8,false,3, 6, 4, 4, 4, 3, 3, 1, 5, 5, 2,
712,0,8,false,4, 5, 2, 5, 4, 1, 7, 2, 4, 4, 2,
713,0,8,false,4, 4, 4, 3, 5, 2, 1, 5, 5, 2, 5,
714,0,7,false,3, 5, 2, 6, 2, 4, 1, 7, 1, 0, 4,
715,0,9,false,2, 3, 3, 5, 5, 2, 2, 6, 6, 6, 5,
716,0,7,false,4, 3, 3, 4, 3, 0, 4, 4, 4, 5, 1,
717,0,6,false,2, 5, 2, 5, 2, 2, 3, 3, 1, 1, 4,
718,0,7,false,5, 1, 2, 3, 3, 1, 3, 2, 6, 4, 5,
719,0,7,false,4, 3, 3, 4, 5, 1, 3, 3, 2, 3, 4,
720,0,11,true,4, 9, 1, 3, 9, 4, 7, 8, 2, 4, 4,
721,0,7,false,2, 7, 3, 4, 1, 2, 4, 3, 5, 3, 1,
722,0,7,false,5, 2, 4, 2, 3, 1, 3, 2, 4, 4, 5,
723,0,8,false,3, 4, 3, 3, 5, 3, 3, 7, 2, 5, 2,
724,0,7,true,6, 3, 3, 0, 1, 5, 4, 4, 4, 2, 3,
725,0,6,false,2, 5, 2, 3, 5, 2, 5, 1, 1, 1, 3,
726,0,7,true,3, 4, 4, 4, 4, 2, 4, 3, 4, 3, 0,
727,0,9,false,7, 5, 3, 3, 5, 3, 3, 6, 3, 3, 4,
728,0,11,false,5, 3, 8, 4, 7, 5, 4, 5, 5, 6, 3,
729,0,7,false,3, 4, 2, 2, 4, 4, 5, 4, 4, 1, 2,
730,0,7,true,2, 2, 1, 3, 6, 1, 3, 4, 3, 6, 4,
731,0,8,false,3, 2, 4, 5, 6, 1, 2, 4, 4, 4, 5,
732,0,7,false,2, 2, 2, 6, 5, 2, 3, 3, 3, 5, 2,
733,0,7,false,4, 3, 3, 4, 3, 3, 3, 6, 2, 1, 3,
734,0,6,false,3, 3, 2, 4, 3, 3, 2, 5, 1, 4, 0,
735,0,8,false,2, 5, 2, 2, 2, 4, 3, 6, 6, 2, 6,
736,0,6,false,2, 3, 3, 2, 4, 2, 2, 4, 2, 2, 4,
737,0,6,false,2, 2, 4, 2, 3, 4, 4, 2, 2, 1, 4,
738,0,9,true,3, 3, 3, 4, 3, 2, 4, 5, 5, 7, 6,
739,0,5,false,3, 2, 3, 4, 2, 3, 2, 2, 3, 0, 1,
740,0,7,false,1, 5, 3, 2, 2, 2, 1, 3, 5, 6, 5,
741,0,4,false,1, 2, 1, 1, 2, 2, 1, 2, 4, 2, 2,
742,0,6,false,3, 1, 4, 4, 4, 3, 2, 3, 0, 2, 4,
743,0,8,false,2, 5, 2, 1, 5, 3, 3, 5, 4, 6, 4,
744,0,6,false,3, 0, 1, 3, 3, 4, 6, 1, 1, 5, 3,
745,0,5,false,3, 0, 2, 5, 3, 1, 1, 2, 2, 4, 2,
746,0,7,false,3, 3, 3, 3, 3, 5, 3, 2, 4, 3, 3,
747,0,5,false,2, 3, 1, 2, 2, 1, 1, 2, 3, 4, 4,
748,0,4,false,4, 3, 1, 3, 1, 0, 3, 1, 2, 1, 1,
749,0,6,false,2, 1, 4, 5, 3, 2, 2, 4, 2, 1, 4,
750,0,8,true,6, 2, 4, 4, 1, 4, 5, 1, 3, 5, 5,
751,0,4,false,2, 2, 1, 1, 1, 2, 2, 2, 1, 2, 4,
752,0,6,false,3, 3, 2, 2, 6, 3, 3, 2, 2, 2, 2,
753,0,6,false,3, 3, 5, 2, 1, 4, 3, 2, 3, 1, 3,
754,0,5,false,1, 3, 4, 0, 0, 3, 4, 1, 2, 2, 5,
755,0,5,false,4, 1, 4, 5, 2, 1, 2, 3, 1, 2, 0,
756,0,5,false,4, 0, 1, 2, 2, 4, 1, 4, 2, 2, 3,
757,0,5,false,2, 2, 1, 3, 3, 2, 1, 2, 3, 3, 3,
758,0,5,false,0, 2, 5, 1, 4, 3, 3, 1, 1, 2, 3,
759,0,5,false,3, 1, 3, 1, 2, 4, 2, 2, 2, 2, 3,
760,0,5,false,3, 2, 2, 2, 2, 2, 2, 2, 4, 1, 3,
761,0,6,false,1, 3, 3, 2, 3, 4, 1, 1, 3, 5, 4,
762,0,5,false,1, 1, 1, 3, 3, 1, 4, 3, 1, 4, 3,
763,0,6,false,4, 1, 1, 2, 2, 4, 4, 4, 2, 3, 3,
764,0,5,false,1, 2, 3, 2, 3, 2, 3, 3, 2, 0, 4,
765,0,5,false,2, 1, 0, 4, 1, 3, 2, 2, 3, 4, 3,
766,0,5,false,3, 3, 4, 2, 1, 0, 2, 1, 3, 3, 3,
767,0,5,false,3, 3, 2, 3, 3, 2, 3, 2, 1, 1, 2,
768,0,5,false,1, 1, 3, 3, 3, 2, 3, 3, 2, 1, 3,
769,0,6,false,6, 3, 4, 2, 3, 3, 2, 2, 2, 2, 1,
770,0,6,false,1, 4, 2, 3, 3, 5, 2, 2, 2, 2, 4,
771,0,6,false,2, 3, 3, 2, 4, 3, 4, 1, 3, 3, 2,
772,0,5,false,3, 1, 3, 3, 0, 4, 2, 2, 1, 3, 3,
773,0,4,false,3, 2, 2, 3, 1, 1, 0, 3, 3, 1, 1,
774,0,6,false,1, 3, 2, 2, 4, 2, 3, 4, 4, 2, 3,
775,0,5,false,2, 3, 1, 0, 2, 2, 1, 3, 4, 4, 3,
776,0,6,false,2, 5, 5, 1, 1, 5, 4, 1, 1, 3, 2,
777,0,5,false,2, 2, 2, 3, 3, 1, 2, 2, 3, 3, 2,
778,0,5,false,3, 1, 2, 3, 1, 1, 2, 3, 3, 3, 3,
779,0,4,false,1, 1, 1, 2, 3, 2, 2, 2, 1, 3, 2,
780,0,4,false,1, 2, 3, 3, 3, 1, 1, 1, 4, 1, 0,
781,0,4,false,3, 2, 1, 2, 2, 4, 0, 3, 1, 1, 1,
782,0,5,true,2, 2, 5, 1, 2, 3, 4, 2, 0, 4, 0,
783,0,4,false,2, 2, 0, 3, 0, 2, 3, 0, 3, 4, 1,
784,0,4,false,2, 2, 1, 4, 1, 0, 1, 2, 2, 2, 3,
785,0,3,false,2, 1, 2, 1, 1, 1, 1, 0, 2, 2, 2,
786,0,3,false,2, 1, 1, 0, 1, 1, 2, 2, 2, 1, 2,
787,0,4,true,1, 0, 4, 1, 1, 2, 1, 3, 3, 2, 2,
788,0,3,false,2, 2, 2, 0, 1, 1, 2, 1, 1, 2, 1,
789,0,5,false,2, 4, 3, 2, 3, 0, 0, 2, 3, 3, 3,
790,0,4,false,2, 2, 1, 2, 1, 2, 2, 3, 3, 0, 2,
791,0,3,true,2, 0, 1, 2, 1, 2, 2, 0, 2, 1, 2,
792,0,4,true,0, 1, 2, 1, 2, 3, 1, 4, 3, 2, 1,
793,0,4,true,1, 4, 4, 4, 0, 2, 1, 0, 3, 0, 1,
794,0,3,false,3, 0, 2, 1, 2, 1, 2, 1, 1, 1, 1,
795,0,4,false,1, 3, 1, 0, 3, 1, 4, 2, 1, 3, 1,
796,0,4,false,2, 2, 2, 2, 1, 1, 3, 2, 1, 4, 0,
797,0,4,false,3, 3, 0, 2, 1, 2, 0, 3, 2, 2, 2,
798,0,3,false,1, 2, 2, 1, 1, 2, 2, 2, 2, 0, 0,
799,0,4,true,1, 3, 2, 3, 2, 1, 0, 3, 2, 1, 2,
800,0,3,false,0, 0, 2, 1, 2, 2, 1, 1, 2, 2, 2,
801,0,2,false,2, 2, 0, 0, 1, 1, 0, 2, 1, 1, 0,
802,0,3,true,2, 1, 2, 3, 0, 2, 1, 1, 2, 1, 0,
803,0,3,false,3, 2, 2, 0, 1, 1, 1, 0, 1, 2, 2,
804,0,3,true,2, 1, 2, 3, 0, 1, 2, 1, 1, 2, 0,
805,0,3,false,2, 1, 2, 3, 1, 1, 1, 2, 0, 1, 1,
806,0,3,false,2, 1, 1, 2, 1, 0, 2, 1, 1, 1, 3,
807,0,3,false,1, 2, 1, 1, 1, 2, 2, 0, 2, 2, 1,
808,0,2,false,0, 0, 2, 1, 0, 1, 2, 1, 1, 1, 1,
809,0,2,false,0, 1, 0, 0, 0, 2, 1, 2, 2, 2, 0,
810,0,2,false,2, 1, 1, 1, 0, 1, 1, 1, 1, 1, 0,
811,0,3,false,2, 1, 1, 1, 0, 3, 3, 0, 2, 2, 0,
812,0,2,false,0, 1, 1, 2, 1, 0, 0, 1, 1, 1, 2,
813,0,3,false,2, 2, 1, 1, 1, 1, 0, 1, 2, 2, 2,
814,0,3,false,3, 1, 1, 2, 1, 1, 2, 1, 0, 2, 1,
815,0,2,false,1, 1, 2, 1, 1, 1, 1, 0, 1, 1, 0,
816,0,2,false,1, 0, 0, 2, 0, 2, 0, 1, 2, 1, 1,
817,0,3,false,1, 3, 2, 2, 1, 1, 1, 2, 0, 2, 0,
818,0,2,false,1, 1, 1, 1, 1, 0, 1, 2, 0, 2, 0,
819,0,3,false,0, 2, 2, 0, 2, 3, 0, 1, 1, 3, 1,
820,0,2,false,2, 2, 0, 0, 2, 1, 0, 0, 0, 2, 1,
821,0,2,false,1, 1, 1, 1, 0, 1, 0, 1, 1, 1, 2,
822,0,2,false,0, 1, 1, 0, 1, 2, 0, 2, 0, 2, 1,
823,0,3,false,1, 1, 0, 1, 2, 2, 3, 2, 2, 0, 1,
824,0,2,false,1, 1, 0, 1, 2, 1, 1, 0, 1, 1, 1,
825,0,2,false,1, 1, 1, 1, 0, 2, 1, 1, 1, 0, 1,
826,0,2,false,1, 0, 1, 1, 0, 1, 2, 2, 0, 0, 2,
827,0,3,false,3, 2, 2, 0, 1, 0, 2, 2, 2, 0, 1,
828,0,2,false,1, 0, 2, 1, 1, 0, 0, 2, 1, 2, 0,
829,0,2,false,1, 1, 1, 0, 0, 1, 2, 2, 0, 1, 1,
830,0,2,false,0, 1, 1, 1, 0, 1, 0, 1, 2, 2, 1,
831,0,2,false,1, 2, 1, 0, 1, 0, 1, 2, 1, 1, 0,
832,0,2,false,0, 0, 0, 1, 2, 1, 1, 2, 1, 0, 2,
833,0,2,false,0, 1, 1, 1, 2, 2, 0, 1, 1, 1, 0,
834,0,2,false,0, 0, 1, 0, 2, 0, 2, 1, 2, 1, 1,
835,0,3,false,0, 3, 1, 0, 2, 2, 1, 3, 1, 0, 2,
836,0,2,false,1, 1, 0, 2, 0, 2, 0, 0, 2, 0, 2,
837,0,2,false,1, 1, 1, 1, 1, 1, 0, 2, 0, 1, 1,
838,0,2,false,1, 0, 1, 1, 0, 1, 2, 2, 0, 2, 0,
839,0,2,false,1, 1, 0, 1, 0, 1, 1, 1, 1, 1, 2,
840,0,2,false,1, 1, 0, 0, 1, 2, 1, 1, 1, 2, 0,
841,0,2,false,0, 1, 1, 1, 0, 1, 2, 1, 1, 1, 1,
842,0,2,false,2, 1, 1, 2, 1, 0, 1, 0, 1, 1, 0,
843,0,3,true,1, 2, 1, 2, 1, 2, 2, 1, 2, 1, 0,
844,0,1,false,0, 0, 1, 1, 0, 0, 1, 1, 0, 1, 0,
845,0,2,false,1, 1, 1, 0, 1, 1, 0, 1, 0, 2, 2,
846,0,1,false,1, 0, 0, 0, 0, 1, 1, 0, 1, 0, 1,
847,0,2,false,2, 2, 1, 0, 1, 1, 1, 0, 1, 0, 1,
848,0,2,false,1, 1, 1, 1, 1, 1, 0, 1, 1, 1, 1,
849,0,2,false,0, 1, 2, 0, 0, 1, 1, 0, 2, 1, 2,
850,0,2,false,2, 0, 0, 0, 2, 1, 1, 1, 0, 1, 2,
851,0,1,false,0, 1, 0, 1, 0, 1, 1, 0, 0, 0, 1,
852,0,1,false,0, 0, 1, 1, 0, 0, 1, 0, 1, 0, 1,
853,0,2,false,1, 2, 1, 0, 0, 0, 1, 2, 0, 2, 1,
854,0,1,false,0, 0, 1, 1, 0, 1, 0, 1, 0, 1, 0,
855,0,1,false,1, 0, 0, 1, 0, 0, 1, 1, 1, 0, 0,
856,0,1,false,0, 0, 0, 0, 1, 0, 1, 0, 1, 1, 1,
857,0,1,false,1, 0, 0, 0, 1, 1, 1, 1, 0, 0, 0,
858,0,1,false,1, 0, 1, 0, 0, 1, 1, 1, 0, 0, 0,
859,0,1,false,0, 1, 0, 1, 0, 0, 1, 0, 0, 1, 1,
860,0,1,false,1, 1, 1, 1, 1, 0, 0, 0, 0, 0, 0,
861,0,1,false,0, 0, 1, 0, 0, 1, 0, 1, 1, 0, 1,
862,0,1,false,0, 0, 0, 1, 1, 1, 1, 0, 0, 1, 0,
863,0,1,false,0, 1, 0, 0, 1, 1, 0, 0, 1, 1, 0,
864,0,1,false,1, 1, 1, 0, 0, 1, 0, 0, 1, 0, 0,
865,0,1,false,0, 0, 1, 0, 0, 1, 1, 1, 0, 1, 0,
866,0,1,false,1, 1, 1, 0, 0, 0, 1, 0, 1, 0, 0,
867,0,1,false,0, 0, 1, 0, 1, 1, 0, 0, 0, 1, 1,
868,0,1,false,0, 0, 0, 0, 0, 1, 0, 1, 1, 1, 1,
869,0,1,false,0, 0, 1, 0, 1, 0, 1, 0, 0, 1, 1,
870,0,1,false,1, 0, 1, 0, 0, 1, 1, 0, 0, 0, 1,
871,0,1,false,1, 0, 1, 0, 1, 1, 1, 0, 0, 0, 0,
872,0,1,false,1, 0, 1, 0, 0, 0, 0, 0, 1, 1, 1,
873,0,1,false,0, 0, 1, 0, 1, 1, 0, 1, 1, 0, 0,
874,0,1,false,1, 0, 1, 1, 0, 0, 1, 1, 0, 0, 0,
875,0,1,false,1, 0, 1, 1, 0, 1, 0, 0, 0, 1, 0,
876,0,1,false,1, 0, 0, 1, 1, 0, 1, 0, 0, 1, 0,
877,0,1,false,0, 0, 1, 1, 1, 0, 0, 0, 1, 0, 1,
878,0,1,false,1, 1, 0, 1, 0, 0, 0, 1, 0, 1, 0,
879,0,1,false,0, 0, 0, 1, 1, 1, 0, 0, 1, 0, 1,
880,0,1,false,0, 1, 0, 1, 1, 0, 0, 0, 1, 1, 0,
881,0,1,false,0, 0, 1, 1, 1, 0, 1, 0, 1, 0, 0,
882,0,1,false,1, 0, 1, 1, 1, 0, 0, 0, 1, 0, 0,
883,0,1,false,1, 1, 0, 0, 0, 0, 0, 1, 0, 1, 1,
