row_number, computation, coverage, status,1,2,3,4,5,6,7,8,9,10,11,12,13,14,15,
1,0,3003,true,1001, 1001, 1001, 1001, 1001, 1001, 1001, 1001, 1001, 1001, 1001, 1001, 1001, 1001, 1001,
2,0,3003,true,1001, 1001, 1001, 1001, 1001, 1001, 1001, 1001, 1001, 1001, 1001, 1001, 1001, 1001, 1001,
3,0,3003,true,1001, 1001, 1001, 1001, 1001, 1001, 1001, 1001, 1001, 1001, 1001, 1001, 1001, 1001, 1001,
4,0,3003,true,1001, 1001, 1001, 1001, 1001, 1001, 1001, 1001, 1001, 1001, 1001, 1001, 1001, 1001, 1001,
5,0,3003,true,1001, 1001, 1001, 1001, 1001, 1001, 1001, 1001, 1001, 1001, 1001, 1001, 1001, 1001, 1001,
6,0,3001,true,1000, 1000, 1001, 1001, 1000, 1000, 1000, 1001, 999, 1000, 1000, 1001, 1001, 1001, 1000,
7,0,2999,true,1000, 999, 999, 1000, 1000, 999, 1000, 1000, 999, 999, 1000, 1000, 999, 1001, 1000,
8,0,3000,true,1000, 1001, 999, 999, 999, 1001, 1000, 1000, 1001, 1000, 1000, 1000, 999, 1001, 1000,
9,0,2993,true,999, 994, 1000, 995, 994, 1001, 1001, 999, 996, 994, 999, 999, 1000, 1000, 994,
10,0,2992,true,994, 1000, 994, 994, 1000, 999, 994, 999, 996, 1000, 999, 998, 995, 999, 999,
11,0,2987,true,994, 994, 996, 990, 994, 996, 1000, 999, 995, 1000, 993, 995, 994, 1000, 995,
12,0,2985,true,994, 990, 993, 994, 998, 997, 994, 993, 994, 1000, 995, 995, 995, 999, 994,
13,0,2986,true,1000, 999, 994, 1000, 994, 996, 989, 999, 990, 994, 994, 997, 990, 995, 999,
14,0,2970,true,979, 998, 985, 985, 994, 994, 994, 998, 984, 980, 998, 980, 999, 998, 984,
15,0,2958,true,983, 979, 993, 988, 975, 995, 998, 998, 975, 979, 993, 980, 989, 985, 980,
16,0,2965,true,991, 986, 994, 986, 990, 990, 996, 986, 995, 986, 985, 980, 985, 990, 985,
17,0,2958,true,993, 999, 979, 991, 989, 979, 979, 994, 980, 992, 985, 973, 993, 976, 988,
18,0,2950,true,990, 980, 985, 971, 990, 985, 990, 995, 976, 971, 985, 981, 996, 979, 976,
19,0,2953,true,980, 990, 979, 991, 980, 979, 994, 979, 988, 975, 989, 993, 975, 979, 994,
20,0,2956,true,991, 975, 980, 996, 978, 988, 983, 974, 973, 995, 994, 979, 989, 992, 993,
21,0,2957,true,984, 979, 988, 989, 990, 990, 990, 984, 990, 971, 980, 989, 984, 991, 986,
22,0,2915,true,960, 959, 973, 988, 963, 969, 961, 978, 963, 970, 988, 979, 964, 981, 979,
23,0,2930,true,973, 979, 983, 964, 974, 974, 973, 974, 969, 998, 979, 974, 966, 983, 987,
24,0,2898,true,970, 958, 969, 960, 979, 970, 944, 963, 967, 978, 956, 945, 983, 973, 975,
25,0,2913,true,976, 953, 992, 969, 976, 945, 969, 984, 949, 973, 974, 972, 984, 984, 965,
26,0,2902,true,967, 968, 968, 978, 945, 972, 961, 959, 997, 954, 959, 978, 969, 981, 954,
27,0,2902,true,953, 970, 965, 984, 961, 969, 962, 960, 956, 969, 954, 983, 979, 977, 968,
28,0,2888,true,972, 951, 968, 959, 987, 959, 928, 960, 983, 957, 963, 979, 960, 955, 959,
29,0,2885,true,983, 970, 958, 946, 960, 969, 984, 969, 965, 939, 954, 947, 945, 966, 970,
30,0,2880,true,973, 958, 955, 966, 964, 969, 978, 951, 959, 964, 949, 953, 968, 940, 953,
31,0,2860,true,920, 958, 934, 974, 937, 947, 934, 953, 951, 991, 926, 977, 972, 968, 958,
32,0,2817,true,940, 950, 930, 940, 914, 944, 955, 940, 915, 929, 968, 958, 921, 935, 946,
33,0,2866,true,961, 945, 965, 966, 965, 945, 943, 953, 962, 930, 954, 958, 964, 954, 965,
34,0,2805,true,909, 910, 935, 916, 914, 972, 958, 945, 916, 945, 962, 937, 935, 905, 966,
35,0,2811,true,937, 941, 932, 929, 922, 949, 918, 932, 948, 962, 967, 921, 926, 952, 919,
36,0,2799,true,925, 949, 934, 953, 933, 900, 946, 929, 927, 947, 945, 934, 948, 910, 915,
37,0,2803,true,912, 937, 927, 944, 927, 941, 961, 923, 931, 932, 938, 951, 926, 934, 931,
38,0,2794,true,958, 915, 948, 973, 949, 910, 926, 968, 924, 899, 910, 907, 911, 934, 938,
39,0,2867,true,936, 970, 961, 961, 961, 952, 946, 962, 963, 940, 962, 973, 952, 953, 943,
40,0,2753,true,901, 920, 938, 934, 906, 938, 953, 937, 909, 901, 913, 905, 891, 910, 909,
41,0,2776,true,927, 913, 926, 912, 959, 908, 923, 947, 906, 932, 900, 914, 918, 933, 962,
42,0,2798,true,967, 918, 900, 943, 903, 958, 926, 938, 923, 953, 938, 925, 924, 945, 929,
43,0,2772,true,942, 948, 942, 922, 891, 933, 906, 892, 933, 902, 945, 908, 934, 909, 953,
44,0,2707,true,900, 924, 935, 890, 896, 906, 857, 891, 874, 919, 947, 884, 914, 900, 898,
45,0,2726,true,931, 928, 914, 914, 879, 924, 896, 908, 902, 901, 942, 894, 930, 891, 876,
46,0,2758,true,903, 907, 907, 920, 931, 918, 914, 911, 935, 933, 918, 951, 921, 878, 943,
47,0,2722,true,914, 914, 914, 899, 855, 913, 946, 912, 918, 908, 898, 871, 904, 884, 960,
48,0,2720,true,882, 933, 911, 902, 907, 899, 894, 946, 883, 908, 869, 876, 925, 890, 975,
49,0,2718,true,889, 919, 909, 892, 868, 904, 937, 871, 906, 937, 904, 909, 933, 900, 912,
50,0,2747,true,961, 909, 912, 916, 928, 909, 878, 920, 946, 916, 934, 889, 911, 872, 934,
51,0,2660,true,861, 869, 876, 855, 920, 938, 855, 852, 866, 918, 921, 872, 926, 852, 919,
52,0,2686,true,887, 916, 889, 896, 905, 907, 903, 907, 883, 871, 912, 932, 861, 864, 897,
53,0,2667,true,864, 910, 905, 849, 921, 902, 921, 901, 905, 857, 872, 908, 883, 890, 847,
54,0,2651,true,879, 867, 841, 878, 889, 882, 883, 898, 881, 935, 864, 892, 911, 858, 897,
55,0,2679,true,894, 932, 885, 863, 891, 884, 888, 900, 907, 880, 874, 920, 905, 883, 889,
56,0,2620,true,907, 850, 864, 944, 853, 921, 884, 852, 851, 854, 871, 880, 891, 841, 837,
57,0,2620,true,854, 904, 855, 859, 833, 912, 902, 893, 827, 840, 823, 937, 915, 877, 869,
58,0,2666,true,856, 856, 891, 915, 914, 866, 912, 877, 927, 877, 875, 899, 871, 903, 891,
59,0,2632,true,851, 861, 874, 854, 877, 910, 887, 893, 837, 893, 916, 856, 897, 856, 898,
60,0,2698,true,914, 900, 921, 915, 924, 902, 889, 899, 876, 884, 887, 909, 920, 884, 866,
61,0,2600,true,824, 864, 891, 874, 840, 859, 887, 847, 826, 919, 901, 841, 836, 916, 875,
62,0,2611,true,871, 893, 900, 853, 897, 859, 888, 856, 891, 851, 851, 873, 829, 866, 877,
63,0,2565,true,844, 859, 840, 817, 843, 910, 854, 838, 855, 844, 849, 892, 875, 823, 882,
64,0,2501,true,870, 794, 856, 813, 827, 809, 840, 811, 825, 783, 864, 824, 890, 854, 845,
65,0,2551,true,866, 822, 851, 853, 858, 913, 879, 860, 813, 867, 835, 859, 827, 837, 815,
66,0,2579,true,878, 872, 913, 836, 946, 834, 907, 869, 822, 843, 839, 834, 859, 829, 814,
67,0,2512,true,839, 837, 874, 858, 849, 840, 821, 792, 831, 869, 805, 840, 806, 882, 817,
68,0,2584,true,875, 840, 836, 906, 879, 866, 859, 840, 886, 865, 869, 819, 871, 864, 845,
69,0,2548,true,782, 835, 849, 888, 841, 894, 869, 842, 854, 868, 901, 809, 820, 847, 841,
70,0,2539,true,799, 810, 876, 883, 821, 831, 819, 872, 843, 904, 849, 840, 857, 838, 853,
71,0,2489,true,818, 815, 824, 829, 820, 814, 831, 862, 772, 838, 837, 815, 859, 850, 861,
72,0,2561,true,853, 794, 828, 906, 868, 889, 856, 845, 806, 847, 862, 877, 862, 846, 866,
73,0,2440,true,862, 801, 816, 786, 827, 805, 776, 794, 827, 784, 847, 825, 814, 832, 804,
74,0,2447,true,841, 776, 768, 863, 837, 788, 738, 880, 883, 829, 789, 837, 826, 817, 763,
75,0,2422,true,804, 764, 773, 844, 846, 846, 754, 790, 831, 752, 881, 832, 762, 842, 789,
76,0,2470,true,851, 827, 836, 754, 829, 824, 790, 851, 841, 797, 757, 884, 832, 854, 823,
77,0,2486,true,806, 819, 824, 866, 864, 801, 825, 848, 860, 828, 816, 798, 870, 811, 794,
78,0,2482,true,838, 824, 804, 791, 868, 791, 854, 794, 814, 804, 874, 835, 877, 844, 798,
79,0,2440,true,813, 855, 777, 860, 822, 807, 732, 787, 823, 790, 801, 856, 811, 863, 803,
80,0,2547,true,896, 854, 884, 813, 856, 830, 847, 826, 872, 849, 850, 860, 836, 833, 829,
81,0,2485,true,862, 857, 868, 806, 815, 864, 852, 845, 858, 856, 763, 802, 782, 795, 800,
82,0,2387,true,758, 749, 805, 781, 773, 832, 800, 783, 783, 791, 785, 805, 799, 840, 851,
83,0,2393,true,792, 851, 764, 799, 783, 815, 797, 866, 786, 775, 758, 771, 816, 791, 801,
84,0,2420,true,799, 798, 772, 751, 799, 798, 851, 837, 757, 831, 836, 786, 825, 802, 858,
85,0,2368,true,716, 815, 816, 781, 789, 749, 811, 815, 777, 821, 754, 841, 825, 769, 761,
86,0,2343,true,839, 751, 783, 847, 798, 751, 719, 786, 805, 736, 765, 831, 751, 794, 759,
87,0,2321,true,773, 729, 741, 763, 763, 782, 790, 820, 817, 761, 808, 749, 819, 774, 716,
88,0,2301,true,762, 793, 767, 714, 749, 763, 756, 732, 817, 751, 801, 740, 762, 797, 801,
89,0,2373,true,844, 856, 794, 767, 763, 741, 811, 745, 787, 822, 765, 764, 788, 775, 843,
90,0,2309,true,781, 777, 738, 781, 755, 759, 724, 817, 811, 740, 777, 771, 786, 777, 751,
91,0,2339,true,729, 808, 783, 767, 786, 773, 828, 843, 722, 832, 761, 762, 762, 742, 797,
92,0,2249,true,778, 725, 784, 732, 736, 755, 751, 734, 791, 730, 740, 743, 704, 811, 731,
93,0,2343,true,796, 770, 753, 817, 794, 757, 814, 771, 802, 821, 795, 777, 777, 721, 750,
94,0,2271,true,786, 743, 718, 765, 731, 814, 765, 741, 801, 718, 843, 760, 729, 714, 727,
95,0,2281,true,761, 714, 721, 781, 768, 748, 820, 802, 692, 775, 732, 751, 797, 750, 793,
96,0,2299,true,737, 829, 781, 719, 763, 777, 803, 752, 756, 741, 766, 743, 764, 769, 795,
97,0,2302,true,717, 756, 748, 799, 819, 751, 771, 744, 779, 805, 726, 764, 754, 767, 810,
98,0,2248,true,807, 752, 747, 703, 762, 718, 780, 730, 718, 722, 785, 799, 710, 738, 769,
99,0,2265,true,786, 796, 769, 707, 783, 760, 758, 736, 790, 782, 714, 773, 726, 677, 768,
100,0,2265,true,689, 765, 762, 756, 742, 758, 756, 783, 787, 772, 748, 741, 774, 736, 756,
101,0,2242,true,755, 729, 721, 711, 760, 753, 722, 776, 670, 785, 783, 740, 765, 798, 742,
102,0,2216,true,750, 769, 716, 706, 696, 788, 718, 637, 767, 719, 736, 698, 795, 834, 751,
103,0,2280,true,795, 751, 804, 773, 754, 783, 717, 785, 784, 766, 733, 714, 742, 708, 791,
104,0,2204,true,762, 732, 695, 714, 760, 766, 732, 717, 734, 706, 756, 762, 731, 708, 745,
105,0,2287,true,742, 760, 730, 764, 789, 811, 766, 737, 724, 737, 734, 775, 758, 818, 790,
106,0,2224,true,706, 780, 707, 706, 769, 654, 758, 788, 761, 714, 724, 786, 764, 737, 766,
107,0,2146,true,750, 736, 711, 655, 696, 665, 770, 776, 730, 687, 747, 742, 741, 613, 711,
108,0,2235,true,754, 715, 801, 759, 747, 707, 764, 744, 783, 777, 764, 711, 702, 679, 768,
109,0,2223,true,773, 773, 727, 726, 775, 747, 747, 762, 831, 723, 754, 682, 687, 716, 692,
110,0,2177,true,723, 678, 680, 689, 746, 797, 726, 763, 687, 717, 751, 753, 676, 743, 756,
111,0,2210,true,776, 713, 792, 717, 731, 743, 698, 754, 756, 703, 768, 726, 774, 684, 715,
112,0,2248,true,741, 798, 760, 740, 782, 722, 747, 772, 800, 723, 730, 693, 715, 793, 724,
113,0,2173,true,691, 688, 756, 776, 686, 707, 696, 773, 749, 723, 772, 698, 717, 740, 693,
114,0,2145,true,712, 749, 725, 698, 683, 722, 793, 772, 741, 682, 701, 647, 703, 689, 708,
115,0,2219,true,696, 761, 695, 784, 731, 708, 762, 709, 809, 779, 730, 746, 676, 796, 713,
116,0,2273,true,739, 750, 783, 788, 712, 764, 731, 742, 800, 767, 803, 743, 757, 726, 760,
117,0,2122,true,708, 717, 701, 728, 714, 726, 713, 688, 697, 684, 668, 758, 656, 714, 738,
118,0,2084,true,781, 745, 741, 724, 699, 638, 672, 631, 672, 684, 587, 733, 660, 704, 749,
119,0,2055,true,670, 694, 602, 686, 721, 741, 661, 687, 669, 714, 736, 681, 641, 746, 626,
120,0,2195,true,736, 736, 740, 713, 796, 709, 716, 742, 703, 748, 769, 740, 719, 675, 733,
121,0,2131,true,661, 679, 752, 700, 751, 742, 642, 732, 754, 706, 754, 742, 643, 694, 703,
122,0,2168,true,712, 746, 711, 721, 697, 743, 737, 682, 727, 782, 730, 758, 731, 676, 687,
123,0,2041,true,662, 695, 698, 677, 747, 648, 701, 600, 689, 664, 705, 615, 688, 680, 736,
124,0,2048,true,665, 731, 725, 641, 691, 698, 685, 689, 718, 641, 689, 664, 671, 696, 636,
125,0,2057,true,685, 691, 711, 622, 748, 640, 684, 638, 734, 743, 626, 676, 739, 656, 692,
126,0,1984,true,573, 650, 719, 610, 649, 697, 614, 699, 748, 630, 648, 683, 634, 644, 722,
127,0,1993,true,641, 688, 617, 726, 614, 635, 727, 638, 640, 662, 608, 679, 656, 684, 750,
128,0,2072,true,643, 766, 661, 749, 708, 746, 719, 690, 637, 693, 671, 683, 695, 688, 611,
129,0,1996,true,702, 644, 610, 687, 689, 690, 649, 621, 701, 654, 586, 737, 691, 660, 659,
130,0,2015,true,690, 657, 579, 651, 752, 690, 692, 712, 672, 660, 658, 630, 605, 700, 727,
131,0,1959,true,597, 605, 662, 685, 646, 628, 669, 688, 625, 667, 696, 688, 628, 675, 636,
132,0,1988,true,613, 715, 694, 620, 686, 673, 688, 631, 574, 627, 679, 679, 710, 705, 646,
133,0,1954,true,718, 680, 603, 714, 637, 664, 669, 618, 618, 624, 669, 600, 650, 671, 635,
134,0,1882,true,583, 569, 567, 627, 641, 565, 672, 622, 651, 704, 629, 708, 612, 614, 646,
135,0,1985,true,685, 677, 683, 679, 690, 606, 686, 666, 681, 612, 626, 723, 633, 612, 666,
136,0,2046,true,679, 642, 623, 648, 702, 670, 687, 632, 747, 726, 652, 657, 708, 717, 740,
137,0,1870,true,709, 616, 626, 615, 680, 592, 619, 573, 611, 656, 591, 658, 559, 606, 639,
138,0,1938,true,595, 627, 626, 613, 700, 693, 634, 666, 606, 749, 657, 644, 627, 593, 660,
139,0,1973,true,664, 640, 716, 658, 654, 658, 664, 648, 609, 673, 595, 635, 729, 633, 689,
140,0,2005,true,658, 684, 717, 686, 622, 596, 634, 703, 659, 645, 737, 707, 710, 670, 597,
141,0,1894,true,654, 707, 637, 697, 588, 639, 586, 588, 684, 616, 577, 563, 642, 663, 629,
142,0,1870,true,654, 554, 602, 587, 676, 630, 602, 646, 619, 664, 662, 567, 654, 627, 606,
143,0,1885,true,622, 594, 607, 605, 621, 635, 612, 639, 661, 603, 619, 613, 675, 669, 650,
144,0,1875,true,588, 605, 639, 660, 569, 661, 671, 597, 632, 612, 649, 646, 601, 580, 665,
145,0,1858,true,633, 645, 608, 565, 625, 613, 689, 588, 628, 659, 638, 610, 544, 644, 601,
146,0,1785,true,621, 648, 612, 578, 585, 602, 558, 586, 574, 547, 582, 572, 702, 528, 630,
147,0,1884,true,585, 593, 725, 621, 583, 680, 707, 576, 662, 610, 579, 566, 643, 656, 634,
148,0,1896,true,665, 597, 640, 668, 615, 642, 610, 595, 622, 621, 655, 562, 666, 621, 701,
149,0,1790,true,586, 608, 614, 607, 661, 558, 605, 595, 556, 613, 554, 646, 568, 561, 618,
150,0,1797,true,573, 593, 576, 642, 590, 629, 668, 647, 543, 626, 530, 643, 639, 541, 545,
151,0,1889,true,584, 617, 591, 591, 686, 658, 627, 592, 612, 593, 638, 659, 662, 681, 654,
152,0,1814,true,586, 560, 585, 585, 669, 646, 592, 582, 615, 653, 610, 604, 576, 587, 620,
153,0,1825,true,559, 542, 611, 575, 658, 545, 563, 620, 560, 676, 638, 601, 592, 726, 659,
154,0,1752,true,589, 553, 570, 552, 622, 593, 645, 590, 604, 557, 581, 496, 593, 594, 621,
155,0,1878,true,653, 700, 579, 578, 608, 618, 637, 688, 658, 675, 578, 581, 615, 614, 608,
156,0,1790,true,645, 636, 648, 580, 585, 580, 570, 543, 607, 560, 590, 615, 523, 651, 617,
157,0,1851,true,605, 635, 575, 629, 580, 592, 603, 614, 664, 551, 692, 636, 678, 627, 574,
158,0,1801,true,632, 605, 617, 577, 590, 632, 606, 548, 529, 554, 684, 612, 577, 656, 586,
159,0,1771,true,524, 702, 580, 626, 578, 591, 610, 624, 587, 581, 600, 514, 602, 617, 519,
160,0,1658,true,595, 481, 599, 520, 527, 567, 563, 496, 605, 549, 573, 530, 578, 559, 548,
161,0,1731,true,577, 516, 510, 586, 549, 612, 641, 515, 634, 641, 620, 562, 557, 597, 538,
162,0,1712,true,564, 566, 525, 603, 531, 631, 534, 610, 580, 586, 574, 544, 576, 583, 553,
163,0,1721,true,529, 507, 598, 554, 604, 610, 570, 572, 612, 597, 548, 576, 578, 622, 528,
164,0,1711,true,575, 611, 562, 659, 583, 528, 534, 530, 524, 588, 584, 575, 568, 569, 565,
165,0,1759,true,613, 571, 565, 574, 583, 637, 566, 598, 576, 625, 562, 671, 498, 567, 589,
166,0,1675,true,490, 578, 504, 616, 526, 666, 503, 564, 584, 608, 541, 477, 598, 559, 561,
167,0,1688,true,596, 546, 582, 538, 604, 557, 582, 575, 559, 569, 604, 499, 520, 578, 531,
168,0,1742,true,586, 561, 545, 618, 617, 535, 583, 584, 651, 596, 580, 567, 554, 544, 589,
169,0,1694,true,544, 561, 580, 595, 537, 497, 572, 560, 544, 623, 544, 570, 620, 602, 521,
170,0,1666,true,552, 535, 598, 548, 569, 540, 534, 579, 541, 514, 624, 555, 611, 525, 505,
171,0,1725,true,574, 514, 552, 589, 584, 533, 563, 594, 506, 589, 601, 622, 597, 595, 612,
172,0,1615,true,620, 562, 549, 508, 527, 574, 474, 534, 498, 532, 505, 578, 568, 520, 526,
173,0,1610,true,523, 566, 558, 519, 574, 573, 460, 478, 511, 544, 578, 630, 535, 508, 493,
174,0,1638,true,544, 609, 608, 503, 526, 514, 516, 607, 642, 579, 465, 557, 479, 519, 522,
175,0,1577,true,520, 504, 481, 490, 532, 531, 539, 522, 476, 519, 564, 500, 557, 574, 576,
176,0,1633,true,486, 570, 460, 595, 532, 641, 519, 532, 557, 552, 586, 537, 525, 558, 515,
177,0,1668,true,496, 526, 545, 528, 534, 580, 567, 608, 488, 557, 659, 541, 532, 551, 628,
178,0,1570,true,478, 445, 578, 573, 467, 508, 527, 555, 520, 519, 538, 579, 477, 538, 548,
179,0,1642,true,539, 526, 545, 577, 494, 538, 501, 623, 543, 538, 574, 550, 554, 535, 573,
180,0,1641,true,565, 546, 521, 592, 607, 526, 545, 596, 532, 530, 500, 499, 536, 575, 535,
181,0,1664,true,529, 562, 599, 483, 560, 540, 569, 557, 546, 579, 565, 594, 529, 590, 518,
182,0,1530,true,498, 521, 487, 492, 459, 537, 470, 443, 624, 524, 552, 464, 471, 513, 595,
183,0,1538,true,556, 503, 493, 540, 544, 502, 460, 547, 458, 530, 577, 447, 510, 504, 519,
184,0,1525,true,486, 509, 449, 524, 511, 438, 485, 524, 569, 535, 525, 527, 512, 523, 508,
185,0,1596,true,598, 484, 576, 559, 530, 472, 516, 519, 533, 527, 507, 569, 550, 516, 524,
186,0,1515,true,543, 541, 420, 536, 496, 465, 547, 494, 547, 520, 476, 485, 519, 520, 466,
187,0,1581,true,545, 491, 555, 498, 525, 588, 530, 456, 514, 546, 504, 526, 569, 496, 562,
188,0,1555,true,479, 476, 520, 500, 579, 509, 502, 581, 538, 485, 578, 525, 503, 467, 533,
189,0,1473,true,471, 482, 434, 448, 512, 567, 507, 506, 509, 525, 519, 443, 404, 539, 499,
190,0,1636,true,515, 573, 603, 502, 550, 518, 512, 570, 575, 520, 523, 574, 539, 589, 517,
191,0,1531,true,494, 459, 545, 501, 534, 553, 520, 515, 518, 513, 504, 474, 527, 494, 504,
192,0,1509,true,458, 512, 424, 482, 488, 506, 516, 489, 525, 471, 520, 555, 507, 589, 503,
193,0,1503,true,495, 544, 422, 458, 564, 510, 438, 498, 533, 528, 444, 522, 545, 559, 455,
194,0,1549,true,532, 478, 519, 504, 532, 484, 481, 519, 514, 487, 521, 533, 496, 560, 585,
195,0,1601,true,566, 526, 549, 498, 495, 525, 440, 544, 514, 564, 601, 543, 527, 590, 523,
196,0,1480,true,455, 511, 481, 475, 521, 467, 510, 528, 488, 581, 433, 505, 445, 533, 467,
197,0,1542,true,539, 464, 539, 547, 528, 436, 479, 505, 526, 538, 566, 476, 567, 529, 471,
198,0,1541,true,527, 580, 508, 485, 489, 550, 496, 519, 482, 533, 516, 547, 496, 462, 515,
199,0,1512,true,523, 505, 483, 504, 449, 548, 484, 433, 501, 559, 523, 523, 471, 519, 535,
200,0,1454,true,483, 393, 463, 528, 476, 538, 545, 487, 458, 504, 508, 462, 512, 404, 509,
201,0,1423,true,488, 518, 470, 491, 445, 486, 515, 498, 459, 477, 457, 442, 448, 416, 505,
202,0,1395,true,415, 443, 461, 524, 479, 453, 473, 491, 509, 392, 420, 447, 480, 559, 429,
203,0,1477,true,474, 476, 457, 545, 513, 555, 470, 488, 539, 480, 427, 536, 442, 534, 449,
204,0,1350,true,475, 393, 459, 440, 369, 472, 512, 466, 387, 440, 431, 502, 473, 451, 480,
205,0,1381,true,469, 478, 452, 487, 445, 491, 438, 426, 408, 402, 476, 475, 513, 469, 476,
206,0,1431,true,496, 467, 467, 450, 462, 485, 490, 503, 440, 447, 501, 509, 507, 456, 475,
207,0,1377,true,453, 419, 395, 445, 422, 451, 442, 508, 482, 442, 500, 459, 494, 487, 486,
208,0,1410,true,479, 461, 497, 559, 416, 422, 460, 448, 483, 461, 505, 437, 510, 441, 471,
209,0,1325,true,516, 379, 481, 472, 373, 422, 564, 464, 490, 418, 481, 361, 402, 402, 400,
210,0,1335,true,457, 392, 453, 489, 423, 490, 493, 434, 465, 438, 412, 425, 441, 407, 456,
211,0,1390,true,409, 458, 489, 466, 536, 482, 433, 479, 468, 454, 481, 491, 428, 458, 418,
212,0,1419,true,402, 530, 530, 463, 514, 474, 469, 463, 446, 424, 447, 462, 526, 482, 463,
213,0,1370,true,417, 475, 460, 481, 435, 423, 473, 476, 489, 515, 504, 362, 452, 459, 429,
214,0,1384,true,504, 425, 459, 528, 411, 477, 408, 501, 478, 518, 434, 462, 463, 436, 416,
215,0,1369,true,422, 486, 416, 480, 434, 459, 511, 419, 459, 433, 512, 471, 390, 443, 510,
216,0,1304,true,439, 466, 445, 527, 438, 415, 471, 501, 355, 407, 381, 428, 451, 345, 451,
217,0,1259,true,386, 496, 475, 456, 429, 394, 396, 398, 448, 387, 419, 436, 437, 352, 386,
218,0,1305,true,458, 444, 484, 447, 391, 411, 432, 421, 465, 446, 400, 501, 424, 354, 447,
219,0,1417,true,467, 428, 445, 493, 494, 484, 470, 477, 496, 502, 446, 452, 496, 466, 469,
220,0,1342,true,457, 415, 450, 407, 391, 518, 437, 457, 458, 490, 419, 472, 454, 456, 429,
221,0,1309,true,439, 475, 474, 363, 397, 480, 475, 443, 470, 423, 336, 447, 420, 477, 426,
222,0,1276,true,501, 458, 386, 430, 412, 449, 391, 414, 358, 502, 447, 446, 323, 456, 407,
223,0,1351,true,446, 409, 449, 442, 417, 435, 494, 429, 463, 471, 441, 476, 461, 469, 453,
224,0,1305,true,487, 536, 400, 471, 421, 402, 466, 482, 443, 435, 379, 426, 396, 343, 438,
225,0,1307,true,391, 497, 400, 471, 470, 432, 397, 466, 480, 408, 360, 463, 456, 408, 436,
226,0,1322,true,497, 426, 419, 463, 434, 446, 448, 419, 440, 478, 479, 440, 391, 426, 404,
227,0,1289,true,388, 397, 436, 377, 506, 447, 441, 461, 467, 437, 408, 406, 460, 361, 453,
228,0,1262,true,431, 477, 432, 447, 418, 407, 376, 418, 415, 382, 415, 430, 391, 435, 436,
229,0,1327,true,431, 455, 457, 440, 432, 418, 438, 437, 453, 429, 446, 510, 453, 399, 437,
230,0,1224,true,352, 394, 438, 322, 418, 395, 383, 439, 448, 432, 385, 371, 514, 425, 404,
231,0,1303,true,456, 460, 418, 446, 401, 398, 429, 396, 410, 415, 438, 417, 480, 496, 455,
232,0,1255,true,464, 378, 436, 392, 427, 394, 450, 404, 404, 406, 385, 464, 431, 414, 426,
233,0,1300,true,452, 363, 477, 447, 399, 446, 461, 455, 356, 459, 425, 484, 423, 388, 465,
234,0,1163,true,415, 375, 401, 402, 425, 343, 373, 349, 391, 417, 348, 351, 410, 424, 391,
235,0,1376,true,466, 508, 521, 422, 459, 430, 472, 437, 445, 508, 481, 369, 419, 486, 457,
236,0,1188,true,398, 401, 340, 396, 377, 442, 388, 439, 441, 306, 410, 446, 401, 401, 354,
237,0,1202,true,387, 436, 445, 378, 395, 373, 440, 341, 421, 395, 445, 353, 420, 394, 387,
238,0,1289,true,362, 480, 352, 435, 398, 466, 431, 437, 428, 413, 515, 436, 434, 439, 419,
239,0,1181,true,409, 321, 361, 450, 381, 351, 424, 367, 429, 390, 377, 380, 451, 431, 383,
240,0,1274,true,431, 445, 435, 419, 457, 422, 368, 443, 429, 412, 457, 414, 442, 416, 380,
241,0,1251,true,396, 374, 414, 457, 444, 430, 430, 344, 417, 403, 464, 402, 378, 445, 457,
242,0,1178,true,332, 415, 369, 457, 365, 361, 380, 341, 395, 443, 404, 496, 339, 412, 381,
243,0,1181,true,390, 370, 359, 389, 417, 368, 359, 470, 433, 378, 376, 473, 390, 360, 373,
244,0,1179,true,408, 468, 351, 445, 348, 369, 378, 405, 425, 366, 417, 381, 382, 380, 372,
245,0,1157,true,366, 333, 360, 462, 434, 424, 452, 379, 343, 438, 350, 327, 381, 370, 366,
246,0,1215,true,365, 405, 388, 419, 417, 408, 478, 405, 390, 426, 442, 355, 410, 391, 376,
247,0,1261,true,425, 392, 377, 432, 401, 369, 435, 397, 414, 394, 469, 457, 431, 471, 441,
248,0,1155,true,404, 366, 355, 386, 386, 411, 403, 384, 336, 340, 437, 391, 340, 402, 434,
249,0,1201,true,404, 380, 355, 490, 403, 452, 484, 390, 381, 354, 350, 382, 398, 414, 368,
250,0,1230,true,341, 427, 429, 407, 443, 391, 386, 367, 486, 436, 385, 421, 424, 347, 460,
251,0,1114,true,370, 359, 376, 337, 296, 405, 471, 422, 347, 377, 300, 380, 360, 411, 359,
252,0,1099,true,368, 371, 338, 425, 347, 323, 407, 350, 356, 357, 300, 379, 363, 426, 385,
253,0,1128,true,385, 322, 459, 421, 389, 371, 383, 383, 352, 337, 394, 338, 361, 381, 364,
254,0,1043,true,341, 383, 338, 353, 285, 336, 343, 384, 359, 301, 348, 341, 374, 322, 407,
255,0,1117,true,466, 407, 418, 346, 349, 360, 399, 329, 387, 359, 323, 393, 364, 324, 361,
256,0,1159,true,368, 409, 423, 396, 397, 379, 348, 350, 405, 354, 390, 395, 385, 402, 394,
257,0,1051,true,335, 354, 331, 332, 403, 309, 359, 329, 354, 347, 310, 394, 383, 358, 357,
258,0,1073,true,322, 429, 304, 354, 368, 385, 338, 321, 364, 342, 379, 343, 365, 381, 370,
259,0,1164,true,425, 336, 367, 328, 370, 395, 433, 366, 426, 446, 415, 374, 369, 416, 354,
260,0,1105,true,388, 355, 338, 366, 363, 417, 398, 436, 332, 376, 340, 361, 373, 337, 345,
261,0,1064,true,453, 317, 333, 355, 352, 324, 334, 372, 363, 364, 362, 299, 334, 360, 398,
262,0,1129,true,398, 357, 292, 335, 380, 366, 375, 374, 396, 358, 431, 367, 396, 477, 343,
263,0,1096,true,387, 411, 383, 334, 404, 423, 345, 358, 362, 342, 349, 394, 327, 362, 299,
264,0,1059,true,353, 346, 342, 381, 330, 320, 321, 352, 357, 390, 372, 397, 318, 385, 331,
265,0,1058,true,367, 337, 337, 421, 324, 371, 234, 340, 370, 410, 377, 374, 391, 307, 330,
266,0,1118,true,397, 320, 371, 368, 366, 439, 389, 363, 375, 360, 387, 368, 383, 327, 377,
267,0,1126,true,378, 343, 347, 391, 368, 376, 330, 392, 332, 377, 449, 412, 352, 360, 423,
268,0,1082,true,322, 354, 338, 377, 428, 378, 358, 355, 360, 322, 339, 458, 379, 335, 307,
269,0,1083,true,304, 393, 323, 367, 415, 354, 354, 382, 369, 415, 381, 366, 303, 357, 332,
270,0,1029,true,342, 375, 288, 325, 343, 313, 344, 387, 350, 269, 381, 329, 443, 318, 338,
271,0,1063,true,395, 361, 339, 399, 354, 344, 367, 350, 296, 357, 355, 295, 368, 361, 374,
272,0,1034,true,362, 314, 364, 294, 404, 363, 355, 372, 315, 345, 297, 291, 346, 382, 366,
273,0,978,true,285, 343, 320, 365, 366, 308, 375, 347, 309, 314, 359, 312, 296, 310, 281,
274,0,1057,true,338, 405, 367, 356, 363, 312, 373, 325, 360, 270, 355, 364, 336, 367, 394,
275,0,989,true,322, 410, 365, 315, 293, 303, 338, 301, 403, 270, 365, 325, 322, 330, 283,
276,0,1028,true,355, 376, 339, 293, 365, 353, 373, 351, 306, 328, 325, 354, 318, 342, 362,
277,0,1075,true,361, 326, 387, 309, 336, 369, 350, 345, 421, 391, 362, 391, 350, 336, 341,
278,0,969,true,322, 343, 321, 331, 318, 346, 353, 347, 354, 337, 271, 270, 328, 324, 280,
279,0,1038,true,349, 352, 316, 278, 327, 386, 351, 353, 381, 349, 367, 316, 370, 356, 339,
280,0,997,true,346, 309, 335, 337, 310, 347, 376, 443, 311, 261, 305, 321, 352, 334, 298,
281,0,1005,true,315, 321, 318, 316, 291, 330, 328, 394, 333, 415, 329, 330, 332, 373, 300,
282,0,977,true,321, 373, 290, 368, 330, 344, 239, 289, 384, 364, 272, 335, 318, 324, 334,
283,0,1005,true,298, 389, 345, 330, 399, 321, 330, 342, 298, 348, 338, 313, 330, 322, 322,
284,0,1044,true,368, 398, 314, 417, 352, 318, 325, 354, 314, 362, 335, 329, 301, 389, 344,
285,0,1045,true,362, 362, 361, 286, 276, 404, 357, 323, 313, 351, 429, 398, 314, 375, 314,
286,0,994,true,326, 345, 361, 301, 334, 309, 402, 370, 350, 281, 282, 327, 316, 367, 299,
287,0,922,true,364, 261, 337, 353, 314, 271, 371, 289, 306, 293, 283, 268, 295, 288, 317,
288,0,1076,true,358, 366, 364, 307, 360, 325, 357, 378, 330, 364, 380, 356, 369, 384, 382,
289,0,956,true,324, 258, 337, 351, 359, 333, 310, 322, 253, 307, 274, 254, 352, 356, 390,
290,0,940,true,313, 319, 308, 331, 331, 295, 288, 298, 351, 267, 343, 360, 326, 303, 267,
291,0,924,true,322, 311, 297, 324, 288, 306, 278, 338, 302, 322, 306, 333, 257, 278, 358,
292,0,916,true,308, 337, 304, 269, 331, 295, 311, 274, 298, 322, 292, 321, 342, 306, 270,
293,0,920,true,347, 372, 338, 271, 364, 274, 258, 253, 273, 313, 288, 359, 295, 306, 289,
294,0,920,true,342, 281, 306, 285, 288, 344, 361, 356, 247, 256, 335, 250, 302, 361, 286,
295,0,918,true,296, 354, 291, 328, 270, 306, 296, 319, 276, 327, 301, 292, 339, 298, 297,
296,0,885,true,301, 284, 321, 283, 312, 284, 301, 303, 307, 229, 254, 273, 309, 336, 328,
297,0,930,true,313, 296, 325, 311, 340, 246, 297, 383, 306, 351, 285, 326, 309, 271, 291,
298,0,913,true,294, 301, 293, 272, 282, 346, 300, 329, 332, 327, 359, 309, 340, 222, 259,
299,0,848,true,248, 281, 311, 321, 260, 319, 310, 261, 297, 259, 270, 255, 295, 268, 285,
300,0,891,true,311, 283, 305, 320, 288, 260, 284, 299, 304, 346, 306, 308, 274, 245, 322,
301,0,956,true,299, 337, 310, 315, 323, 275, 279, 310, 316, 362, 332, 320, 350, 361, 291,
302,0,935,true,275, 324, 300, 301, 299, 299, 399, 291, 338, 276, 323, 318, 348, 296, 288,
303,0,889,true,363, 243, 320, 309, 276, 327, 268, 308, 283, 288, 314, 282, 327, 282, 255,
304,0,903,true,290, 314, 312, 255, 317, 343, 288, 290, 263, 317, 331, 321, 329, 268, 277,
305,0,888,true,279, 291, 336, 283, 357, 328, 377, 288, 239, 312, 271, 301, 278, 261, 239,
306,0,906,true,302, 306, 319, 273, 281, 293, 300, 319, 246, 277, 330, 333, 292, 334, 325,
307,0,860,true,271, 275, 296, 281, 241, 333, 305, 289, 259, 291, 300, 309, 296, 274, 280,
308,0,842,true,274, 305, 239, 278, 290, 293, 346, 242, 235, 259, 249, 270, 273, 359, 298,
309,0,871,true,261, 243, 335, 297, 307, 323, 254, 324, 310, 288, 262, 308, 265, 296, 282,
310,0,865,true,375, 307, 274, 288, 273, 284, 240, 259, 291, 324, 268, 257, 336, 250, 299,
311,0,888,true,283, 274, 314, 343, 301, 254, 261, 343, 324, 319, 241, 305, 299, 286, 293,
312,0,820,true,311, 306, 302, 261, 287, 251, 285, 253, 265, 255, 271, 270, 264, 218, 301,
313,0,828,true,330, 251, 265, 270, 273, 267, 273, 296, 322, 310, 216, 282, 247, 308, 230,
314,0,783,true,230, 281, 220, 290, 214, 230, 217, 283, 335, 300, 249, 242, 248, 306, 270,
315,0,790,true,274, 286, 318, 336, 221, 284, 226, 287, 222, 244, 225, 214, 299, 276, 238,
316,0,908,true,301, 285, 306, 303, 333, 279, 286, 300, 264, 317, 263, 317, 359, 317, 310,
317,0,800,true,329, 290, 262, 217, 219, 268, 265, 229, 284, 261, 274, 272, 275, 293, 262,
318,0,791,true,251, 247, 247, 258, 245, 231, 246, 300, 312, 327, 216, 271, 284, 281, 239,
319,0,816,true,265, 238, 279, 252, 306, 266, 293, 281, 239, 267, 272, 305, 245, 308, 264,
320,0,828,true,280, 304, 303, 287, 261, 298, 255, 264, 264, 239, 255, 258, 320, 286, 266,
321,0,795,true,250, 279, 303, 252, 262, 232, 256, 267, 233, 301, 254, 304, 280, 255, 247,
322,0,871,true,294, 323, 318, 332, 267, 218, 312, 329, 263, 276, 290, 300, 269, 274, 290,
323,0,791,true,269, 236, 263, 260, 269, 279, 327, 301, 198, 297, 258, 223, 215, 274, 286,
324,0,761,true,267, 264, 254, 257, 337, 213, 250, 257, 197, 262, 256, 291, 255, 247, 198,
325,0,810,true,278, 280, 253, 251, 263, 270, 317, 247, 296, 255, 246, 258, 251, 308, 277,
326,0,821,true,291, 276, 314, 264, 261, 370, 233, 251, 288, 230, 264, 261, 311, 223, 268,
327,0,762,true,256, 294, 199, 284, 278, 229, 266, 285, 242, 231, 261, 282, 226, 236, 241,
328,0,793,true,291, 274, 246, 270, 309, 260, 271, 244, 277, 229, 285, 229, 273, 237, 270,
329,0,804,true,297, 240, 236, 247, 297, 271, 282, 227, 235, 293, 329, 216, 305, 250, 295,
330,0,859,true,311, 272, 277, 299, 259, 251, 259, 310, 220, 308, 303, 315, 318, 360, 233,
331,0,787,true,245, 254, 275, 269, 262, 306, 248, 281, 253, 250, 267, 202, 307, 265, 251,
332,0,744,true,243, 260, 288, 257, 270, 252, 229, 236, 243, 266, 248, 245, 236, 241, 206,
333,0,732,true,255, 202, 205, 235, 261, 224, 268, 291, 260, 230, 252, 264, 244, 247, 222,
334,0,722,true,303, 252, 233, 218, 264, 219, 267, 218, 214, 218, 219, 250, 263, 239, 233,
335,0,705,true,248, 250, 189, 232, 247, 206, 192, 298, 251, 217, 298, 220, 218, 235, 224,
336,0,712,true,243, 218, 152, 195, 227, 229, 314, 210, 226, 229, 212, 240, 315, 281, 269,
337,0,726,true,282, 278, 212, 224, 279, 239, 250, 233, 238, 212, 211, 247, 247, 257, 221,
338,0,751,true,248, 243, 249, 267, 245, 263, 289, 286, 233, 259, 226, 222, 254, 192, 279,
339,0,694,true,218, 278, 271, 199, 256, 237, 209, 220, 229, 257, 246, 196, 252, 225, 177,
340,0,712,true,208, 282, 204, 234, 233, 267, 221, 242, 233, 212, 263, 255, 264, 233, 209,
341,0,815,true,349, 228, 287, 244, 228, 275, 300, 278, 266, 287, 285, 312, 256, 238, 242,
342,0,757,true,254, 265, 214, 202, 252, 256, 215, 296, 262, 295, 238, 248, 249, 279, 260,
343,0,777,true,273, 298, 216, 296, 240, 247, 210, 293, 254, 286, 227, 258, 261, 303, 223,
344,0,765,true,281, 276, 218, 220, 292, 252, 268, 225, 269, 294, 242, 263, 244, 238, 243,
345,0,693,true,243, 210, 254, 245, 263, 222, 247, 261, 223, 220, 178, 238, 253, 244, 164,
346,0,669,true,198, 214, 231, 253, 215, 229, 207, 220, 241, 197, 229, 235, 258, 220, 198,
347,0,709,true,264, 229, 222, 232, 228, 214, 240, 185, 248, 262, 261, 226, 215, 222, 297,
348,0,683,true,232, 212, 204, 228, 221, 223, 246, 191, 290, 180, 249, 235, 198, 255, 251,
349,0,711,true,244, 220, 236, 232, 236, 241, 268, 218, 256, 227, 238, 265, 191, 198, 285,
350,0,692,true,233, 235, 278, 171, 262, 260, 227, 233, 212, 236, 245, 228, 191, 197, 252,
351,0,687,true,241, 212, 199, 209, 255, 226, 238, 204, 244, 214, 224, 229, 208, 279, 253,
352,0,726,true,214, 246, 236, 291, 251, 212, 228, 224, 270, 270, 259, 264, 225, 235, 205,
353,0,663,true,251, 167, 214, 198, 219, 223, 211, 183, 262, 199, 305, 206, 231, 163, 283,
354,0,686,true,247, 185, 253, 252, 219, 191, 232, 250, 238, 204, 230, 232, 272, 210, 215,
355,0,674,true,198, 231, 227, 203, 231, 228, 201, 195, 203, 231, 227, 227, 248, 239, 281,
356,0,672,true,216, 220, 266, 182, 270, 240, 257, 247, 215, 220, 147, 207, 263, 193, 217,
357,0,657,true,192, 185, 234, 206, 221, 204, 276, 177, 230, 201, 228, 202, 223, 261, 245,
358,0,677,true,258, 190, 224, 194, 219, 205, 216, 261, 255, 256, 230, 246, 183, 225, 223,
359,0,711,true,227, 209, 256, 242, 226, 243, 252, 217, 261, 204, 276, 212, 253, 202, 275,
360,0,648,true,198, 247, 217, 180, 215, 213, 218, 214, 229, 203, 208, 237, 243, 214, 204,
361,0,671,true,227, 213, 207, 216, 194, 225, 248, 189, 260, 260, 215, 208, 261, 246, 186,
362,0,636,true,205, 233, 201, 165, 199, 205, 198, 228, 198, 291, 188, 223, 195, 216, 235,
363,0,756,true,308, 226, 284, 272, 254, 256, 249, 224, 266, 220, 230, 254, 199, 286, 252,
364,0,647,true,194, 234, 229, 264, 196, 218, 262, 204, 152, 209, 180, 213, 218, 228, 234,
365,0,627,true,191, 240, 173, 270, 179, 204, 207, 189, 232, 209, 235, 211, 183, 217, 195,
366,0,596,true,192, 226, 201, 223, 187, 210, 194, 213, 142, 237, 186, 157, 200, 231, 181,
367,0,634,true,238, 247, 199, 224, 182, 222, 190, 193, 143, 221, 235, 230, 179, 203, 264,
368,0,682,true,224, 209, 215, 222, 225, 240, 209, 268, 226, 200, 271, 208, 215, 227, 251,
369,0,593,true,201, 189, 222, 201, 216, 144, 213, 266, 223, 206, 178, 209, 177, 163, 157,
370,0,658,true,187, 290, 237, 213, 200, 193, 242, 235, 240, 206, 195, 219, 239, 178, 216,
371,0,648,true,189, 220, 201, 214, 204, 211, 233, 228, 231, 227, 226, 213, 214, 235, 194,
372,0,585,true,186, 191, 184, 224, 177, 203, 197, 222, 152, 198, 188, 224, 184, 182, 213,
373,0,578,true,148, 175, 182, 166, 181, 186, 160, 191, 206, 231, 229, 247, 199, 197, 192,
374,0,618,true,199, 198, 227, 197, 235, 194, 155, 152, 211, 179, 195, 233, 231, 250, 234,
375,0,675,true,194, 182, 236, 207, 207, 245, 225, 287, 261, 235, 209, 241, 212, 181, 253,
376,0,599,true,187, 208, 215, 207, 166, 249, 214, 210, 227, 148, 172, 182, 165, 240, 205,
377,0,576,true,181, 230, 192, 175, 202, 182, 145, 203, 203, 177, 161, 224, 185, 175, 245,
378,0,581,true,197, 189, 185, 193, 192, 160, 237, 159, 172, 182, 232, 178, 210, 188, 231,
379,0,608,true,181, 190, 227, 267, 178, 195, 153, 242, 167, 185, 182, 214, 216, 218, 225,
380,0,624,true,176, 203, 247, 189, 199, 220, 212, 228, 185, 200, 187, 229, 194, 247, 204,
381,0,585,true,182, 187, 200, 214, 201, 220, 198, 194, 170, 186, 197, 211, 228, 176, 161,
382,0,577,true,204, 191, 160, 160, 232, 217, 148, 214, 161, 218, 154, 232, 209, 200, 185,
383,0,598,true,166, 220, 204, 257, 229, 180, 177, 241, 212, 200, 194, 194, 173, 180, 163,
384,0,581,true,243, 209, 179, 167, 170, 190, 215, 192, 180, 221, 187, 202, 173, 195, 182,
385,0,571,true,152, 162, 180, 208, 186, 204, 195, 176, 241, 182, 176, 207, 208, 175, 203,
386,0,546,true,212, 206, 167, 179, 160, 198, 157, 202, 193, 146, 224, 140, 187, 171, 188,
387,0,550,true,230, 183, 173, 171, 212, 153, 249, 214, 164, 164, 148, 187, 165, 158, 179,
388,0,610,true,204, 176, 246, 161, 196, 215, 224, 224, 195, 185, 231, 215, 198, 175, 205,
389,0,546,true,162, 179, 198, 133, 169, 204, 157, 220, 191, 199, 176, 166, 224, 195, 157,
390,0,587,true,153, 199, 212, 205, 214, 205, 217, 252, 228, 175, 198, 187, 99, 222, 169,
391,0,546,true,157, 175, 215, 210, 198, 166, 165, 177, 169, 228, 188, 222, 139, 175, 146,
392,0,551,true,148, 170, 211, 180, 164, 174, 222, 180, 183, 191, 178, 189, 164, 234, 167,
393,0,594,true,181, 217, 221, 179, 148, 248, 200, 191, 172, 222, 202, 182, 203, 190, 214,
394,0,582,true,203, 165, 184, 208, 192, 185, 209, 181, 229, 182, 218, 193, 173, 193, 195,
395,0,550,true,145, 192, 178, 185, 197, 169, 175, 201, 195, 238, 145, 185, 171, 228, 146,
396,0,544,true,154, 179, 163, 181, 209, 185, 148, 153, 204, 133, 246, 168, 189, 180, 228,
397,0,508,true,132, 174, 208, 160, 161, 165, 149, 150, 148, 198, 161, 164, 170, 205, 195,
398,0,551,true,177, 197, 168, 149, 148, 165, 217, 202, 189, 149, 172, 207, 235, 178, 202,
399,0,536,true,214, 133, 219, 172, 189, 178, 183, 172, 136, 190, 176, 247, 152, 185, 134,
400,0,572,true,165, 148, 225, 190, 168, 207, 183, 188, 295, 182, 168, 216, 170, 195, 160,
401,0,569,true,183, 173, 179, 166, 211, 209, 181, 210, 183, 186, 178, 182, 255, 180, 169,
402,0,503,true,171, 163, 172, 183, 160, 136, 191, 140, 202, 153, 171, 140, 181, 144, 208,
403,0,567,true,177, 168, 174, 224, 186, 181, 234, 190, 187, 189, 204, 175, 171, 196, 179,
404,0,557,true,191, 179, 186, 215, 204, 209, 195, 160, 192, 166, 153, 199, 164, 192, 180,
405,0,513,true,192, 158, 202, 157, 178, 203, 184, 149, 143, 177, 157, 186, 177, 168, 134,
406,0,569,true,200, 144, 175, 228, 157, 185, 155, 159, 197, 208, 179, 192, 237, 224, 205,
407,0,535,true,177, 181, 149, 182, 181, 227, 161, 200, 139, 144, 228, 205, 166, 161, 174,
408,0,459,true,148, 130, 174, 102, 155, 131, 155, 141, 178, 138, 173, 145, 189, 175, 161,
409,0,526,true,148, 174, 193, 165, 175, 197, 175, 164, 175, 143, 150, 244, 163, 204, 160,
410,0,461,true,187, 147, 154, 133, 143, 132, 156, 171, 183, 184, 122, 158, 145, 150, 140,
411,0,521,true,206, 227, 176, 139, 190, 139, 189, 141, 186, 184, 147, 151, 150, 178, 202,
412,0,521,true,218, 170, 167, 144, 136, 170, 175, 205, 176, 147, 181, 165, 177, 186, 188,
413,0,502,true,201, 177, 192, 151, 144, 163, 159, 169, 153, 182, 160, 139, 175, 166, 179,
414,0,504,true,184, 184, 155, 170, 179, 181, 134, 146, 168, 181, 223, 141, 142, 151, 181,
415,0,506,true,159, 164, 158, 150, 178, 191, 190, 153, 149, 181, 168, 180, 170, 141, 198,
416,0,521,true,183, 168, 174, 163, 169, 165, 176, 193, 198, 192, 153, 169, 139, 188, 175,
417,0,464,true,150, 129, 141, 150, 130, 128, 182, 158, 141, 175, 169, 129, 197, 150, 191,
418,0,493,true,153, 176, 180, 154, 170, 151, 167, 129, 159, 197, 155, 164, 148, 196, 166,
419,0,475,true,182, 164, 167, 169, 152, 148, 153, 141, 126, 148, 169, 117, 162, 192, 185,
420,0,517,true,192, 163, 187, 168, 192, 155, 143, 168, 168, 154, 177, 178, 147, 207, 186,
421,0,483,true,135, 174, 153, 144, 154, 138, 163, 189, 183, 162, 197, 166, 182, 158, 117,
422,0,490,true,148, 166, 180, 174, 158, 181, 166, 181, 190, 173, 128, 163, 132, 167, 143,
423,0,456,true,170, 128, 146, 133, 130, 207, 123, 125, 127, 181, 159, 169, 162, 166, 154,
424,0,477,true,169, 177, 167, 165, 148, 189, 155, 181, 173, 155, 152, 131, 148, 148, 127,
425,0,479,true,165, 147, 169, 186, 152, 154, 182, 136, 162, 163, 143, 155, 161, 148, 172,
426,0,534,true,184, 157, 180, 153, 200, 215, 161, 167, 199, 192, 190, 181, 162, 176, 153,
427,0,464,true,130, 171, 161, 183, 141, 159, 164, 136, 188, 153, 157, 119, 172, 138, 148,
428,0,494,true,165, 196, 144, 201, 140, 166, 147, 147, 164, 162, 189, 156, 193, 170, 130,
429,0,492,true,159, 173, 189, 160, 138, 158, 147, 170, 127, 162, 188, 148, 193, 185, 163,
430,0,452,true,147, 174, 134, 149, 130, 154, 124, 148, 154, 146, 142, 191, 171, 162, 134,
431,0,479,true,157, 188, 153, 148, 151, 173, 150, 133, 136, 151, 186, 155, 174, 186, 154,
432,0,429,true,162, 132, 162, 131, 118, 161, 158, 145, 112, 126, 165, 131, 171, 113, 158,
433,0,450,true,130, 161, 115, 112, 130, 116, 175, 154, 148, 213, 138, 148, 185, 159, 166,
434,0,444,true,163, 124, 167, 134, 141, 138, 115, 144, 131, 156, 186, 141, 151, 143, 186,
435,0,420,true,142, 141, 160, 132, 125, 155, 142, 132, 133, 172, 119, 144, 118, 143, 142,
436,0,414,true,144, 158, 142, 162, 116, 160, 133, 110, 105, 138, 139, 128, 135, 124, 176,
437,0,462,true,187, 145, 171, 138, 152, 193, 143, 169, 110, 166, 174, 125, 133, 123, 181,
438,0,433,true,153, 149, 124, 158, 147, 160, 159, 138, 130, 137, 137, 159, 126, 174, 114,
439,0,453,true,152, 201, 188, 163, 145, 125, 124, 122, 183, 123, 162, 144, 130, 143, 160,
440,0,428,true,131, 170, 150, 134, 130, 128, 128, 165, 157, 147, 126, 123, 132, 162, 157,
441,0,462,true,134, 143, 136, 156, 153, 175, 187, 149, 170, 164, 115, 144, 156, 130, 198,
442,0,471,true,160, 144, 148, 138, 149, 160, 153, 178, 181, 182, 158, 164, 156, 137, 147,
443,0,448,true,127, 144, 146, 117, 167, 156, 170, 137, 140, 133, 170, 160, 180, 155, 138,
444,0,416,true,138, 146, 141, 148, 121, 122, 139, 106, 178, 155, 129, 143, 169, 105, 140,
445,0,432,true,132, 155, 116, 167, 143, 107, 144, 134, 155, 165, 153, 166, 130, 146, 147,
446,0,429,true,130, 168, 118, 104, 121, 162, 179, 168, 181, 139, 123, 148, 115, 134, 155,
447,0,399,true,131, 140, 163, 121, 143, 149, 144, 119, 92, 122, 156, 150, 115, 118, 132,
448,0,401,true,124, 143, 116, 146, 135, 143, 125, 117, 163, 105, 123, 166, 151, 126, 122,
449,0,401,true,116, 141, 123, 149, 103, 144, 160, 181, 114, 126, 114, 153, 122, 132, 127,
450,0,438,true,163, 146, 190, 121, 122, 137, 140, 155, 135, 153, 184, 172, 128, 117, 127,
451,0,380,true,124, 160, 121, 162, 130, 118, 118, 116, 147, 110, 124, 118, 106, 113, 133,
452,0,423,true,127, 103, 158, 161, 131, 139, 147, 135, 150, 157, 138, 129, 133, 170, 137,
453,0,421,true,143, 131, 148, 116, 146, 157, 185, 153, 168, 117, 116, 106, 143, 135, 141,
454,0,384,true,129, 125, 113, 117, 149, 139, 134, 128, 121, 116, 124, 113, 108, 162, 142,
455,0,456,true,159, 160, 175, 143, 133, 173, 138, 139, 152, 177, 124, 145, 168, 116, 178,
456,0,354,true,117, 118, 132, 127, 121, 97, 104, 127, 134, 128, 119, 119, 102, 120, 105,
457,0,355,true,106, 130, 137, 147, 99, 123, 112, 137, 107, 101, 96, 97, 154, 106, 123,
458,0,380,true,110, 124, 153, 105, 105, 121, 115, 162, 141, 118, 123, 137, 148, 133, 105,
459,0,395,true,150, 143, 127, 162, 134, 116, 123, 118, 155, 109, 128, 114, 132, 123, 141,
460,0,367,true,121, 117, 120, 162, 142, 149, 127, 120, 96, 105, 118, 129, 113, 121, 95,
461,0,394,true,139, 149, 171, 132, 125, 116, 133, 97, 176, 108, 143, 107, 114, 116, 144,
462,0,350,true,111, 127, 123, 96, 116, 118, 116, 126, 120, 130, 103, 100, 121, 105, 138,
463,0,374,true,177, 126, 112, 117, 102, 109, 133, 126, 100, 134, 139, 104, 154, 109, 128,
464,0,362,true,104, 166, 116, 111, 140, 102, 115, 107, 112, 126, 110, 128, 129, 120, 124,
465,0,339,true,106, 106, 108, 126, 115, 114, 107, 102, 83, 113, 140, 120, 125, 117, 113,
466,0,384,true,124, 139, 133, 131, 128, 113, 130, 133, 134, 125, 160, 140, 96, 129, 105,
467,0,379,true,163, 127, 111, 124, 129, 124, 145, 131, 126, 128, 100, 116, 102, 125, 144,
468,0,366,true,132, 110, 114, 114, 170, 130, 128, 95, 106, 101, 144, 108, 123, 128, 127,
469,0,345,true,112, 124, 128, 111, 108, 119, 115, 95, 117, 135, 102, 139, 92, 88, 140,
470,0,354,true,141, 101, 121, 137, 98, 122, 101, 111, 105, 130, 103, 130, 127, 123, 120,
471,0,348,true,66, 166, 127, 139, 108, 90, 120, 97, 139, 107, 135, 91, 99, 100, 156,
472,0,351,true,108, 126, 119, 140, 125, 119, 89, 112, 120, 129, 109, 90, 130, 127, 112,
473,0,380,true,138, 151, 106, 117, 135, 145, 133, 139, 125, 121, 130, 88, 135, 119, 118,
474,0,348,true,125, 92, 109, 124, 95, 92, 106, 103, 111, 113, 154, 102, 152, 151, 111,
475,0,358,true,74, 146, 112, 91, 141, 127, 122, 160, 99, 103, 158, 111, 105, 128, 113,
476,0,369,true,140, 94, 122, 112, 91, 114, 148, 117, 122, 105, 140, 146, 122, 139, 133,
477,0,378,true,139, 93, 113, 129, 121, 125, 138, 138, 85, 112, 169, 130, 135, 104, 159,
478,0,355,true,101, 85, 139, 158, 110, 119, 116, 113, 116, 112, 119, 93, 108, 143, 143,
479,0,324,true,96, 101, 123, 94, 147, 114, 81, 94, 142, 103, 100, 103, 79, 104, 139,
480,0,357,true,108, 139, 148, 109, 122, 97, 105, 125, 151, 127, 129, 110, 105, 109, 101,
481,0,323,true,111, 110, 99, 83, 98, 142, 106, 108, 120, 90, 84, 95, 94, 156, 119,
482,0,343,true,122, 107, 113, 115, 115, 106, 90, 117, 107, 138, 105, 136, 128, 103, 113,
483,0,333,true,116, 89, 129, 110, 89, 118, 112, 110, 109, 111, 115, 94, 101, 120, 142,
484,0,349,true,133, 130, 113, 132, 89, 100, 116, 123, 119, 96, 132, 106, 114, 107, 135,
485,0,335,true,120, 84, 111, 109, 112, 98, 121, 101, 127, 91, 129, 136, 117, 99, 120,
486,0,331,true,103, 133, 149, 113, 106, 132, 101, 123, 74, 101, 110, 106, 106, 116, 82,
487,0,347,true,114, 128, 105, 118, 116, 96, 82, 76, 124, 128, 100, 145, 142, 129, 132,
488,0,303,true,130, 94, 87, 100, 118, 100, 120, 98, 72, 117, 101, 75, 105, 99, 99,
489,0,334,true,106, 115, 139, 68, 79, 106, 111, 102, 112, 114, 134, 126, 107, 131, 120,
490,0,324,true,103, 104, 130, 97, 103, 105, 127, 113, 101, 141, 97, 93, 115, 87, 104,
491,0,291,true,91, 94, 95, 88, 93, 72, 100, 103, 87, 112, 103, 106, 114, 101, 96,
492,0,314,true,138, 108, 101, 123, 94, 75, 117, 102, 91, 121, 88, 111, 70, 131, 100,
493,0,302,true,119, 82, 111, 90, 105, 110, 90, 113, 82, 93, 90, 77, 117, 110, 121,
494,0,324,true,138, 110, 91, 115, 107, 96, 95, 136, 119, 93, 102, 117, 96, 103, 102,
495,0,306,true,100, 120, 80, 74, 98, 85, 92, 102, 110, 105, 125, 105, 86, 99, 149,
496,0,310,true,103, 108, 95, 77, 100, 111, 114, 84, 91, 96, 102, 123, 126, 125, 95,
497,0,313,true,96, 82, 132, 142, 106, 79, 112, 76, 106, 117, 95, 86, 127, 92, 117,
498,0,307,true,92, 99, 79, 105, 102, 105, 97, 113, 112, 93, 84, 94, 125, 103, 132,
499,0,290,true,98, 92, 73, 101, 80, 94, 70, 99, 106, 129, 74, 142, 83, 105, 104,
500,0,345,true,117, 130, 149, 125, 88, 95, 88, 116, 95, 116, 150, 96, 123, 101, 136,
501,0,314,true,134, 121, 98, 95, 121, 88, 122, 100, 87, 104, 130, 82, 111, 91, 86,
502,0,313,true,94, 139, 107, 117, 121, 126, 85, 91, 109, 106, 78, 96, 108, 96, 92,
503,0,290,true,103, 100, 152, 115, 91, 83, 95, 108, 84, 82, 73, 79, 108, 75, 102,
504,0,297,true,89, 89, 100, 122, 72, 73, 88, 93, 87, 130, 101, 116, 98, 102, 125,
505,0,290,true,144, 92, 97, 96, 127, 66, 77, 88, 77, 103, 86, 88, 113, 92, 104,
506,0,294,true,110, 92, 107, 98, 105, 120, 116, 67, 95, 78, 83, 94, 96, 81, 128,
507,0,297,true,110, 98, 121, 112, 78, 87, 70, 106, 78, 82, 78, 131, 101, 119, 114,
508,0,277,true,71, 76, 122, 103, 72, 89, 105, 97, 102, 82, 80, 97, 85, 105, 99,
509,0,267,true,74, 77, 105, 67, 111, 101, 100, 66, 93, 108, 106, 78, 83, 68, 98,
510,0,297,true,96, 98, 77, 115, 93, 120, 104, 86, 112, 117, 124, 89, 89, 93, 72,
511,0,330,true,105, 125, 133, 120, 113, 93, 125, 106, 110, 127, 122, 80, 100, 73, 118,
512,0,272,true,94, 113, 99, 111, 105, 74, 77, 95, 77, 77, 105, 88, 85, 87, 73,
513,0,287,true,78, 105, 77, 102, 83, 96, 119, 102, 109, 79, 96, 96, 111, 109, 73,
514,0,288,true,100, 95, 109, 107, 89, 89, 83, 84, 94, 99, 96, 116, 72, 113, 94,
515,0,261,true,85, 97, 92, 69, 78, 73, 83, 91, 88, 101, 84, 77, 95, 102, 90,
516,0,280,true,100, 107, 82, 103, 114, 88, 83, 75, 78, 79, 109, 85, 82, 106, 109,
517,0,291,true,81, 88, 98, 80, 93, 96, 100, 112, 106, 67, 88, 131, 102, 100, 113,
518,0,288,true,88, 86, 108, 86, 96, 99, 71, 101, 106, 102, 88, 97, 118, 102, 92,
519,0,272,true,86, 96, 87, 73, 54, 92, 90, 90, 113, 91, 95, 113, 99, 94, 87,
520,0,308,true,114, 127, 114, 113, 92, 95, 88, 99, 125, 107, 78, 79, 98, 88, 123,
521,0,272,true,108, 62, 92, 71, 85, 66, 90, 80, 94, 87, 76, 119, 112, 94, 124,
522,0,270,true,101, 88, 76, 98, 121, 93, 69, 80, 67, 99, 89, 80, 76, 117, 96,
523,0,288,true,123, 87, 97, 99, 102, 94, 71, 87, 86, 94, 80, 117, 86, 110, 107,
524,0,254,true,106, 75, 74, 68, 108, 72, 108, 75, 76, 77, 95, 99, 60, 90, 87,
525,0,265,true,86, 78, 104, 89, 80, 97, 74, 107, 75, 65, 93, 102, 81, 120, 74,
526,0,288,true,103, 91, 101, 74, 97, 101, 112, 77, 93, 106, 74, 99, 106, 98, 108,
527,0,271,true,91, 98, 86, 113, 97, 87, 79, 90, 93, 84, 77, 87, 96, 97, 80,
528,0,276,true,110, 101, 105, 82, 84, 108, 103, 72, 89, 68, 86, 91, 98, 85, 98,
529,0,249,true,100, 82, 83, 83, 68, 77, 84, 88, 94, 77, 100, 103, 68, 65, 73,
530,0,281,true,81, 124, 67, 84, 95, 98, 85, 86, 88, 117, 112, 75, 77, 101, 115,
531,0,273,true,99, 107, 66, 77, 102, 115, 71, 90, 82, 102, 113, 103, 76, 108, 54,
532,0,234,true,87, 97, 66, 71, 67, 70, 60, 87, 83, 68, 83, 76, 88, 82, 85,
533,0,222,true,67, 67, 92, 69, 78, 73, 70, 69, 66, 57, 86, 74, 80, 83, 79,
534,0,237,true,100, 75, 62, 87, 76, 82, 61, 81, 109, 85, 86, 77, 61, 83, 60,
535,0,273,true,69, 80, 105, 93, 81, 116, 91, 99, 75, 88, 100, 88, 119, 73, 88,
536,0,247,true,79, 81, 66, 95, 119, 79, 66, 101, 82, 79, 72, 80, 69, 78, 89,
537,0,217,true,67, 95, 89, 81, 70, 67, 71, 68, 62, 82, 61, 72, 73, 64, 63,
538,0,265,true,90, 85, 89, 83, 114, 66, 100, 102, 84, 91, 81, 73, 74, 86, 107,
539,0,239,true,86, 88, 72, 47, 79, 91, 66, 72, 108, 64, 100, 74, 85, 63, 100,
540,0,250,true,78, 100, 78, 89, 86, 86, 78, 75, 87, 96, 58, 97, 76, 82, 84,
541,0,262,true,78, 76, 87, 82, 83, 81, 75, 92, 89, 93, 109, 73, 111, 90, 91,
542,0,240,true,84, 72, 83, 103, 84, 89, 72, 58, 78, 89, 71, 103, 73, 65, 76,
543,0,234,true,68, 48, 121, 94, 82, 86, 79, 70, 79, 86, 78, 69, 65, 90, 55,
544,0,236,true,84, 89, 58, 66, 84, 103, 83, 69, 69, 78, 90, 55, 83, 82, 87,
545,0,230,true,64, 78, 86, 83, 83, 59, 82, 82, 57, 88, 63, 88, 72, 68, 97,
546,0,228,true,60, 100, 94, 77, 88, 78, 49, 68, 79, 94, 73, 78, 60, 65, 77,
547,0,239,true,67, 112, 54, 73, 76, 73, 91, 85, 74, 85, 61, 94, 82, 98, 70,
548,0,230,true,60, 62, 69, 70, 85, 81, 84, 75, 86, 75, 66, 80, 76, 69, 112,
549,0,210,true,73, 55, 93, 61, 68, 69, 64, 70, 77, 57, 83, 78, 90, 55, 57,
550,0,275,true,100, 92, 100, 109, 74, 96, 85, 75, 76, 88, 106, 106, 86, 104, 78,
551,0,231,true,90, 69, 95, 81, 71, 78, 79, 68, 61, 81, 75, 90, 57, 67, 93,
552,0,218,true,52, 82, 83, 59, 78, 78, 81, 95, 81, 47, 65, 75, 70, 69, 75,
553,0,232,true,106, 91, 86, 68, 69, 116, 73, 81, 63, 65, 71, 65, 72, 54, 80,
554,0,239,true,77, 58, 75, 68, 90, 90, 87, 82, 69, 71, 63, 93, 96, 87, 89,
555,0,212,true,81, 68, 66, 60, 63, 77, 77, 52, 76, 84, 80, 79, 84, 70, 43,
556,0,231,true,49, 77, 87, 85, 98, 75, 70, 90, 118, 69, 63, 73, 78, 61, 62,
557,0,243,true,93, 83, 62, 101, 57, 69, 64, 71, 84, 78, 83, 91, 115, 82, 82,
558,0,208,true,60, 49, 79, 68, 43, 65, 87, 67, 99, 75, 57, 78, 80, 74, 59,
559,0,227,true,92, 68, 100, 64, 69, 73, 96, 52, 83, 75, 80, 76, 68, 61, 78,
560,0,206,true,53, 82, 72, 33, 69, 78, 48, 75, 70, 66, 62, 106, 81, 79, 56,
561,0,214,true,76, 94, 65, 68, 86, 54, 61, 101, 71, 38, 60, 76, 69, 74, 77,
562,0,201,true,44, 53, 64, 71, 78, 52, 74, 81, 68, 52, 63, 71, 77, 90, 67,
563,0,221,true,60, 60, 77, 94, 82, 86, 74, 94, 65, 68, 74, 65, 73, 68, 65,
564,0,195,true,59, 94, 57, 43, 64, 70, 62, 35, 61, 71, 63, 85, 88, 79, 44,
565,0,212,true,46, 74, 80, 71, 104, 70, 79, 65, 83, 59, 64, 64, 51, 81, 69,
566,0,202,true,45, 64, 61, 95, 69, 60, 62, 55, 64, 55, 68, 105, 80, 65, 62,
567,0,212,true,84, 78, 73, 66, 66, 52, 53, 69, 59, 89, 74, 53, 86, 70, 88,
568,0,235,true,103, 66, 81, 87, 95, 101, 58, 61, 62, 60, 81, 71, 68, 97, 84,
569,0,222,true,63, 60, 81, 59, 80, 70, 91, 72, 55, 73, 59, 94, 97, 78, 78,
570,0,224,true,68, 61, 94, 54, 92, 67, 92, 75, 79, 74, 39, 87, 67, 99, 72,
571,0,209,true,70, 70, 67, 67, 72, 64, 61, 54, 62, 88, 68, 74, 83, 62, 83,
572,0,193,true,49, 83, 58, 67, 63, 71, 59, 71, 66, 68, 72, 79, 57, 53, 49,
573,0,197,true,59, 77, 58, 78, 92, 76, 58, 49, 77, 62, 59, 48, 68, 59, 65,
574,0,194,true,69, 62, 59, 62, 69, 59, 88, 71, 60, 45, 84, 56, 58, 63, 65,
575,0,207,true,79, 85, 78, 58, 65, 58, 64, 65, 68, 56, 86, 53, 75, 65, 80,
576,0,184,true,81, 56, 56, 76, 68, 55, 66, 41, 64, 44, 41, 63, 74, 72, 63,
577,0,205,true,88, 83, 83, 54, 48, 94, 58, 72, 57, 87, 49, 74, 63, 51, 64,
578,0,189,true,51, 85, 92, 57, 57, 53, 59, 63, 52, 63, 46, 73, 56, 57, 81,
579,0,184,true,61, 27, 53, 61, 55, 74, 85, 57, 71, 73, 55, 70, 62, 55, 61,
580,0,179,true,68, 60, 67, 58, 66, 52, 53, 64, 54, 58, 45, 48, 76, 69, 57,
581,0,193,true,58, 67, 74, 49, 74, 56, 81, 58, 71, 47, 58, 63, 85, 60, 64,
582,0,179,true,62, 47, 55, 70, 57, 64, 65, 65, 59, 74, 62, 55, 46, 40, 74,
583,0,185,true,63, 47, 67, 52, 55, 55, 47, 57, 55, 92, 68, 43, 81, 85, 58,
584,0,164,false,53, 70, 57, 61, 60, 71, 31, 49, 46, 55, 58, 36, 55, 71, 47,
585,0,165,true,48, 44, 60, 44, 56, 71, 52, 58, 48, 63, 55, 42, 74, 49, 61,
586,0,159,true,50, 46, 52, 37, 75, 69, 66, 42, 56, 48, 43, 53, 43, 58, 57,
587,0,167,true,43, 36, 36, 73, 55, 68, 61, 53, 58, 49, 68, 68, 67, 52, 48,
588,0,174,true,58, 51, 40, 57, 46, 67, 70, 62, 54, 75, 36, 82, 60, 52, 60,
589,0,164,true,59, 61, 42, 51, 54, 44, 73, 47, 47, 62, 51, 53, 56, 53, 67,
590,0,190,true,83, 69, 58, 56, 51, 57, 68, 69, 68, 64, 57, 51, 73, 74, 52,
591,0,184,true,57, 60, 59, 50, 58, 73, 75, 54, 45, 69, 60, 68, 59, 67, 66,
592,0,176,true,70, 76, 53, 61, 56, 62, 48, 47, 70, 50, 55, 70, 55, 59, 48,
593,0,185,true,87, 85, 45, 61, 59, 63, 63, 60, 51, 63, 84, 41, 38, 70, 55,
594,0,189,true,81, 69, 71, 66, 52, 51, 63, 60, 50, 66, 74, 65, 55, 47, 75,
595,0,178,true,51, 55, 65, 69, 51, 52, 60, 44, 73, 58, 48, 58, 66, 78, 62,
596,0,178,true,55, 46, 92, 68, 69, 58, 67, 57, 50, 54, 61, 52, 52, 55, 54,
597,0,176,true,59, 46, 67, 40, 68, 64, 53, 65, 49, 52, 78, 64, 53, 56, 66,
598,0,157,true,53, 67, 55, 57, 43, 38, 49, 51, 48, 62, 46, 71, 50, 49, 46,
599,0,180,true,43, 56, 65, 67, 57, 69, 53, 81, 77, 44, 68, 62, 68, 37, 53,
600,0,159,true,52, 37, 55, 60, 67, 63, 56, 50, 39, 39, 72, 55, 52, 52, 46,
601,0,168,true,52, 62, 58, 69, 50, 45, 48, 61, 35, 64, 68, 43, 54, 67, 64,
602,0,155,true,58, 58, 53, 43, 70, 52, 52, 60, 50, 47, 51, 48, 41, 48, 44,
603,0,168,true,49, 47, 70, 55, 51, 57, 38, 74, 63, 53, 60, 66, 41, 60, 56,
604,0,184,true,61, 87, 71, 68, 45, 64, 42, 54, 59, 45, 69, 66, 61, 54, 74,
605,0,161,true,90, 44, 61, 41, 47, 38, 50, 62, 47, 51, 50, 55, 45, 43, 81,
606,0,149,false,61, 78, 37, 55, 43, 55, 30, 33, 69, 63, 39, 47, 43, 50, 42,
607,0,167,true,65, 44, 70, 67, 54, 46, 56, 59, 74, 33, 39, 52, 79, 44, 53,
608,0,160,true,49, 64, 52, 52, 60, 72, 40, 55, 51, 53, 48, 57, 47, 48, 52,
609,0,148,true,55, 38, 64, 39, 46, 37, 43, 50, 39, 57, 70, 46, 53, 41, 62,
610,0,177,true,59, 59, 53, 63, 50, 58, 51, 65, 60, 38, 64, 68, 64, 62, 71,
611,0,161,true,49, 49, 58, 59, 67, 66, 29, 37, 59, 42, 68, 48, 67, 61, 46,
612,0,177,true,49, 53, 76, 75, 44, 45, 50, 46, 63, 60, 74, 67, 64, 66, 53,
613,0,155,true,37, 59, 64, 43, 60, 46, 44, 59, 44, 41, 42, 69, 39, 64, 64,
614,0,177,true,57, 69, 67, 61, 78, 56, 66, 50, 60, 54, 72, 50, 49, 37, 59,
615,0,144,true,38, 51, 58, 60, 33, 37, 39, 49, 47, 52, 55, 33, 68, 56, 44,
616,0,155,true,56, 33, 60, 63, 50, 44, 59, 48, 57, 41, 54, 55, 55, 45, 55,
617,0,150,true,53, 49, 39, 44, 46, 45, 46, 61, 61, 48, 44, 57, 65, 59, 33,
618,0,150,true,34, 35, 61, 61, 57, 53, 57, 57, 58, 46, 47, 44, 40, 50, 50,
619,0,145,true,38, 61, 52, 44, 43, 65, 55, 58, 60, 45, 34, 39, 42, 39, 50,
620,0,141,false,49, 51, 57, 45, 46, 58, 37, 39, 56, 45, 51, 46, 29, 39, 57,
621,0,166,true,37, 58, 51, 59, 64, 53, 47, 49, 74, 46, 45, 78, 56, 48, 65,
622,0,131,true,54, 33, 36, 54, 50, 33, 41, 39, 39, 69, 35, 53, 46, 34, 39,
623,0,140,true,39, 50, 52, 42, 54, 41, 51, 36, 56, 49, 62, 43, 43, 39, 43,
624,0,153,true,58, 58, 61, 53, 31, 45, 49, 43, 52, 54, 42, 36, 63, 78, 42,
625,0,143,true,41, 55, 43, 32, 59, 56, 62, 50, 33, 46, 34, 59, 50, 62, 33,
626,0,155,true,53, 39, 42, 41, 43, 63, 58, 25, 59, 75, 48, 70, 45, 64, 50,
627,0,136,true,44, 45, 37, 37, 39, 60, 49, 64, 53, 33, 51, 47, 39, 27, 55,
628,0,129,true,37, 45, 35, 43, 41, 19, 61, 44, 37, 44, 36, 44, 64, 32, 63,
629,0,146,true,71, 52, 48, 34, 53, 42, 62, 49, 46, 35, 50, 52, 45, 50, 41,
630,0,135,true,36, 34, 40, 41, 49, 46, 56, 31, 49, 43, 55, 53, 53, 36, 53,
631,0,163,true,54, 47, 45, 53, 61, 66, 57, 47, 59, 48, 67, 37, 60, 71, 43,
632,0,146,true,35, 69, 47, 57, 55, 44, 48, 42, 61, 34, 56, 51, 38, 52, 41,
633,0,141,true,39, 52, 53, 51, 46, 35, 50, 47, 25, 40, 34, 49, 62, 53, 69,
634,0,136,true,25, 48, 40, 69, 53, 50, 53, 52, 35, 28, 47, 55, 44, 38, 43,
635,0,134,true,64, 54, 37, 44, 41, 47, 64, 54, 46, 36, 38, 40, 35, 32, 38,
636,0,135,true,62, 58, 53, 38, 35, 36, 42, 53, 43, 41, 46, 37, 41, 57, 33,
637,0,135,true,34, 43, 33, 49, 40, 38, 50, 48, 35, 37, 61, 51, 43, 72, 41,
638,0,129,true,35, 67, 48, 40, 35, 36, 45, 57, 45, 33, 58, 42, 27, 33, 44,
639,0,137,true,34, 41, 38, 33, 57, 35, 63, 45, 44, 50, 63, 37, 54, 34, 57,
640,0,131,true,60, 43, 48, 37, 27, 44, 54, 29, 52, 34, 41, 49, 45, 47, 45,
641,0,133,true,58, 46, 52, 54, 59, 25, 42, 33, 23, 44, 39, 38, 44, 58, 50,
642,0,129,true,29, 61, 40, 46, 37, 41, 46, 39, 39, 53, 42, 39, 60, 31, 42,
643,0,118,true,32, 34, 43, 53, 43, 37, 28, 36, 42, 37, 44, 30, 31, 47, 53,
644,0,144,true,31, 50, 56, 42, 48, 40, 48, 42, 50, 57, 56, 45, 56, 46, 53,
645,0,131,false,50, 21, 35, 37, 51, 46, 46, 42, 44, 42, 62, 58, 33, 36, 52,
646,0,126,true,48, 37, 31, 47, 45, 23, 39, 53, 57, 30, 51, 28, 37, 47, 57,
647,0,135,true,54, 38, 30, 37, 29, 41, 56, 53, 39, 66, 55, 40, 39, 53, 45,
648,0,117,true,28, 34, 54, 37, 40, 30, 42, 53, 54, 39, 26, 42, 40, 33, 33,
649,0,118,true,43, 36, 55, 33, 39, 37, 35, 25, 55, 42, 53, 20, 43, 34, 40,
650,0,123,true,33, 55, 32, 35, 48, 42, 46, 33, 35, 38, 45, 55, 43, 49, 26,
651,0,115,true,45, 37, 36, 47, 40, 38, 35, 32, 46, 52, 35, 23, 33, 33, 43,
652,0,108,true,40, 28, 42, 28, 55, 40, 26, 29, 24, 48, 47, 33, 35, 28, 37,
653,0,143,true,32, 46, 49, 57, 37, 49, 44, 57, 41, 43, 53, 50, 34, 55, 68,
654,0,153,true,51, 59, 63, 49, 54, 46, 56, 60, 38, 50, 43, 60, 45, 54, 37,
655,0,127,true,42, 47, 53, 52, 32, 47, 39, 44, 42, 47, 35, 49, 40, 33, 33,
656,0,108,true,37, 44, 54, 43, 29, 20, 41, 33, 31, 28, 36, 40, 33, 34, 37,
657,0,120,true,28, 38, 40, 41, 36, 37, 44, 48, 46, 46, 35, 46, 36, 49, 30,
658,0,110,false,27, 51, 39, 60, 45, 36, 42, 20, 40, 35, 49, 27, 21, 25, 33,
659,0,107,false,45, 47, 45, 22, 34, 44, 27, 40, 42, 34, 30, 24, 31, 40, 30,
660,0,116,true,48, 20, 41, 56, 35, 47, 31, 43, 33, 56, 33, 37, 30, 26, 44,
661,0,124,true,37, 37, 61, 49, 49, 54, 26, 56, 31, 39, 43, 45, 30, 30, 33,
662,0,132,true,52, 40, 60, 47, 58, 48, 31, 23, 42, 42, 42, 52, 39, 41, 43,
663,0,111,true,39, 40, 36, 40, 50, 25, 30, 46, 36, 41, 30, 30, 42, 32, 38,
664,0,104,true,29, 29, 40, 43, 53, 25, 26, 25, 33, 40, 39, 39, 27, 33, 39,
665,0,126,true,34, 51, 39, 39, 39, 39, 59, 34, 32, 51, 30, 45, 44, 41, 53,
666,0,106,true,33, 38, 38, 37, 26, 29, 34, 27, 34, 48, 31, 38, 42, 40, 35,
667,0,103,true,39, 36, 33, 24, 53, 31, 28, 36, 35, 31, 49, 32, 31, 20, 37,
668,0,109,true,45, 48, 31, 42, 28, 40, 25, 43, 45, 29, 42, 39, 24, 28, 36,
669,0,119,true,42, 45, 50, 45, 34, 42, 45, 27, 35, 53, 39, 32, 37, 43, 26,
670,0,104,true,28, 29, 25, 32, 32, 41, 49, 37, 35, 42, 46, 36, 28, 38, 22,
671,0,101,false,38, 39, 32, 39, 27, 26, 35, 17, 32, 29, 43, 32, 42, 44, 30,
672,0,103,false,35, 34, 19, 23, 43, 36, 49, 32, 21, 34, 33, 35, 49, 24, 48,
673,0,99,false,36, 37, 33, 43, 21, 40, 27, 38, 29, 36, 34, 31, 34, 29, 27,
674,0,103,true,41, 33, 33, 26, 38, 41, 40, 37, 34, 39, 19, 34, 30, 43, 27,
675,0,119,true,36, 31, 34, 55, 24, 58, 46, 37, 24, 38, 35, 63, 35, 38, 41,
676,0,106,true,36, 42, 30, 44, 39, 40, 37, 34, 25, 16, 45, 34, 32, 44, 32,
677,0,109,true,32, 45, 35, 46, 39, 31, 41, 34, 34, 35, 34, 34, 38, 33, 34,
678,0,100,false,37, 30, 22, 17, 35, 34, 33, 27, 31, 38, 24, 36, 48, 48, 40,
679,0,100,true,40, 43, 32, 34, 45, 29, 23, 35, 19, 28, 33, 34, 31, 34, 40,
680,0,102,true,37, 35, 24, 36, 40, 44, 21, 32, 31, 32, 31, 27, 41, 36, 43,
681,0,100,true,25, 24, 31, 44, 43, 41, 30, 40, 32, 36, 37, 23, 27, 31, 36,
682,0,100,true,34, 34, 36, 31, 33, 24, 30, 33, 37, 43, 32, 36, 33, 35, 29,
683,0,108,true,40, 45, 28, 34, 35, 43, 29, 26, 24, 38, 38, 32, 37, 45, 46,
684,0,104,true,39, 32, 31, 26, 28, 50, 32, 38, 34, 25, 28, 43, 34, 41, 39,
685,0,104,true,24, 33, 52, 27, 44, 23, 37, 40, 36, 36, 46, 28, 38, 24, 32,
686,0,109,true,43, 27, 48, 35, 24, 32, 29, 34, 30, 40, 36, 48, 34, 44, 41,
687,0,113,true,41, 41, 42, 40, 27, 44, 30, 31, 55, 28, 45, 26, 42, 33, 40,
688,0,82,true,27, 21, 18, 12, 36, 32, 34, 29, 39, 18, 21, 23, 37, 29, 34,
689,0,89,false,25, 33, 35, 24, 23, 31, 29, 39, 43, 33, 28, 23, 17, 25, 37,
690,0,100,true,21, 40, 37, 37, 44, 28, 43, 30, 35, 29, 32, 38, 22, 33, 31,
691,0,94,true,37, 35, 31, 30, 31, 18, 24, 37, 36, 38, 30, 33, 37, 21, 32,
692,0,95,true,24, 29, 28, 37, 27, 30, 39, 45, 40, 24, 25, 25, 42, 34, 26,
693,0,87,true,35, 29, 25, 33, 34, 38, 20, 41, 28, 23, 26, 30, 21, 32, 20,
694,0,105,true,40, 31, 34, 41, 49, 41, 33, 28, 32, 29, 33, 39, 35, 21, 39,
695,0,100,true,35, 23, 39, 25, 27, 40, 31, 40, 49, 35, 40, 27, 35, 22, 32,
696,0,83,true,22, 23, 15, 28, 27, 26, 20, 29, 38, 39, 23, 34, 28, 38, 25,
697,0,88,false,38, 14, 24, 34, 34, 35, 28, 25, 37, 38, 28, 31, 20, 20, 34,
698,0,96,true,28, 37, 26, 37, 40, 28, 26, 49, 17, 29, 34, 39, 28, 35, 27,
699,0,96,true,30, 25, 44, 35, 36, 45, 32, 29, 19, 35, 29, 24, 28, 24, 45,
700,0,96,false,51, 35, 30, 26, 30, 28, 47, 35, 28, 35, 22, 33, 16, 23, 41,
701,0,89,false,32, 36, 26, 18, 23, 25, 31, 32, 33, 27, 27, 24, 42, 32, 37,
702,0,90,true,31, 32, 28, 23, 38, 27, 27, 34, 30, 39, 34, 24, 23, 38, 22,
703,0,91,true,31, 36, 39, 44, 20, 36, 26, 29, 29, 26, 36, 26, 34, 26, 17,
704,0,83,true,31, 22, 28, 33, 26, 22, 20, 27, 29, 25, 34, 31, 27, 25, 35,
705,0,89,false,33, 29, 25, 28, 33, 40, 29, 16, 37, 20, 33, 32, 29, 25, 36,
706,0,83,true,25, 43, 25, 31, 32, 25, 16, 37, 21, 36, 18, 21, 35, 21, 29,
707,0,87,true,35, 19, 24, 30, 35, 33, 26, 27, 36, 32, 16, 27, 37, 29, 29,
708,0,91,true,32, 29, 28, 29, 29, 29, 38, 27, 31, 31, 17, 42, 29, 22, 42,
709,0,81,true,18, 27, 23, 25, 34, 33, 25, 33, 32, 39, 28, 24, 26, 17, 21,
710,0,84,true,22, 35, 37, 31, 15, 27, 24, 44, 26, 29, 25, 21, 30, 25, 29,
711,0,82,false,15, 27, 34, 28, 29, 29, 33, 23, 26, 24, 22, 36, 35, 19, 30,
712,0,89,true,31, 36, 35, 23, 19, 31, 34, 38, 25, 25, 17, 33, 33, 39, 26,
713,0,87,true,20, 30, 26, 41, 37, 23, 20, 35, 33, 26, 29, 22, 24, 44, 25,
714,0,82,true,33, 38, 32, 24, 19, 19, 32, 26, 32, 26, 37, 22, 29, 23, 18,
715,0,82,true,24, 37, 24, 26, 29, 24, 23, 29, 34, 16, 28, 24, 33, 30, 29,
716,0,83,true,24, 22, 32, 26, 21, 36, 24, 32, 40, 23, 24, 18, 34, 35, 24,
717,0,84,true,21, 22, 39, 38, 39, 15, 26, 32, 28, 30, 25, 24, 28, 19, 34,
718,0,90,true,29, 19, 37, 28, 25, 48, 27, 18, 33, 27, 31, 39, 37, 27, 25,
719,0,85,true,24, 23, 28, 40, 40, 26, 36, 22, 19, 38, 10, 19, 28, 32, 40,
720,0,78,true,24, 18, 31, 32, 27, 28, 25, 25, 24, 26, 24, 32, 16, 28, 30,
721,0,77,true,32, 27, 16, 25, 23, 31, 31, 19, 27, 34, 19, 20, 40, 20, 21,
722,0,82,true,25, 29, 21, 32, 20, 36, 28, 20, 36, 24, 36, 27, 17, 31, 28,
723,0,82,true,37, 32, 26, 34, 24, 23, 26, 33, 24, 17, 24, 37, 32, 22, 19,
724,0,73,true,23, 20, 28, 31, 17, 28, 19, 26, 24, 23, 20, 31, 28, 26, 21,
725,0,75,false,11, 23, 23, 25, 40, 15, 26, 26, 31, 23, 30, 27, 25, 25, 25,
726,0,75,true,14, 18, 25, 29, 19, 26, 20, 31, 28, 28, 26, 30, 20, 29, 32,
727,0,72,true,33, 18, 25, 24, 29, 25, 15, 32, 30, 17, 19, 20, 23, 29, 21,
728,0,73,true,21, 18, 24, 20, 30, 16, 29, 23, 40, 21, 27, 23, 22, 19, 32,
729,0,71,true,24, 32, 24, 18, 28, 16, 18, 31, 32, 18, 30, 21, 19, 23, 21,
730,0,77,true,19, 24, 17, 25, 28, 34, 25, 23, 36, 20, 39, 21, 24, 15, 35,
731,0,90,true,31, 36, 28, 34, 31, 40, 30, 29, 33, 37, 13, 33, 30, 28, 17,
732,0,84,true,27, 32, 42, 19, 29, 29, 25, 27, 14, 28, 23, 35, 32, 34, 24,
733,0,81,true,21, 27, 24, 27, 23, 30, 27, 16, 29, 30, 28, 39, 17, 30, 37,
734,0,75,true,28, 30, 25, 21, 27, 21, 22, 37, 27, 22, 22, 23, 15, 31, 24,
735,0,76,false,24, 22, 25, 30, 29, 35, 26, 10, 36, 16, 28, 21, 35, 15, 28,
736,0,84,true,34, 37, 36, 42, 24, 32, 28, 22, 13, 21, 23, 25, 23, 31, 29,
737,0,75,true,24, 13, 19, 39, 19, 17, 19, 22, 39, 30, 46, 12, 29, 20, 27,
738,0,74,true,21, 22, 17, 27, 42, 20, 25, 26, 20, 25, 19, 31, 28, 22, 25,
739,0,75,true,20, 25, 30, 26, 22, 21, 25, 25, 28, 22, 20, 25, 25, 35, 26,
740,0,77,false,10, 16, 32, 14, 50, 32, 27, 27, 21, 24, 32, 33, 22, 20, 25,
741,0,64,true,23, 14, 27, 16, 29, 15, 18, 24, 30, 26, 26, 24, 13, 15, 20,
742,0,64,true,17, 29, 27, 17, 28, 16, 21, 18, 22, 22, 26, 16, 16, 26, 19,
743,0,69,true,13, 12, 15, 44, 30, 22, 24, 26, 20, 29, 19, 17, 29, 23, 22,
744,0,69,true,21, 24, 17, 29, 26, 25, 27, 21, 14, 20, 15, 24, 26, 19, 37,
745,0,64,false,19, 20, 17, 18, 14, 17, 27, 23, 11, 30, 30, 21, 28, 22, 23,
746,0,59,false,17, 11, 16, 22, 22, 15, 23, 29, 17, 18, 20, 21, 23, 12, 29,
747,0,78,true,23, 24, 26, 20, 20, 18, 18, 24, 30, 20, 31, 23, 35, 33, 45,
748,0,64,true,16, 25, 23, 23, 27, 29, 25, 24, 13, 18, 15, 20, 19, 14, 29,
749,0,67,true,16, 29, 34, 18, 15, 15, 22, 20, 20, 23, 37, 17, 26, 18, 25,
750,0,62,true,29, 36, 17, 13, 16, 23, 20, 24, 12, 34, 22, 15, 21, 14, 14,
751,0,61,false,27, 16, 13, 32, 16, 17, 22, 21, 25, 18, 12, 22, 23, 21, 20,
752,0,73,true,30, 20, 11, 22, 36, 14, 30, 31, 28, 20, 33, 21, 12, 21, 36,
753,0,59,true,16, 27, 22, 15, 30, 25, 14, 17, 12, 11, 25, 28, 16, 21, 16,
754,0,67,true,26, 20, 20, 33, 15, 23, 17, 18, 23, 19, 32, 28, 19, 25, 17,
755,0,65,true,22, 18, 27, 18, 30, 19, 19, 13, 19, 26, 29, 27, 19, 15, 24,
756,0,62,true,22, 13, 25, 29, 17, 21, 20, 21, 18, 15, 12, 21, 29, 25, 22,
757,0,56,false,12, 14, 25, 19, 23, 25, 17, 19, 25, 13, 24, 13, 13, 21, 17,
758,0,60,false,10, 11, 16, 11, 17, 23, 13, 22, 25, 23, 25, 23, 26, 30, 25,
759,0,62,true,22, 25, 19, 21, 23, 23, 21, 23, 19, 12, 22, 20, 17, 24, 19,
760,0,70,false,25, 27, 21, 19, 26, 24, 24, 25, 21, 9, 26, 26, 25, 29, 23,
761,0,64,true,26, 19, 22, 24, 18, 18, 23, 14, 22, 14, 25, 29, 27, 15, 24,
762,0,57,true,19, 15, 16, 18, 14, 21, 18, 19, 13, 23, 24, 22, 20, 19, 24,
763,0,56,false,19, 10, 17, 24, 18, 26, 28, 10, 26, 14, 18, 13, 17, 23, 17,
764,0,64,true,19, 25, 18, 19, 23, 21, 28, 24, 20, 34, 16, 17, 17, 17, 22,
765,0,55,false,33, 17, 15, 14, 20, 13, 16, 9, 14, 25, 26, 20, 16, 20, 17,
766,0,58,true,14, 12, 21, 30, 18, 22, 20, 29, 12, 17, 23, 23, 16, 21, 12,
767,0,60,true,17, 20, 27, 21, 28, 16, 28, 19, 11, 36, 19, 13, 14, 19, 12,
768,0,61,false,14, 18, 11, 23, 26, 26, 28, 22, 12, 25, 21, 24, 19, 20, 16,
769,0,52,true,21, 23, 8, 13, 16, 10, 17, 22, 17, 25, 15, 16, 18, 21, 18,
770,0,62,true,22, 12, 28, 26, 22, 21, 14, 15, 14, 21, 20, 21, 24, 21, 29,
771,0,56,false,22, 19, 17, 22, 5, 12, 25, 26, 17, 27, 15, 28, 15, 13, 17,
772,0,69,true,22, 29, 14, 20, 15, 27, 29, 30, 34, 21, 19, 20, 23, 23, 19,
773,0,54,true,30, 10, 25, 22, 17, 14, 19, 18, 20, 13, 12, 19, 21, 14, 16,
774,0,48,true,25, 12, 25, 9, 15, 4, 21, 10, 13, 13, 19, 17, 20, 23, 14,
775,0,61,true,31, 21, 15, 20, 22, 23, 19, 15, 11, 22, 29, 17, 12, 20, 28,
776,0,60,true,28, 20, 19, 21, 20, 22, 15, 19, 15, 23, 13, 26, 24, 19, 16,
777,0,61,true,22, 23, 24, 15, 19, 19, 27, 14, 13, 22, 16, 25, 27, 17, 22,
778,0,56,true,31, 14, 21, 20, 18, 17, 13, 19, 18, 17, 21, 20, 21, 12, 18,
779,0,49,true,19, 21, 21, 9, 17, 18, 12, 14, 12, 15, 17, 24, 22, 16, 8,
780,0,50,true,16, 16, 29, 14, 12, 8, 12, 17, 18, 21, 20, 23, 19, 8, 17,
781,0,66,true,24, 27, 21, 19, 23, 26, 21, 20, 22, 17, 15, 24, 26, 29, 16,
782,0,60,true,14, 22, 19, 19, 19, 18, 19, 14, 24, 17, 22, 32, 29, 15, 17,
783,0,53,true,22, 20, 15, 20, 17, 15, 10, 14, 17, 10, 29, 23, 16, 22, 15,
784,0,48,true,10, 13, 19, 5, 13, 17, 23, 20, 17, 18, 21, 16, 15, 9, 24,
785,0,54,true,19, 28, 25, 19, 21, 10, 15, 13, 18, 19, 11, 13, 21, 16, 22,
786,0,53,true,19, 21, 16, 22, 12, 17, 17, 16, 17, 22, 22, 15, 18, 18, 13,
787,0,55,true,17, 12, 21, 23, 17, 23, 22, 20, 11, 16, 21, 10, 24, 21, 17,
788,0,49,true,19, 21, 15, 29, 20, 20, 12, 11, 20, 13, 11, 13, 10, 18, 13,
789,0,55,true,24, 20, 11, 14, 17, 16, 16, 25, 22, 16, 16, 17, 11, 30, 20,
790,0,46,true,11, 23, 13, 10, 21, 15, 18, 13, 14, 22, 19, 13, 12, 12, 14,
791,0,53,true,14, 21, 20, 16, 17, 15, 16, 16, 17, 25, 14, 22, 20, 16, 16,
792,0,52,true,19, 11, 13, 16, 18, 21, 21, 17, 14, 20, 11, 26, 16, 18, 19,
793,0,56,true,22, 22, 23, 24, 19, 19, 18, 14, 14, 14, 18, 22, 20, 15, 16,
794,0,47,true,13, 23, 12, 21, 20, 12, 20, 15, 14, 13, 10, 11, 27, 9, 15,
795,0,55,true,16, 14, 22, 18, 23, 17, 22, 14, 19, 12, 11, 16, 23, 29, 19,
796,0,49,true,8, 12, 23, 16, 13, 21, 21, 20, 16, 14, 22, 13, 12, 16, 18,
797,0,47,false,15, 10, 22, 9, 23, 20, 15, 18, 17, 21, 9, 12, 17, 14, 13,
798,0,53,true,11, 15, 21, 19, 30, 23, 17, 14, 19, 16, 19, 13, 16, 17, 15,
799,0,45,false,18, 5, 17, 17, 13, 14, 17, 20, 8, 20, 18, 12, 19, 21, 6,
800,0,62,true,32, 28, 29, 21, 16, 17, 17, 21, 18, 21, 19, 16, 19, 21, 15,
801,0,51,true,29, 11, 19, 24, 18, 19, 15, 15, 16, 10, 21, 12, 16, 19, 11,
802,0,51,true,23, 16, 19, 19, 23, 18, 15, 16, 12, 27, 14, 14, 17, 12, 10,
803,0,40,true,17, 12, 18, 11, 10, 16, 10, 12, 13, 12, 10, 13, 9, 15, 22,
804,0,52,true,22, 16, 20, 15, 22, 8, 12, 15, 20, 18, 17, 19, 30, 13, 13,
805,0,46,false,13, 21, 15, 22, 15, 6, 18, 18, 15, 16, 17, 10, 6, 20, 18,
806,0,53,true,21, 8, 22, 17, 14, 19, 10, 11, 28, 10, 17, 24, 18, 26, 20,
807,0,49,true,22, 9, 25, 20, 15, 17, 15, 14, 12, 15, 17, 18, 17, 16, 13,
808,0,47,true,11, 18, 15, 15, 17, 15, 12, 15, 23, 14, 12, 15, 19, 16, 18,
809,0,43,true,20, 9, 11, 14, 21, 11, 11, 18, 17, 13, 15, 13, 15, 11, 16,
810,0,46,true,14, 24, 16, 13, 24, 8, 9, 12, 21, 15, 13, 15, 17, 17, 12,
811,0,43,true,7, 11, 9, 17, 21, 12, 11, 13, 18, 20, 17, 19, 20, 10, 10,
812,0,41,false,17, 13, 16, 15, 7, 13, 17, 20, 12, 18, 7, 10, 16, 14, 10,
813,0,40,true,14, 13, 11, 15, 12, 11, 11, 18, 13, 12, 15, 14, 18, 16, 7,
814,0,48,true,15, 13, 12, 14, 24, 10, 21, 18, 18, 18, 18, 12, 13, 13, 21,
815,0,44,true,13, 17, 10, 20, 24, 9, 10, 17, 19, 13, 11, 11, 22, 8, 16,
816,0,41,true,16, 11, 12, 11, 12, 19, 15, 21, 16, 13, 14, 13, 11, 10, 11,
817,0,41,false,19, 15, 18, 6, 14, 10, 8, 12, 11, 17, 16, 14, 11, 18, 16,
818,0,43,true,16, 16, 13, 21, 12, 11, 14, 14, 14, 17, 10, 11, 18, 12, 16,
819,0,42,true,16, 15, 17, 13, 19, 17, 12, 9, 12, 15, 10, 19, 13, 9, 14,
820,0,48,true,20, 11, 17, 14, 20, 17, 21, 14, 16, 19, 13, 23, 6, 16, 13,
821,0,38,true,11, 7, 14, 12, 15, 12, 13, 13, 15, 14, 10, 13, 15, 14, 12,
822,0,37,true,12, 14, 13, 12, 10, 11, 13, 18, 10, 14, 13, 11, 11, 15, 8,
823,0,39,false,9, 6, 19, 12, 15, 21, 10, 15, 12, 15, 14, 14, 7, 11, 15,
824,0,43,true,19, 15, 16, 18, 14, 13, 11, 10, 12, 12, 13, 16, 15, 17, 14,
825,0,38,true,14, 7, 12, 15, 13, 14, 17, 13, 7, 15, 13, 10, 14, 11, 15,
826,0,42,true,15, 8, 12, 12, 15, 17, 9, 15, 15, 17, 16, 14, 13, 15, 17,
827,0,47,true,20, 19, 11, 12, 15, 13, 19, 12, 14, 23, 16, 10, 17, 19, 15,
828,0,43,true,14, 10, 13, 13, 16, 13, 12, 12, 10, 15, 16, 11, 28, 16, 16,
829,0,40,true,8, 15, 16, 10, 10, 14, 22, 9, 13, 10, 20, 17, 10, 13, 13,
830,0,43,true,8, 13, 12, 16, 16, 17, 14, 16, 12, 19, 18, 13, 12, 15, 14,
831,0,40,false,20, 19, 10, 26, 11, 14, 12, 6, 6, 8, 12, 18, 17, 11, 10,
832,0,34,false,7, 5, 16, 7, 12, 16, 7, 8, 10, 9, 10, 14, 18, 14, 17,
833,0,36,false,14, 9, 17, 17, 14, 12, 10, 13, 9, 6, 8, 14, 10, 12, 15,
834,0,35,true,6, 12, 15, 7, 14, 14, 15, 12, 6, 13, 14, 17, 11, 6, 13,
835,0,45,true,15, 22, 19, 14, 12, 16, 18, 11, 11, 9, 19, 12, 16, 18, 13,
836,0,37,true,7, 16, 13, 12, 16, 11, 9, 12, 17, 14, 13, 8, 10, 16, 11,
837,0,39,true,11, 14, 16, 10, 10, 14, 17, 18, 9, 11, 15, 12, 15, 9, 14,
838,0,35,true,12, 15, 11, 6, 12, 22, 12, 5, 15, 16, 4, 12, 13, 9, 11,
839,0,40,true,14, 12, 17, 14, 17, 24, 7, 14, 8, 15, 20, 11, 10, 11, 6,
840,0,35,false,8, 11, 9, 18, 12, 5, 11, 13, 9, 10, 13, 13, 10, 16, 17,
841,0,36,true,10, 11, 11, 9, 14, 13, 15, 11, 12, 16, 11, 8, 9, 16, 14,
842,0,38,true,8, 15, 15, 8, 15, 14, 8, 11, 9, 12, 18, 13, 15, 10, 19,
843,0,38,true,9, 9, 12, 18, 9, 8, 18, 9, 17, 14, 7, 20, 23, 8, 9,
844,0,39,true,8, 19, 19, 8, 12, 8, 16, 12, 21, 16, 12, 11, 18, 9, 6,
845,0,38,false,14, 12, 7, 14, 11, 5, 20, 17, 14, 14, 19, 6, 10, 19, 8,
846,0,31,true,11, 15, 7, 15, 10, 17, 14, 9, 3, 11, 6, 16, 4, 9, 8,
847,0,33,true,12, 8, 8, 17, 15, 10, 9, 11, 7, 11, 10, 7, 16, 14, 10,
848,0,36,true,11, 12, 12, 13, 9, 13, 9, 16, 12, 12, 11, 8, 11, 15, 16,
849,0,31,false,10, 14, 12, 14, 16, 11, 6, 3, 10, 4, 12, 14, 16, 6, 7,
850,0,38,true,14, 11, 10, 11, 14, 17, 9, 15, 14, 14, 11, 10, 8, 14, 18,
851,0,30,false,8, 10, 9, 10, 10, 7, 12, 11, 2, 15, 18, 10, 11, 7, 10,
852,0,31,false,7, 9, 9, 9, 13, 11, 17, 9, 18, 13, 5, 10, 8, 6, 11,
853,0,35,true,7, 14, 9, 19, 17, 7, 10, 12, 7, 9, 8, 12, 17, 12, 15,
854,0,33,true,12, 13, 12, 10, 24, 8, 7, 16, 8, 7, 5, 6, 14, 11, 12,
855,0,30,true,20, 10, 4, 11, 10, 7, 7, 16, 11, 12, 9, 10, 10, 5, 8,
856,0,31,true,12, 12, 8, 11, 10, 12, 6, 14, 11, 7, 14, 8, 2, 12, 16,
857,0,29,false,17, 14, 7, 12, 10, 11, 6, 9, 8, 3, 11, 10, 10, 13, 4,
858,0,33,true,9, 14, 14, 9, 12, 12, 9, 11, 10, 12, 8, 10, 6, 11, 18,
859,0,32,true,19, 7, 6, 8, 10, 13, 11, 8, 11, 11, 10, 8, 11, 14, 13,
860,0,36,true,12, 10, 17, 16, 5, 10, 13, 12, 13, 7, 11, 13, 12, 15, 14,
861,0,33,true,15, 12, 9, 8, 7, 11, 12, 7, 14, 13, 14, 5, 7, 19, 12,
862,0,31,false,11, 9, 17, 7, 11, 11, 6, 13, 9, 5, 10, 11, 9, 19, 7,
863,0,32,false,10, 10, 7, 14, 5, 8, 19, 8, 12, 13, 10, 11, 10, 11, 12,
864,0,43,true,14, 10, 14, 11, 11, 14, 12, 16, 13, 19, 17, 14, 16, 16, 18,
865,0,35,false,16, 4, 12, 15, 20, 10, 12, 14, 10, 12, 12, 11, 5, 14, 8,
866,0,30,true,10, 11, 13, 11, 6, 4, 10, 9, 13, 13, 14, 7, 8, 11, 10,
867,0,33,true,6, 8, 16, 13, 6, 9, 7, 18, 8, 17, 8, 7, 14, 17, 11,
868,0,32,true,12, 6, 13, 9, 12, 7, 7, 16, 16, 10, 14, 8, 7, 9, 14,
869,0,33,true,6, 6, 15, 14, 12, 6, 17, 16, 11, 6, 11, 13, 11, 12, 9,
870,0,31,false,9, 11, 9, 12, 6, 13, 15, 6, 16, 7, 12, 9, 4, 11, 15,
871,0,30,false,7, 7, 8, 12, 15, 8, 10, 5, 8, 6, 12, 14, 17, 11, 10,
872,0,31,true,7, 7, 12, 13, 8, 9, 10, 14, 9, 11, 16, 10, 11, 10, 8,
873,0,28,false,12, 4, 11, 13, 6, 8, 10, 7, 12, 10, 11, 14, 6, 7, 9,
874,0,29,true,14, 7, 8, 6, 10, 15, 6, 8, 9, 14, 7, 4, 12, 16, 9,
875,0,29,false,12, 18, 17, 7, 9, 5, 7, 13, 7, 3, 12, 10, 6, 10, 9,
876,0,28,true,8, 7, 11, 9, 10, 11, 10, 10, 11, 8, 8, 6, 11, 7, 13,
877,0,28,true,4, 9, 12, 11, 7, 9, 4, 4, 6, 7, 6, 13, 17, 13, 18,
878,0,31,true,11, 11, 12, 7, 7, 6, 9, 10, 13, 8, 13, 10, 13, 16, 9,
879,0,27,true,9, 7, 10, 9, 11, 11, 5, 10, 6, 15, 6, 10, 8, 7, 11,
880,0,27,true,8, 5, 8, 10, 13, 10, 14, 13, 12, 9, 9, 8, 6, 6, 4,
881,0,26,false,8, 11, 7, 8, 13, 7, 10, 11, 9, 8, 5, 9, 4, 9, 11,
882,0,29,false,14, 8, 7, 8, 17, 6, 11, 7, 10, 14, 14, 5, 14, 7, 3,
883,0,32,true,11, 10, 4, 6, 10, 13, 11, 14, 15, 14, 14, 10, 9, 5, 14,
884,0,26,true,5, 5, 7, 14, 12, 8, 14, 7, 5, 12, 6, 5, 11, 12, 7,
885,0,28,false,13, 5, 7, 8, 4, 12, 8, 6, 12, 14, 11, 9, 9, 13, 9,
886,0,32,true,14, 5, 11, 14, 13, 12, 12, 10, 12, 17, 12, 5, 10, 8, 5,
887,0,23,false,4, 10, 10, 4, 8, 9, 4, 9, 6, 15, 5, 7, 9, 9, 6,
888,0,24,true,6, 7, 6, 6, 8, 12, 8, 11, 4, 6, 9, 10, 7, 11, 9,
889,0,24,false,9, 8, 13, 3, 9, 9, 9, 2, 6, 13, 8, 7, 10, 4, 10,
890,0,30,true,6, 3, 12, 11, 16, 11, 4, 8, 10, 15, 11, 6, 16, 8, 13,
891,0,25,true,12, 3, 10, 13, 12, 12, 6, 8, 4, 3, 10, 7, 7, 9, 9,
892,0,25,false,4, 12, 6, 5, 12, 14, 5, 12, 8, 9, 10, 7, 5, 7, 9,
893,0,30,true,11, 6, 9, 11, 9, 15, 12, 11, 9, 8, 9, 9, 11, 14, 6,
894,0,26,true,13, 13, 11, 5, 12, 11, 4, 7, 7, 7, 10, 6, 6, 9, 9,
895,0,25,false,8, 9, 8, 8, 10, 11, 5, 11, 9, 10, 9, 8, 4, 7, 8,
896,0,32,true,12, 10, 12, 12, 12, 13, 14, 10, 8, 17, 6, 8, 7, 11, 8,
897,0,24,true,6, 13, 7, 9, 10, 9, 8, 7, 7, 7, 12, 8, 5, 6, 6,
898,0,23,false,3, 7, 6, 11, 9, 12, 5, 6, 10, 6, 11, 6, 9, 8, 6,
899,0,30,true,5, 7, 11, 7, 13, 11, 12, 8, 8, 10, 12, 9, 12, 10, 15,
900,0,24,true,9, 10, 6, 7, 7, 4, 6, 6, 11, 10, 11, 7, 4, 11, 11,
901,0,22,true,5, 6, 7, 10, 11, 9, 5, 7, 7, 9, 6, 7, 4, 9, 8,
902,0,34,true,15, 10, 15, 9, 12, 12, 16, 11, 13, 8, 8, 12, 14, 7, 8,
903,0,23,true,4, 10, 11, 6, 8, 4, 10, 8, 10, 4, 6, 7, 13, 6, 8,
904,0,28,true,9, 12, 12, 11, 8, 8, 10, 6, 7, 5, 16, 10, 5, 10, 11,
905,0,24,true,14, 7, 15, 8, 5, 9, 9, 11, 9, 6, 8, 6, 6, 4, 3,
906,0,23,true,8, 5, 8, 5, 9, 11, 7, 5, 11, 4, 8, 11, 8, 5, 10,
907,0,24,true,5, 7, 12, 10, 7, 6, 9, 3, 6, 7, 6, 12, 6, 11, 13,
908,0,23,false,5, 9, 8, 6, 7, 9, 11, 8, 6, 11, 3, 13, 11, 2, 6,
909,0,26,true,6, 7, 6, 14, 6, 9, 11, 6, 11, 6, 10, 6, 6, 11, 15,
910,0,24,false,11, 4, 2, 12, 8, 7, 8, 8, 11, 8, 6, 4, 8, 15, 8,
911,0,23,true,9, 8, 11, 12, 6, 6, 4, 6, 4, 10, 7, 9, 9, 5, 9,
912,0,22,true,13, 7, 9, 6, 13, 7, 9, 11, 5, 4, 6, 7, 4, 5, 4,
913,0,26,true,11, 4, 12, 8, 10, 12, 8, 6, 6, 5, 8, 8, 12, 7, 13,
914,0,21,false,7, 7, 10, 8, 6, 2, 9, 3, 12, 6, 6, 12, 6, 4, 7,
915,0,20,false,3, 9, 7, 10, 6, 7, 6, 11, 4, 8, 3, 7, 5, 9, 5,
916,0,23,true,14, 5, 12, 8, 2, 8, 5, 8, 11, 6, 12, 6, 6, 9, 3,
917,0,21,false,5, 7, 10, 5, 5, 10, 9, 11, 6, 6, 10, 7, 4, 7, 3,
918,0,25,false,12, 10, 11, 7, 8, 9, 11, 7, 7, 11, 3, 6, 7, 11, 5,
919,0,26,true,9, 11, 8, 3, 2, 10, 13, 14, 6, 7, 15, 2, 8, 10, 12,
920,0,25,true,7, 7, 10, 8, 6, 8, 12, 9, 7, 8, 11, 9, 5, 12, 6,
921,0,21,false,5, 5, 10, 12, 8, 8, 4, 3, 6, 9, 4, 9, 8, 7, 7,
922,0,19,false,9, 4, 5, 9, 4, 8, 2, 4, 1, 11, 11, 12, 7, 5, 3,
923,0,20,false,6, 8, 13, 5, 10, 3, 5, 7, 5, 7, 4, 6, 9, 5, 7,
924,0,20,true,3, 9, 5, 7, 7, 3, 4, 9, 6, 6, 7, 6, 11, 6, 11,
925,0,20,true,5, 9, 7, 5, 4, 5, 10, 9, 6, 7, 10, 7, 4, 5, 7,
926,0,20,false,13, 10, 6, 6, 6, 3, 5, 6, 6, 3, 8, 7, 4, 10, 7,
927,0,18,false,8, 3, 5, 8, 7, 8, 8, 6, 4, 9, 5, 5, 5, 6, 3,
928,0,21,false,4, 7, 11, 7, 7, 5, 8, 11, 10, 7, 6, 3, 2, 9, 8,
929,0,19,false,8, 6, 3, 11, 6, 3, 7, 7, 8, 4, 1, 7, 8, 6, 10,
930,0,19,false,2, 6, 4, 6, 7, 8, 9, 9, 11, 5, 4, 3, 11, 3, 7,
931,0,17,false,3, 6, 6, 6, 5, 3, 10, 3, 5, 10, 8, 6, 6, 2, 6,
932,0,19,false,5, 5, 2, 7, 6, 5, 4, 7, 8, 7, 6, 11, 7, 8, 7,
933,0,23,true,6, 10, 7, 5, 7, 10, 10, 7, 7, 7, 6, 9, 9, 4, 11,
934,0,17,true,9, 4, 8, 4, 5, 5, 6, 5, 11, 4, 5, 5, 6, 3, 5,
935,0,20,true,5, 6, 10, 5, 8, 6, 2, 4, 8, 7, 7, 7, 9, 9, 7,
936,0,20,true,5, 4, 10, 5, 11, 6, 7, 5, 10, 4, 5, 4, 8, 7, 9,
937,0,25,true,6, 6, 7, 11, 9, 6, 11, 11, 5, 6, 11, 8, 11, 7, 10,
938,0,19,true,5, 8, 6, 5, 5, 2, 8, 7, 8, 4, 9, 5, 7, 7, 9,
939,0,16,false,3, 6, 5, 7, 4, 5, 9, 5, 4, 4, 4, 8, 8, 2, 6,
940,0,19,false,12, 5, 5, 11, 4, 7, 2, 6, 7, 6, 6, 8, 7, 5, 4,
941,0,20,true,12, 9, 6, 5, 6, 9, 7, 6, 6, 3, 4, 5, 9, 6, 7,
942,0,16,true,2, 6, 8, 4, 4, 7, 3, 5, 11, 3, 8, 7, 3, 4, 5,
943,0,19,false,3, 8, 4, 10, 7, 6, 9, 4, 1, 7, 6, 8, 7, 10, 5,
944,0,18,true,4, 6, 6, 4, 6, 5, 8, 7, 7, 11, 5, 4, 6, 4, 7,
945,0,20,true,8, 5, 3, 5, 7, 6, 5, 9, 6, 8, 7, 9, 6, 7, 9,
946,0,15,true,6, 8, 3, 7, 8, 0, 8, 4, 1, 5, 3, 7, 5, 4, 6,
947,0,17,false,4, 10, 3, 5, 9, 5, 6, 6, 9, 9, 3, 0, 4, 6, 6,
948,0,16,false,4, 7, 7, 2, 4, 6, 9, 6, 6, 8, 4, 5, 3, 4, 5,
949,0,17,true,5, 4, 7, 1, 5, 11, 6, 6, 3, 6, 9, 8, 6, 4, 4,
950,0,19,true,5, 6, 8, 9, 9, 7, 10, 6, 4, 5, 9, 5, 3, 3, 6,
951,0,17,false,4, 6, 5, 4, 1, 6, 7, 6, 4, 5, 10, 4, 4, 10, 9,
952,0,17,false,9, 6, 4, 5, 5, 9, 7, 3, 5, 6, 7, 7, 4, 2, 6,
953,0,16,false,8, 4, 4, 2, 3, 6, 8, 11, 8, 7, 3, 3, 6, 4, 3,
954,0,16,true,5, 6, 5, 4, 4, 4, 6, 5, 6, 6, 8, 4, 6, 7, 4,
955,0,18,false,6, 8, 6, 1, 1, 9, 5, 7, 5, 9, 6, 6, 6, 10, 5,
956,0,16,false,2, 3, 6, 8, 6, 5, 4, 4, 7, 7, 5, 4, 4, 7, 8,
957,0,19,false,8, 4, 9, 4, 9, 3, 12, 8, 2, 4, 9, 6, 5, 5, 7,
958,0,22,true,8, 5, 6, 14, 6, 4, 7, 10, 7, 3, 9, 11, 8, 6, 6,
959,0,16,true,4, 6, 5, 5, 6, 4, 5, 9, 8, 3, 3, 3, 6, 6, 7,
960,0,18,false,7, 2, 7, 8, 6, 3, 3, 12, 5, 5, 8, 6, 4, 5, 9,
961,0,19,true,3, 6, 10, 7, 5, 8, 10, 14, 5, 6, 6, 8, 2, 4, 1,
962,0,14,false,5, 4, 4, 5, 4, 5, 6, 1, 4, 4, 7, 8, 4, 4, 5,
963,0,14,false,4, 5, 7, 8, 1, 3, 4, 7, 6, 3, 4, 2, 6, 1, 9,
964,0,12,false,1, 3, 3, 3, 6, 5, 4, 7, 7, 2, 6, 3, 4, 2, 4,
965,0,15,false,4, 6, 8, 4, 6, 6, 3, 6, 3, 4, 7, 3, 9, 2, 4,
966,0,15,false,1, 6, 7, 5, 1, 6, 6, 8, 3, 4, 7, 4, 5, 6, 6,
967,0,15,false,6, 6, 8, 6, 6, 6, 5, 3, 5, 2, 6, 4, 3, 2, 7,
968,0,14,false,3, 7, 7, 5, 6, 8, 7, 3, 2, 2, 5, 2, 3, 2, 8,
969,0,15,false,6, 5, 6, 6, 3, 2, 5, 8, 3, 7, 2, 4, 1, 7, 10,
970,0,15,false,7, 4, 2, 0, 5, 4, 3, 7, 3, 8, 6, 5, 8, 6, 7,
971,0,16,false,2, 3, 5, 9, 7, 6, 8, 4, 3, 5, 8, 3, 8, 7, 2,
972,0,19,false,3, 6, 8, 2, 8, 9, 5, 7, 6, 6, 8, 9, 4, 6, 8,
973,0,15,true,4, 5, 4, 3, 6, 9, 3, 4, 4, 3, 4, 6, 6, 8, 6,
974,0,12,false,5, 5, 5, 1, 3, 1, 3, 5, 6, 6, 3, 2, 5, 8, 2,
975,0,14,true,6, 1, 6, 2, 8, 1, 3, 9, 3, 8, 4, 8, 3, 7, 1,
976,0,15,true,4, 2, 4, 4, 7, 4, 5, 8, 4, 7, 8, 4, 3, 5, 6,
977,0,17,false,6, 5, 4, 6, 6, 5, 3, 1, 9, 7, 10, 6, 8, 3, 6,
978,0,12,false,1, 1, 4, 5, 5, 6, 3, 3, 2, 5, 7, 7, 3, 3, 5,
979,0,13,true,3, 2, 6, 3, 5, 6, 1, 3, 6, 5, 3, 6, 7, 4, 5,
980,0,13,true,6, 4, 5, 8, 3, 3, 5, 4, 4, 2, 2, 2, 4, 6, 7,
981,0,19,true,7, 4, 6, 7, 7, 9, 7, 9, 8, 7, 5, 3, 8, 3, 5,
982,0,17,true,7, 5, 7, 8, 3, 8, 2, 11, 3, 4, 3, 4, 3, 9, 8,
983,0,11,true,2, 3, 3, 4, 2, 1, 1, 4, 4, 2, 2, 7, 7, 7, 6,
984,0,11,true,2, 2, 3, 4, 2, 3, 4, 4, 3, 5, 3, 4, 6, 4, 6,
985,0,12,true,4, 4, 9, 1, 5, 3, 2, 3, 9, 6, 2, 3, 6, 0, 3,
986,0,12,false,4, 4, 5, 2, 7, 2, 5, 3, 7, 1, 3, 5, 7, 3, 2,
987,0,15,true,7, 4, 4, 4, 9, 4, 5, 6, 5, 3, 6, 5, 6, 4, 3,
988,0,11,true,4, 4, 2, 3, 5, 2, 3, 4, 4, 5, 4, 4, 6, 1, 4,
989,0,16,true,8, 6, 5, 7, 6, 8, 6, 5, 4, 4, 6, 6, 3, 3, 3,
990,0,16,true,5, 3, 6, 7, 9, 10, 4, 4, 3, 4, 3, 3, 3, 10, 6,
991,0,13,true,2, 3, 7, 2, 1, 5, 9, 8, 6, 4, 4, 2, 5, 5, 2,
992,0,11,true,4, 4, 2, 7, 3, 6, 2, 4, 4, 3, 3, 3, 6, 2, 2,
993,0,15,true,7, 7, 2, 5, 7, 5, 5, 5, 1, 5, 7, 4, 5, 5, 5,
994,0,10,false,1, 2, 9, 1, 4, 5, 5, 2, 3, 3, 3, 0, 5, 3, 4,
995,0,13,true,3, 3, 2, 4, 2, 5, 4, 3, 5, 6, 4, 4, 3, 11, 6,
996,0,13,false,7, 2, 4, 8, 5, 4, 6, 2, 0, 3, 5, 4, 6, 6, 3,
997,0,10,true,5, 2, 2, 4, 2, 2, 2, 3, 4, 3, 3, 6, 3, 5, 4,
998,0,11,true,3, 7, 4, 1, 4, 5, 5, 3, 4, 5, 2, 5, 2, 1, 4,
999,0,12,false,1, 7, 3, 6, 3, 3, 4, 6, 7, 4, 3, 3, 3, 3, 4,
1000,0,10,false,3, 0, 3, 2, 6, 4, 8, 4, 4, 1, 2, 3, 2, 5, 3,
1001,0,9,false,6, 2, 5, 2, 3, 4, 4, 0, 3, 2, 4, 3, 3, 2, 2,
1002,0,14,false,2, 0, 3, 4, 4, 4, 8, 5, 6, 6, 3, 4, 3, 11, 7,
1003,0,11,false,2, 1, 6, 3, 7, 4, 4, 5, 1, 2, 2, 4, 5, 5, 4,
1004,0,10,false,5, 2, 3, 6, 3, 2, 1, 4, 3, 2, 2, 3, 3, 5, 6,
1005,0,12,false,3, 4, 4, 3, 3, 1, 3, 3, 5, 6, 5, 4, 7, 5, 4,
1006,0,10,false,2, 1, 5, 4, 3, 4, 3, 3, 6, 3, 5, 1, 4, 3, 3,
1007,0,10,false,5, 6, 4, 2, 2, 4, 2, 2, 5, 3, 3, 4, 4, 1, 3,
1008,0,13,false,3, 1, 7, 5, 3, 5, 5, 4, 2, 7, 2, 6, 5, 3, 7,
1009,0,12,false,3, 3, 4, 2, 5, 4, 3, 3, 5, 7, 3, 1, 5, 5, 7,
1010,0,12,true,4, 3, 4, 6, 2, 2, 5, 5, 4, 6, 4, 3, 2, 5, 5,
1011,0,8,false,5, 3, 2, 3, 3, 2, 1, 4, 6, 0, 3, 7, 0, 1, 0,
1012,0,12,true,2, 6, 9, 5, 2, 4, 5, 4, 2, 3, 5, 4, 3, 4, 2,
1013,0,10,false,2, 7, 4, 3, 4, 4, 3, 4, 2, 2, 5, 2, 3, 1, 4,
1014,0,9,false,3, 1, 4, 4, 3, 4, 4, 4, 2, 1, 1, 5, 2, 5, 2,
1015,0,11,false,3, 3, 1, 5, 4, 3, 6, 4, 7, 4, 2, 3, 3, 5, 2,
1016,0,9,false,0, 5, 2, 1, 3, 4, 2, 4, 1, 3, 4, 5, 2, 3, 6,
1017,0,9,false,1, 2, 4, 4, 3, 6, 1, 3, 5, 4, 4, 4, 4, 0, 0,
1018,0,9,false,4, 2, 4, 1, 2, 3, 3, 1, 4, 2, 4, 5, 3, 5, 2,
1019,0,10,false,4, 4, 2, 2, 5, 1, 3, 7, 3, 4, 3, 3, 3, 4, 2,
1020,0,9,false,2, 4, 0, 5, 2, 6, 1, 2, 1, 5, 5, 3, 0, 3, 6,
1021,0,13,false,7, 4, 5, 7, 6, 4, 7, 1, 1, 5, 7, 3, 5, 2, 1,
1022,0,9,true,4, 3, 2, 3, 2, 3, 2, 4, 3, 2, 5, 4, 3, 2, 3,
1023,0,12,false,1, 3, 2, 6, 6, 5, 2, 5, 7, 3, 9, 5, 2, 1, 3,
1024,0,11,false,3, 3, 2, 5, 1, 4, 1, 5, 4, 5, 3, 5, 6, 6, 2,
1025,0,11,true,4, 4, 3, 2, 3, 4, 4, 1, 5, 2, 3, 4, 6, 4, 6,
1026,0,10,false,8, 0, 4, 3, 2, 2, 4, 3, 3, 4, 2, 4, 6, 4, 1,
1027,0,10,false,4, 5, 1, 3, 3, 4, 1, 5, 4, 5, 4, 3, 3, 2, 3,
1028,0,10,false,3, 5, 4, 2, 4, 7, 2, 1, 6, 1, 5, 4, 0, 3, 3,
1029,0,11,false,8, 6, 4, 4, 3, 4, 0, 2, 2, 2, 3, 4, 3, 6, 4,
1030,0,8,false,2, 3, 3, 4, 1, 2, 2, 4, 2, 2, 2, 1, 4, 3, 5,
1031,0,9,false,2, 2, 1, 4, 4, 3, 3, 3, 4, 5, 3, 2, 3, 1, 5,
1032,0,9,false,1, 1, 5, 5, 2, 3, 5, 2, 5, 0, 5, 3, 3, 3, 2,
1033,0,9,true,3, 4, 2, 5, 3, 3, 4, 3, 3, 2, 2, 4, 2, 4, 1,
1034,0,8,false,3, 1, 2, 3, 2, 0, 5, 3, 4, 2, 5, 4, 1, 2, 3,
1035,0,7,false,2, 2, 2, 2, 1, 0, 4, 4, 3, 2, 1, 2, 3, 4, 3,
1036,0,7,false,0, 4, 4, 3, 0, 2, 2, 5, 3, 3, 1, 3, 2, 1, 2,
1037,0,9,false,3, 2, 4, 5, 2, 4, 4, 2, 2, 2, 3, 4, 1, 4, 3,
1038,0,8,false,3, 5, 5, 1, 1, 1, 2, 3, 4, 2, 3, 2, 2, 2, 4,
1039,0,10,false,5, 1, 3, 2, 5, 3, 5, 5, 5, 4, 5, 1, 1, 3, 2,
1040,0,9,false,3, 1, 5, 4, 3, 3, 1, 2, 4, 1, 2, 7, 2, 5, 2,
1041,0,7,false,2, 2, 3, 2, 2, 4, 1, 4, 1, 3, 4, 0, 3, 2, 2,
1042,0,10,false,2, 6, 4, 3, 1, 0, 4, 2, 4, 5, 4, 5, 3, 4, 3,
1043,0,7,true,4, 2, 2, 2, 2, 4, 2, 2, 2, 1, 2, 3, 2, 4, 1,
1044,0,9,false,5, 4, 2, 3, 4, 1, 5, 3, 2, 3, 1, 4, 3, 4, 1,
1045,0,9,false,2, 3, 4, 3, 4, 2, 3, 4, 5, 3, 4, 4, 2, 2, 0,
1046,0,7,true,3, 3, 3, 1, 5, 1, 1, 2, 2, 1, 3, 4, 3, 2, 1,
1047,0,9,false,0, 4, 1, 3, 4, 2, 3, 4, 2, 3, 4, 5, 5, 2, 3,
1048,0,10,true,4, 3, 3, 4, 2, 2, 6, 0, 6, 2, 5, 3, 4, 5, 1,
1049,0,9,true,4, 2, 2, 4, 4, 2, 2, 1, 4, 5, 4, 2, 4, 2, 3,
1050,0,8,true,2, 4, 2, 3, 1, 2, 2, 3, 1, 3, 5, 3, 4, 3, 2,
1051,0,7,true,3, 2, 1, 2, 1, 0, 3, 4, 2, 2, 3, 4, 4, 2, 2,
1052,0,7,true,3, 5, 2, 0, 6, 4, 2, 1, 6, 0, 1, 1, 2, 0, 2,
1053,0,10,true,3, 2, 4, 4, 2, 2, 3, 3, 4, 2, 3, 4, 4, 7, 3,
1054,0,9,true,3, 4, 2, 5, 3, 4, 3, 2, 3, 3, 4, 2, 3, 1, 3,
1055,0,7,true,2, 0, 1, 3, 2, 3, 2, 3, 3, 4, 1, 3, 3, 2, 3,
1056,0,7,true,3, 4, 1, 1, 3, 6, 2, 1, 1, 2, 2, 1, 4, 2, 2,
1057,0,7,true,2, 1, 2, 2, 4, 1, 1, 2, 2, 4, 5, 2, 2, 3, 2,
1058,0,8,false,1, 1, 0, 2, 2, 3, 4, 4, 4, 2, 8, 2, 1, 1, 5,
1059,0,8,true,3, 3, 2, 4, 1, 3, 2, 3, 2, 5, 1, 2, 2, 2, 5,
1060,0,6,true,3, 1, 1, 2, 2, 1, 2, 3, 1, 2, 2, 2, 4, 4, 0,
1061,0,6,true,3, 2, 2, 2, 2, 2, 2, 1, 1, 3, 3, 2, 3, 1, 1,
1062,0,6,false,0, 1, 3, 2, 1, 1, 3, 1, 2, 3, 2, 1, 4, 3, 3,
1063,0,6,true,0, 2, 3, 3, 1, 4, 1, 1, 1, 3, 2, 4, 1, 0, 4,
1064,0,8,false,4, 4, 3, 3, 4, 3, 3, 0, 2, 2, 3, 1, 0, 4, 4,
1065,0,12,true,3, 4, 4, 5, 4, 4, 5, 0, 4, 5, 4, 4, 6, 4, 4,
1066,0,6,true,1, 1, 6, 1, 1, 2, 3, 3, 2, 1, 2, 1, 2, 2, 2,
1067,0,9,true,3, 5, 4, 2, 4, 5, 3, 3, 2, 1, 2, 2, 2, 6, 1,
1068,0,7,false,4, 2, 0, 3, 4, 2, 0, 2, 0, 4, 4, 4, 2, 1, 3,
1069,0,8,false,5, 1, 2, 3, 3, 2, 6, 3, 3, 0, 0, 3, 3, 3, 3,
1070,0,7,false,5, 3, 1, 4, 3, 0, 4, 3, 3, 3, 0, 3, 0, 2, 1,
1071,0,6,true,2, 2, 3, 2, 1, 1, 1, 3, 1, 4, 1, 1, 2, 1, 5,
1072,0,6,false,1, 2, 2, 4, 0, 2, 1, 2, 1, 2, 4, 4, 1, 2, 2,
1073,0,6,false,2, 3, 1, 3, 4, 0, 2, 4, 1, 0, 3, 1, 3, 3, 0,
1074,0,6,true,1, 1, 3, 2, 1, 3, 3, 3, 0, 2, 2, 3, 2, 1, 3,
1075,0,6,false,3, 5, 2, 1, 3, 2, 1, 1, 3, 2, 2, 2, 2, 0, 1,
1076,0,6,false,1, 3, 5, 1, 2, 0, 1, 2, 3, 2, 2, 2, 1, 2, 3,
1077,0,7,false,2, 3, 2, 3, 1, 1, 3, 3, 2, 2, 2, 6, 2, 0, 3,
1078,0,6,false,2, 1, 2, 2, 3, 1, 0, 3, 3, 3, 3, 3, 1, 2, 1,
1079,0,8,true,4, 3, 3, 3, 1, 3, 3, 4, 2, 1, 3, 3, 1, 3, 3,
1080,0,6,false,3, 1, 1, 1, 2, 1, 3, 2, 5, 2, 2, 3, 1, 3, 0,
1081,0,4,false,1, 0, 1, 1, 2, 1, 3, 2, 1, 2, 1, 1, 2, 1, 1,
1082,0,7,true,4, 2, 2, 5, 2, 2, 1, 1, 1, 1, 3, 4, 1, 4, 2,
1083,0,5,false,3, 1, 1, 2, 3, 2, 3, 4, 1, 0, 2, 1, 1, 1, 0,
1084,0,5,false,1, 3, 1, 2, 1, 3, 1, 0, 3, 1, 3, 2, 0, 3, 1,
1085,0,5,false,1, 0, 2, 2, 3, 3, 1, 2, 0, 2, 1, 1, 3, 1, 3,
1086,0,6,true,3, 2, 4, 4, 1, 3, 2, 1, 1, 2, 1, 1, 1, 1, 3,
1087,0,5,false,1, 1, 1, 1, 2, 1, 1, 4, 2, 3, 2, 0, 1, 2, 3,
1088,0,5,false,1, 4, 1, 2, 2, 1, 2, 1, 2, 5, 0, 1, 1, 1, 1,
1089,0,6,false,2, 4, 1, 3, 3, 2, 1, 1, 0, 2, 3, 3, 1, 3, 1,
1090,0,4,false,2, 1, 1, 1, 0, 1, 0, 1, 1, 1, 2, 2, 3, 2, 2,
1091,0,7,false,3, 4, 0, 2, 2, 2, 0, 2, 2, 4, 2, 3, 4, 2, 3,
1092,0,7,true,4, 2, 1, 3, 1, 5, 3, 4, 1, 1, 1, 2, 2, 4, 1,
1093,0,5,false,1, 2, 3, 1, 2, 1, 2, 1, 2, 2, 2, 2, 0, 2, 2,
1094,0,6,false,2, 1, 2, 3, 1, 2, 0, 3, 3, 1, 3, 1, 3, 2, 3,
1095,0,7,true,2, 2, 2, 0, 4, 1, 6, 5, 1, 0, 1, 4, 3, 3, 1,
1096,0,7,false,2, 2, 5, 2, 0, 2, 1, 4, 2, 2, 4, 3, 3, 1, 2,
1097,0,6,false,1, 3, 3, 0, 0, 1, 2, 3, 2, 3, 2, 1, 4, 3, 2,
1098,0,6,false,0, 2, 5, 2, 1, 1, 3, 2, 2, 1, 1, 2, 2, 4, 2,
1099,0,5,false,1, 3, 3, 2, 3, 2, 1, 1, 2, 1, 1, 1, 2, 0, 2,
1100,0,7,false,3, 3, 0, 1, 3, 5, 1, 2, 2, 4, 3, 3, 2, 1, 2,
1101,0,4,false,0, 2, 1, 1, 2, 0, 3, 1, 1, 2, 2, 2, 1, 0, 2,
1102,0,5,false,1, 2, 3, 2, 2, 2, 2, 1, 3, 2, 2, 1, 0, 0, 2,
1103,0,4,false,1, 1, 0, 0, 0, 2, 3, 2, 0, 2, 3, 2, 2, 1, 1,
1104,0,6,true,2, 1, 1, 3, 2, 2, 2, 2, 1, 1, 2, 5, 2, 2, 2,
1105,0,7,true,2, 5, 2, 5, 4, 1, 1, 1, 1, 2, 1, 4, 1, 1, 4,
1106,0,5,false,0, 0, 2, 3, 1, 2, 2, 2, 1, 3, 2, 2, 2, 2, 1,
1107,0,5,false,2, 4, 1, 0, 2, 1, 0, 3, 2, 2, 2, 2, 0, 1, 3,
1108,0,4,false,1, 0, 1, 2, 2, 1, 2, 3, 1, 1, 0, 0, 2, 3, 1,
1109,0,5,true,4, 2, 1, 1, 1, 2, 1, 1, 2, 2, 1, 1, 3, 1, 2,
1110,0,4,false,2, 1, 1, 1, 1, 2, 1, 2, 3, 1, 2, 1, 1, 1, 0,
1111,0,4,false,2, 0, 1, 3, 1, 1, 1, 0, 3, 2, 1, 1, 1, 2, 1,
1112,0,5,false,2, 0, 2, 2, 3, 3, 0, 0, 1, 2, 3, 2, 2, 2, 1,
1113,0,5,false,2, 4, 4, 0, 1, 0, 2, 1, 1, 3, 2, 0, 2, 2, 1,
1114,0,4,false,3, 1, 2, 2, 0, 1, 1, 0, 1, 0, 1, 2, 2, 2, 2,
1115,0,5,false,2, 2, 3, 2, 2, 2, 2, 1, 1, 1, 3, 1, 1, 0, 2,
1116,0,4,false,1, 3, 2, 0, 1, 3, 2, 0, 3, 0, 0, 1, 0, 2, 2,
1117,0,5,false,1, 1, 1, 3, 0, 3, 3, 3, 3, 0, 1, 2, 2, 1, 1,
1118,0,4,false,0, 1, 1, 1, 3, 3, 2, 2, 2, 1, 0, 1, 0, 2, 1,
1119,0,4,false,0, 1, 1, 1, 2, 3, 0, 1, 1, 2, 2, 0, 2, 3, 1,
1120,0,4,false,3, 1, 1, 2, 2, 2, 1, 0, 1, 3, 1, 0, 2, 1, 0,
1121,0,4,false,1, 1, 1, 1, 4, 2, 1, 1, 0, 2, 2, 2, 0, 0, 2,
1122,0,4,false,2, 1, 0, 2, 2, 3, 2, 2, 2, 1, 0, 1, 2, 0, 0,
1123,0,5,false,1, 1, 3, 1, 2, 3, 0, 2, 1, 3, 1, 1, 3, 1, 2,
1124,0,5,false,1, 2, 1, 3, 2, 3, 1, 2, 3, 2, 2, 0, 2, 0, 1,
1125,0,4,false,2, 2, 1, 1, 0, 0, 3, 3, 1, 0, 3, 0, 2, 1, 1,
1126,0,4,false,1, 2, 1, 0, 1, 0, 1, 1, 3, 3, 2, 2, 0, 2, 1,
1127,0,3,false,1, 1, 0, 3, 1, 0, 1, 0, 3, 3, 0, 1, 0, 0, 1,
1128,0,4,false,1, 2, 2, 1, 2, 0, 1, 1, 2, 2, 2, 2, 0, 1, 1,
1129,0,4,false,2, 1, 2, 2, 1, 0, 1, 2, 1, 1, 1, 1, 2, 2, 1,
1130,0,4,false,1, 0, 1, 1, 0, 3, 0, 2, 2, 0, 3, 2, 3, 2, 0,
1131,0,3,false,1, 1, 1, 1, 2, 1, 1, 0, 0, 3, 1, 0, 0, 0, 3,
1132,0,3,false,1, 2, 2, 0, 2, 0, 0, 1, 1, 0, 2, 0, 1, 2, 1,
1133,0,3,false,1, 1, 1, 0, 2, 0, 2, 2, 2, 0, 1, 2, 0, 1, 0,
1134,0,3,false,1, 0, 1, 2, 0, 3, 2, 0, 1, 1, 2, 0, 2, 0, 0,
1135,0,3,false,1, 1, 0, 1, 1, 2, 0, 2, 0, 1, 1, 1, 2, 0, 2,
1136,0,4,false,2, 1, 1, 0, 1, 4, 1, 0, 2, 3, 1, 2, 1, 0, 1,
1137,0,4,false,2, 2, 1, 2, 2, 2, 0, 1, 0, 2, 1, 0, 3, 2, 0,
1138,0,3,false,2, 0, 0, 0, 1, 0, 1, 2, 0, 3, 1, 1, 3, 0, 1,
1139,0,3,false,1, 2, 0, 2, 1, 1, 0, 1, 1, 2, 1, 0, 1, 2, 0,
1140,0,4,false,1, 1, 0, 2, 2, 1, 0, 0, 3, 2, 3, 1, 2, 2, 0,
1141,0,4,false,1, 2, 2, 2, 1, 0, 3, 1, 2, 1, 0, 1, 0, 2, 2,
1142,0,3,false,1, 2, 0, 0, 2, 1, 2, 2, 0, 2, 1, 1, 0, 0, 1,
1143,0,3,false,1, 0, 1, 0, 1, 1, 2, 1, 1, 3, 0, 2, 1, 0, 1,
1144,0,3,false,1, 0, 1, 2, 0, 1, 2, 0, 0, 2, 0, 1, 1, 3, 1,
1145,0,3,false,0, 1, 1, 0, 0, 1, 0, 1, 1, 1, 2, 2, 2, 2, 1,
1146,0,3,false,1, 2, 0, 2, 1, 2, 2, 0, 0, 1, 0, 2, 0, 1, 1,
1147,0,3,false,1, 0, 2, 0, 0, 2, 1, 0, 1, 1, 3, 0, 2, 1, 1,
1148,0,4,false,1, 1, 1, 1, 2, 2, 2, 1, 3, 2, 1, 1, 1, 1, 0,
1149,0,3,false,1, 1, 2, 1, 1, 1, 1, 1, 0, 0, 2, 1, 1, 0, 2,
1150,0,3,false,2, 1, 0, 1, 1, 0, 0, 2, 1, 2, 2, 2, 1, 0, 0,
1151,0,3,false,0, 1, 0, 2, 0, 1, 0, 1, 2, 2, 1, 1, 1, 2, 1,
1152,0,3,false,0, 1, 0, 1, 1, 1, 1, 0, 2, 1, 0, 2, 2, 1, 2,
1153,0,3,false,2, 2, 1, 2, 1, 1, 1, 0, 0, 1, 0, 0, 1, 2, 1,
1154,0,3,false,2, 1, 0, 1, 1, 2, 0, 1, 1, 0, 1, 2, 2, 1, 0,
1155,0,3,false,2, 1, 2, 0, 0, 1, 1, 1, 1, 0, 3, 1, 1, 0, 1,
1156,0,3,false,0, 2, 1, 2, 0, 2, 1, 3, 1, 0, 2, 0, 0, 1, 0,
1157,0,3,false,0, 2, 1, 1, 1, 1, 0, 2, 2, 0, 1, 1, 1, 1, 1,
1158,0,2,false,0, 0, 0, 1, 1, 1, 2, 1, 1, 0, 1, 1, 0, 0, 1,
1159,0,3,false,0, 0, 1, 1, 0, 1, 3, 3, 3, 1, 1, 1, 0, 0, 0,
1160,0,2,false,2, 1, 1, 2, 0, 0, 1, 1, 0, 0, 1, 0, 1, 0, 0,
1161,0,2,false,1, 0, 2, 2, 0, 1, 0, 0, 2, 0, 1, 1, 0, 0, 0,
1162,0,3,false,0, 1, 2, 1, 0, 2, 1, 2, 1, 0, 1, 1, 1, 0, 2,
1163,0,2,false,1, 1, 0, 2, 0, 0, 1, 0, 0, 1, 1, 1, 1, 0, 1,
1164,0,2,false,2, 1, 1, 0, 0, 0, 0, 2, 1, 0, 0, 0, 1, 1, 1,
1165,0,2,false,1, 0, 0, 1, 0, 1, 1, 1, 1, 1, 0, 1, 0, 1, 1,
1166,0,3,false,1, 1, 0, 2, 1, 2, 1, 2, 1, 1, 1, 1, 1, 0, 0,
1167,0,2,false,2, 0, 0, 2, 0, 2, 0, 0, 0, 0, 2, 1, 0, 0, 1,
1168,0,1,false,1, 1, 0, 0, 0, 0, 1, 0, 0, 1, 0, 0, 0, 1, 0,
1169,0,2,false,1, 1, 1, 1, 1, 1, 0, 1, 1, 0, 1, 0, 0, 0, 1,
1170,0,2,false,1, 0, 2, 1, 1, 1, 1, 1, 0, 0, 0, 1, 1, 0, 0,
1171,0,2,false,1, 1, 1, 2, 0, 0, 0, 0, 1, 1, 0, 1, 1, 1, 0,
1172,0,2,false,0, 0, 1, 0, 0, 1, 1, 1, 1, 0, 0, 1, 2, 2, 0,
1173,0,2,false,0, 0, 0, 1, 2, 1, 0, 1, 2, 0, 1, 1, 0, 1, 0,
1174,0,2,false,0, 1, 1, 1, 1, 0, 1, 1, 1, 0, 1, 0, 2, 0, 0,
1175,0,2,false,2, 1, 0, 2, 0, 1, 0, 0, 0, 1, 1, 1, 0, 1, 0,
1176,0,3,false,0, 3, 2, 1, 0, 0, 0, 1, 0, 1, 2, 0, 2, 1, 2,
1177,0,2,false,1, 0, 1, 0, 0, 1, 1, 0, 1, 1, 1, 0, 1, 1, 1,
1178,0,2,false,1, 0, 1, 0, 0, 1, 1, 0, 2, 0, 1, 1, 1, 1, 0,
1179,0,2,false,1, 1, 0, 0, 0, 1, 0, 1, 0, 1, 2, 0, 1, 0, 2,
1180,0,1,false,0, 0, 1, 0, 1, 0, 0, 0, 1, 1, 1, 0, 0, 0, 0,
1181,0,2,false,0, 1, 1, 0, 0, 1, 1, 0, 1, 1, 0, 0, 2, 0, 2,
1182,0,2,false,1, 1, 0, 0, 0, 0, 1, 1, 2, 2, 0, 0, 1, 0, 1,
1183,0,1,false,0, 1, 0, 0, 0, 1, 0, 1, 1, 0, 0, 0, 0, 1, 0,
1184,0,2,false,1, 0, 0, 1, 1, 0, 0, 1, 1, 0, 2, 1, 0, 1, 1,
1185,0,2,false,0, 0, 0, 1, 0, 0, 0, 1, 1, 2, 0, 2, 1, 1, 1,
1186,0,2,false,1, 0, 1, 1, 1, 0, 1, 0, 1, 1, 1, 0, 1, 1, 0,
1187,0,1,false,0, 1, 0, 1, 0, 0, 0, 1, 0, 0, 1, 0, 0, 0, 1,
1188,0,2,false,0, 1, 0, 1, 1, 1, 1, 1, 0, 0, 1, 1, 0, 1, 1,
1189,0,1,false,0, 0, 0, 1, 0, 0, 0, 1, 1, 0, 0, 1, 0, 1, 0,
1190,0,1,false,1, 0, 1, 1, 0, 0, 0, 0, 0, 0, 1, 1, 0, 0, 0,
1191,0,1,false,0, 0, 1, 1, 1, 0, 0, 0, 0, 0, 1, 0, 1, 0, 0,
1192,0,2,false,1, 1, 1, 1, 0, 0, 1, 0, 1, 1, 1, 2, 0, 0, 0,
1193,0,1,false,0, 1, 1, 0, 1, 1, 0, 0, 0, 0, 0, 0, 0, 0, 1,
1194,0,1,false,0, 1, 0, 1, 0, 0, 0, 0, 0, 0, 0, 0, 1, 1, 1,
1195,0,1,false,0, 0, 0, 1, 0, 0, 0, 1, 0, 1, 0, 1, 1, 0, 0,
1196,0,1,false,0, 0, 0, 1, 1, 0, 0, 1, 0, 0, 1, 0, 1, 0, 0,
1197,0,1,false,1, 0, 0, 0, 1, 0, 1, 1, 0, 0, 0, 0, 1, 0, 0,
1198,0,1,false,0, 0, 1, 0, 1, 0, 0, 1, 0, 0, 0, 1, 1, 0, 0,
1199,0,2,false,1, 0, 0, 1, 1, 2, 0, 0, 2, 0, 0, 0, 1, 1, 1,
1200,0,1,false,0, 0, 0, 0, 1, 0, 0, 0, 1, 1, 1, 0, 0, 0, 1,
1201,0,1,false,0, 0, 0, 0, 0, 1, 0, 0, 1, 0, 1, 1, 1, 0, 0,
1202,0,1,false,0, 0, 1, 0, 0, 1, 0, 0, 0, 1, 0, 0, 1, 1, 0,
1203,0,1,false,0, 1, 1, 0, 0, 0, 1, 0, 1, 0, 0, 1, 0, 0, 0,
1204,0,2,false,1, 0, 0, 0, 1, 1, 0, 0, 1, 2, 0, 1, 1, 1, 1,
1205,0,1,false,0, 0, 0, 0, 0, 0, 1, 0, 0, 0, 1, 0, 1, 1, 1,
1206,0,1,false,0, 0, 1, 0, 0, 0, 0, 1, 0, 1, 1, 0, 1, 0, 0,
1207,0,1,false,1, 1, 1, 0, 0, 1, 0, 0, 0, 0, 0, 0, 1, 0, 0,
1208,0,1,false,1, 0, 0, 0, 0, 0, 1, 1, 0, 0, 0, 0, 1, 0, 1,
1209,0,1,false,0, 0, 1, 0, 0, 1, 0, 0, 0, 1, 0, 0, 0, 1, 1,
1210,0,0,false,0, 0, 0, 0, 0, 0, 0, 0, 0, 0, 0, 0, 0, 0, 0,
1211,0,0,false,0, 0, 0, 0, 0, 0, 0, 0, 0, 0, 0, 0, 0, 0, 0,
1212,0,1,false,0, 0, 0, 0, 0, 1, 1, 1, 0, 1, 0, 0, 0, 1, 0,
1213,0,0,false,0, 0, 0, 0, 0, 0, 0, 0, 0, 0, 0, 0, 0, 0, 0,
1214,0,0,false,0, 0, 0, 0, 0, 0, 0, 0, 0, 0, 0, 0, 0, 0, 0,
1215,0,1,true,0, 0, 0, 1, 0, 0, 0, 1, 1, 0, 0, 0, 1, 0, 1,
